f_mysql_total_ts_nrows,f_MySQLCost,f_count_all_base_tables,f_count_ref_index_ts,f_BaseTableSumNrows,f_are_all_ts_index_ref,table_count,has_having,has_group_by,has_rollup,has_order_by,has_limit,has_join,has_subquery,has_aggregation,select_list_size,where_condition_count,estimated_rows,IS_OLAP
7326.0,1343.1,4,1,7326.0,0,4,0,1,0,0,1,1,0,1,10,2,7.326,1
3977418.0,729240.5,8,2,3977418.0,0,8,1,1,0,1,0,1,0,1,26,2,3977.418,1
1335.0,226.745299,3,1,1335.0,0,3,0,0,0,1,1,1,0,0,9,0,100.0,0
0.0,3971.0,2,2,469419082.0,1,2,0,0,0,0,1,1,0,0,14,6,200.0,0
438972.4,564470.94,1,1,74183.0,1,1,0,0,0,0,1,0,1,0,10,2,100.0,0
0.0,79.2,4,4,52472785.0,1,4,0,0,0,0,1,1,0,0,5,5,100.0,0
528803655.0,96947337.75,4,1,528803655.0,0,4,1,1,0,1,1,1,0,1,6,3,10.0,1
30256251.0,5547345.05,6,1,30256251.0,0,6,0,1,0,1,0,1,0,1,6,2,30256.251,1
128215629.0,23506208.65,3,0,128215629.0,0,3,0,1,0,1,1,1,0,1,8,6,100.0,1
0.0,53606020.6,1,1,48732746.0,1,1,0,0,0,0,0,0,0,0,20,1,4873274.6,0
0.0,522.6,1,1,70755854.0,1,1,0,0,0,1,1,0,0,0,11,3,100.0,0
1999385.0,366564.316667,1,0,1999385.0,0,1,0,0,0,1,1,0,0,1,1,1,1000.0,1
21272436.0,2836324.8,1,0,21272436.0,0,1,0,0,0,0,0,0,0,0,11,4,2127243.6,1
2615169.0,479457.65,7,2,2615169.0,0,7,0,1,0,1,1,1,0,1,9,1,100.0,1
115359974.0,2549044.666667,2,1,115359974.0,0,2,1,1,0,0,1,1,0,1,2,1,1000.0,1
0.0,16.5,5,5,140940947.0,1,5,0,0,0,0,1,1,0,0,14,3,20.0,0
0.0,271.8,1,1,5986889.0,1,1,0,0,0,1,1,0,0,0,11,2,100.0,0
39703855.0,5293847.333333,1,0,39703855.0,0,1,0,0,0,0,0,0,0,0,9,0,39703855.0,1
0.0,303941.0,1,1,276310.0,1,1,0,1,0,0,0,0,0,1,2,2,276.31,0
3254139.1,711617.043333,1,0,3133398.0,0,2,0,0,0,1,0,1,1,0,13,3,313339.8,1
15551523.0,2914903.75,1,0,15551523.0,0,1,0,1,0,1,1,0,0,1,3,0,100.0,1
0.0,355.5,4,4,31288287.0,1,4,0,0,0,1,1,1,0,0,20,2,100.0,0
4874096.0,893584.266667,1,0,4874096.0,0,1,0,1,0,0,1,0,0,1,5,3,100.0,1
0.0,261.0,4,4,935959988.0,1,4,0,0,0,1,1,1,0,0,16,3,10.0,0
47327.3,52274.53,1,1,1209004.0,1,1,0,0,0,0,1,0,1,0,4,1,10.0,0
35959828.6,29614066.643333,1,0,27588399.0,0,1,0,1,0,0,0,0,1,1,20,3,27588.399,1
0.0,2478.3,3,3,1162429957.0,1,3,0,0,0,0,1,1,0,0,8,6,50.0,0
0.0,118.8,4,4,1323366754.0,1,4,0,0,0,0,1,1,0,0,18,5,200.0,0
0.0,1.1,1,1,58465562.0,1,1,0,0,0,0,1,0,0,0,3,1,1.0,0
8928941.0,1636976.516667,5,0,8928941.0,0,5,0,1,0,1,0,1,0,1,5,4,8928.941,1
327.0,61.65,2,1,327.0,0,2,0,1,0,1,1,1,0,1,5,4,0.327,0
563448561.0,75126474.8,1,0,563448561.0,0,1,0,0,0,0,0,0,0,0,10,3,56344856.1,0
478362.7,526219.87,1,1,73746.0,1,1,0,0,0,0,0,0,1,0,3,1,7374.6,0
0.0,1.1,1,1,2601291.0,1,1,0,0,0,0,1,0,0,0,4,1,1.0,0
329875.0,60858.983333,2,0,329875.0,0,2,0,1,0,1,0,1,0,1,9,7,329.875,1
53518.0,7135.733333,1,0,53518.0,0,1,0,0,0,0,1,0,0,0,16,2,10.0,1
0.0,1.1,1,1,2743412.0,1,1,0,0,0,0,1,0,0,0,5,1,1.0,0
668376298.0,116797425.757082,1,0,668376298.0,0,1,0,0,0,1,0,0,0,0,19,4,66837629.8,1
0.0,1289.2,2,2,592431425.0,1,2,0,1,0,0,1,1,0,1,7,2,50.0,0
0.0,862.4,1,1,784.0,1,1,1,1,0,1,0,0,0,1,11,2,0.784,1
0.0,107800467.5,1,1,98000425.0,1,1,0,0,0,1,1,0,0,0,4,2,100.0,0
19686.9,21657.79,1,1,68815.0,1,1,0,0,0,0,1,0,1,0,8,2,10.0,0
42248185.0,7745500.583333,8,1,42248185.0,0,8,0,1,0,0,1,1,0,1,24,1,10.0,1
10345342.0,2821.2,3,2,10345342.0,0,3,0,0,0,1,1,1,0,0,15,5,1000.0,0
0.0,1.1,1,1,582945.0,1,1,0,0,0,0,0,0,0,1,4,1,58294.5,0
5476051.6,1276076.943333,1,0,5377197.0,0,2,1,1,0,1,1,1,1,1,19,3,100.0,1
65804351.0,12064141.916667,1,0,65804351.0,0,1,0,1,0,1,1,0,0,1,20,0,100.0,1
0.0,75754.8,3,3,22956.0,1,3,0,0,0,1,1,1,0,0,18,5,1000.0,1
0.0,3.6,1,1,662202.0,1,1,0,0,0,1,1,0,0,0,8,4,100.0,0
0.0,14809.3,1,1,13463.0,1,1,0,0,0,0,0,0,0,1,2,2,1346.3,1
53908928.0,9883303.566667,1,0,53908928.0,0,1,0,1,1,1,1,0,0,1,4,0,10.0,1
3016336.0,402184.733333,1,0,3016336.0,0,1,0,0,0,1,1,0,0,0,2,1,10.0,1
0.0,8008004.4,4,4,1820001.0,1,4,0,0,0,1,1,1,0,0,10,1,100.0,0
0.0,79945.8,2,2,36339.0,1,2,0,0,0,0,1,1,0,0,19,4,1.0,0
38481917.0,34908696.866667,1,0,11411279.0,0,1,0,0,0,1,1,0,1,0,19,4,100.0,1
310.0,56.833333,4,2,310.0,0,4,0,1,0,0,1,1,0,1,5,2,0.31,0
0.0,221642458.4,1,1,201493144.0,1,1,0,0,0,0,0,0,0,1,1,3,20149314.4,0
0.0,149407.5,1,1,135825.0,1,1,0,0,0,1,1,0,0,0,7,3,10.0,0
0.0,27.2,3,3,5381269.0,1,3,0,0,0,1,1,1,0,0,20,4,20.0,0
21691747.0,1689757.666667,6,4,21691747.0,0,6,0,1,0,0,0,1,0,1,25,3,21691.747,1
10788703.0,1981867.583333,1,0,10788703.0,0,1,1,1,0,1,0,0,0,1,21,2,10788.703,1
0.0,181.0,1,1,445551.0,1,1,0,0,0,1,1,0,0,0,4,4,50.0,0
4271.0,801.816667,3,0,4271.0,0,3,1,1,0,1,0,1,0,1,12,1,4.271,1
0.0,1339.8,1,1,53366490.0,1,1,0,0,0,0,0,0,0,1,1,1,5336649.0,0
0.0,45.0,4,4,541287595.0,1,4,0,1,0,1,1,1,0,1,10,1,200.0,0
239521953.0,43912368.05,3,1,239521953.0,0,3,0,1,0,1,1,1,0,1,8,4,100.0,1
0.0,3143801185.8,6,6,476333513.0,1,6,1,1,0,1,1,1,0,1,27,5,20.0,1
7238.0,1332.566667,1,0,7238.0,0,1,1,1,1,1,1,0,0,1,7,3,7.238,1
2877506.0,527543.766667,4,1,2877506.0,0,4,1,1,0,1,1,1,0,1,22,5,10.0,1
0.0,650.4,1,1,135760977.0,1,1,0,0,0,1,0,0,0,0,15,1,13576097.7,0
66522609.0,12195812.65,4,2,66522609.0,0,4,1,1,0,1,1,1,0,1,26,2,10.0,1
0.0,2.2,2,2,182927429.0,1,2,0,0,0,0,1,1,0,0,18,1,100.0,0
15664233.0,2871777.25,4,1,15664233.0,0,4,1,1,0,1,0,1,0,1,6,1,15664.233,1
0.0,0.841533,2,2,63511.0,1,2,0,0,0,0,1,1,0,0,13,3,10.0,0
0.0,30212006.0,1,1,27465460.0,1,1,0,1,1,0,0,0,0,1,25,1,27465.46,1
978.0,183.7,2,1,978.0,0,2,1,1,0,1,1,1,0,1,13,1,0.978,0
0.0,137811377.0,5,5,25056614.0,1,5,0,0,0,1,0,1,0,0,18,1,2505661.4,0
9727665.0,1783415.25,4,2,9727665.0,0,4,0,1,0,1,1,1,0,1,15,1,100.0,1
940284.0,172712.6,1,0,940284.0,0,1,1,1,0,1,1,0,0,1,19,2,100.0,1
209073299.0,38330394.816667,3,1,209073299.0,0,3,0,1,0,1,0,1,0,1,26,4,209073.299,1
0.0,1.593338,1,1,143995114.0,1,1,0,0,0,0,0,0,0,0,5,3,14399511.4,0
0.0,1.1,1,1,4833402.0,1,1,0,0,0,0,0,0,0,0,7,2,483340.2,0
1053097.0,566845.983333,1,0,713305.0,0,2,1,1,0,1,1,1,1,1,13,5,100.0,1
0.0,2.3,2,2,4098371.0,1,2,0,0,0,1,1,1,0,0,15,1,100.0,0
102963590.0,10762022.15,6,5,102963590.0,0,6,1,1,0,0,1,1,0,1,20,2,10.0,1
184194.0,24762.0,1,0,184194.0,0,1,0,0,0,1,0,0,0,0,1,1,18419.4,1
0.0,127.2,1,1,93470097.0,1,1,0,0,0,1,1,0,0,0,2,3,10.0,0
9243813.0,1694699.95,5,1,9243813.0,0,5,0,1,0,1,1,1,0,1,10,5,100.0,1
15200510.0,2787085.066667,6,2,15200510.0,0,6,0,1,0,1,0,1,0,1,18,7,15200.51,1
8998.0,0.1632,2,0,8998.0,0,2,0,0,0,0,1,1,0,0,13,2,1.0,0
332854392.0,7373116.15,6,3,332854392.0,0,6,0,1,0,1,1,1,0,1,10,3,10.0,1
0.0,116.6,1,1,192564013.0,1,1,0,0,0,0,0,0,0,1,3,2,19256401.3,0
115332.2,128454.92,1,1,7785383.0,1,1,0,0,0,0,1,0,1,0,10,3,100.0,0
0.0,52.8,3,3,773006.0,1,3,0,0,0,0,0,1,0,0,8,1,77300.6,0
19669796.0,3606129.266667,1,0,19669796.0,0,1,0,1,0,0,1,0,0,1,8,1,100.0,1
1562.0,296.966667,2,1,1562.0,0,2,0,1,0,1,1,1,0,1,7,1,1.562,1
420791.0,77145.016667,1,0,420791.0,0,1,0,1,0,0,1,0,0,1,11,4,100.0,1
5539.7,6142.07,1,1,75365.0,1,1,0,0,0,0,0,0,1,0,7,2,7536.5,0
24004.0,4400.733333,3,1,24004.0,0,3,0,1,0,0,1,1,0,1,11,3,10.0,1
0.0,33.0,5,5,95706779.0,1,5,0,0,0,0,1,1,0,0,15,1,100.0,0
2733237.0,364431.6,1,0,2733237.0,0,1,0,0,0,0,0,0,0,0,40,0,2733237.0,0
13730.0,2525.266667,4,1,13730.0,0,4,1,1,0,1,1,1,0,1,14,0,100.0,1
25261213.0,37256440.1,1,1,8608278.0,1,1,0,1,0,1,1,0,1,1,17,5,100.0,1
1139374.0,212032.033333,1,0,1139374.0,0,1,0,0,0,1,1,0,0,1,16,4,100.0,1
0.0,8.8,2,2,698763116.0,1,2,0,1,0,0,0,1,0,1,12,1,698763.116,0
0.0,7557.0,3,3,2290.0,1,3,0,0,0,1,0,1,0,0,2,2,229.0,0
181843455.0,5978.116667,3,2,181843455.0,0,3,0,1,0,1,1,1,0,1,12,5,10.0,0
0.0,5243972.8,4,4,1191812.0,1,4,0,1,0,1,1,1,0,1,18,5,1000.0,1
0.0,692.3,2,2,459057844.0,1,2,0,1,0,1,1,1,0,1,11,4,10.0,0
10717.0,1971.983333,2,1,10717.0,0,2,1,1,0,1,1,1,0,1,9,4,10.717,1
0.0,4.4,4,4,1169407791.0,1,4,0,1,0,0,1,1,0,1,16,2,10.0,0
1524143.0,279426.616667,1,0,1524143.0,0,1,0,1,0,1,0,0,0,1,17,3,1524.143,1
0.0,5535.2,1,1,51274.0,1,1,0,0,0,0,0,0,0,1,4,2,5127.4,1
8844.0,1622.4,4,3,8844.0,0,4,0,1,0,1,1,1,0,1,11,3,8.844,1
15493017.0,2840386.65,1,0,15493017.0,0,1,0,1,1,1,1,0,0,1,11,0,10.0,1
192248903.0,35245632.216667,8,1,192248903.0,0,8,0,1,0,0,1,1,0,1,26,1,10.0,1
697454.0,127868.666667,1,0,697454.0,0,1,0,1,0,1,1,0,0,1,9,1,697.454,1
7867372.0,1048982.933333,1,0,7867372.0,0,1,0,0,0,0,0,0,0,0,18,0,7867372.0,0
109409841.0,20058806.45,4,2,109409841.0,0,4,0,1,0,1,0,1,0,1,6,8,109409.841,1
200411709.0,26684373.4,6,3,200411709.0,0,6,0,0,0,1,1,1,0,0,24,6,1000.0,1
49987730.0,2.16143,3,2,49987730.0,0,3,0,0,0,1,0,1,0,0,16,1,4998773.0,0
0.0,17863345.5,3,3,5413135.0,1,3,0,0,0,0,1,1,0,0,19,4,10.0,0
0.0,1.150891,2,2,274641.0,1,2,0,0,0,0,1,1,0,0,17,1,1.0,0
527194607.0,96653682.616667,4,1,527194607.0,0,4,1,1,0,1,0,1,0,1,12,7,527194.607,1
28.0,3.733333,1,0,28.0,0,1,0,0,0,0,1,0,0,0,8,1,2.8,0
2306414.0,422906.266667,1,0,2306414.0,0,1,1,1,0,1,1,0,0,1,25,5,10.0,1
0.0,102.0,1,1,57645577.0,1,1,0,0,0,1,0,0,0,0,6,1,5764557.7,0
2851200.0,522720.0,6,1,2851200.0,0,6,0,1,0,0,1,1,0,1,9,3,10.0,1
2414648.0,442698.466667,1,0,2414648.0,0,1,0,0,0,1,1,0,0,1,7,3,100.0,1
34267165.0,3994507.966667,6,3,34267165.0,0,6,0,0,0,0,1,1,0,0,19,4,10.0,1
0.0,1.1,1,1,87831114.0,1,1,0,0,0,0,0,0,0,0,2,1,8783111.4,0
5762.0,1056.366667,4,2,5762.0,0,4,0,1,0,0,1,1,0,1,6,3,5.762,1
0.0,1.1,1,1,6368281.0,1,1,0,0,0,0,0,0,0,0,4,1,636828.1,0
0.0,1322.2,1,1,126098456.0,1,1,0,0,0,0,1,0,0,0,11,1,20.0,0
4572.7,6602.97,1,1,26900992.0,1,1,0,0,0,0,1,0,1,0,7,3,100.0,0
228240895.0,20253.933333,3,2,228240895.0,0,3,1,1,0,0,1,1,0,1,20,4,1000.0,0
61372334.0,8143980.466667,5,3,61372334.0,0,5,0,0,0,1,1,1,0,0,16,7,1000.0,1
54449649.0,9982437.35,1,0,54449649.0,0,1,1,1,0,1,0,0,0,1,20,0,544496.49,1
0.0,388.3,1,1,1371193.0,1,1,0,0,0,0,1,0,0,0,9,2,10.0,0
35338673.0,6478756.716667,1,0,35338673.0,0,1,0,1,0,0,0,0,0,1,21,1,35338.673,1
19744903.0,455.633333,2,1,19744903.0,0,2,0,0,0,1,1,1,0,0,20,5,100.0,0
0.0,1.2,1,1,95318.0,1,1,0,0,0,1,1,0,0,0,13,1,10.0,0
0.0,1.1,1,1,931722.0,1,1,0,0,0,0,1,0,0,0,12,1,1.0,0
201383.0,26851.066667,1,0,201383.0,0,1,0,0,0,0,1,0,0,0,9,2,1000.0,1
2474355.0,453631.75,1,0,2474355.0,0,1,1,1,0,0,0,0,0,1,17,5,2474.355,1
0.0,112.2,3,3,400454569.0,1,3,0,0,0,0,1,1,0,0,14,3,50.0,0
49969856.0,15750483.366667,1,0,41708187.0,0,2,1,0,0,0,0,1,1,0,6,0,41708187.0,1
0.0,166.5,4,4,138119427.0,1,4,0,0,0,1,1,1,0,0,18,5,100.0,0
67677140.0,125857.266667,4,3,67677140.0,0,4,0,0,0,1,0,1,0,0,14,7,6767714.0,1
0.0,4760.3,1,1,182075.0,1,1,0,0,0,1,1,0,0,0,3,3,50.0,1
0.0,1.1,1,1,4849.0,1,1,0,0,0,0,1,0,0,0,9,1,1.0,0
0.0,1.1,1,1,40545615.0,1,1,0,0,0,0,0,0,0,0,2,2,4054561.5,0
18949329.0,3474053.65,7,2,18949329.0,0,7,1,1,0,1,1,1,0,1,24,5,100.0,1
63273.0,0.800125,1,0,63273.0,0,1,0,0,0,0,1,0,0,0,12,1,1.0,0
0.0,2.2,1,1,33375.0,1,1,0,1,0,0,0,0,0,1,3,3,33.375,0
0.0,1.1,1,1,335041.0,1,1,0,0,0,0,1,0,0,0,5,1,1.0,0
0.0,130726718.1,3,3,39614157.0,1,3,0,0,0,0,0,1,0,0,1,4,3961415.7,0
136766.3,152560.43,1,1,379890.0,1,1,0,0,0,0,1,0,1,0,6,3,100.0,1
7422197.0,989626.266667,1,0,7422197.0,0,1,0,0,0,0,0,0,0,0,26,1,742219.7,0
3865497.0,708676.55,1,0,3865497.0,0,1,0,1,0,1,0,0,0,1,21,2,3865.497,1
395669.0,72539.316667,1,0,395669.0,0,1,0,0,0,0,1,0,0,1,13,1,1000.0,1
994682.0,182358.366667,1,0,994682.0,0,1,0,1,0,0,1,0,0,1,19,4,994.682,1
425291440.0,77970098.333333,3,1,425291440.0,0,3,1,1,0,1,1,1,0,1,26,1,10.0,1
0.0,2.4,1,1,3025783.0,1,1,0,0,0,1,1,0,0,0,10,3,100.0,0
0.0,1.1,1,1,27910.0,1,1,0,0,0,0,0,0,0,1,1,2,2791.0,0
0.0,1.1,1,1,11436.0,1,1,0,0,0,0,1,0,0,0,1,2,1.0,0
0.0,38.5,5,5,184329706.0,1,5,0,0,0,0,1,1,0,0,19,3,20.0,0
242.6,420.86,1,1,4737782.0,1,1,0,0,0,0,0,0,1,0,9,3,473778.2,0
6394.5,8059.15,1,1,322704.0,1,1,0,0,0,0,0,0,1,0,8,2,32270.4,0
2347.3,3314.63,1,1,13213.0,1,1,0,0,0,0,0,0,1,0,9,2,1321.3,1
37034967.0,6792610.15,5,0,37034967.0,0,5,0,1,0,1,1,1,0,1,3,6,10.0,1
80177635.0,8306.833333,3,2,80177635.0,0,3,0,1,0,0,0,1,0,1,3,6,80177.635,0
5846.1,6431.81,1,1,11173.0,1,1,0,0,0,0,1,0,1,0,3,3,10.0,0
0.0,26.4,4,4,2264606584.0,1,4,0,0,0,0,0,1,0,0,5,5,226460658.4,0
209276588.0,9779677.883333,5,3,209276588.0,0,5,1,1,0,1,1,1,0,1,19,4,100.0,1
6111214.0,1120389.233333,1,0,6111214.0,0,1,1,1,1,0,1,0,0,1,16,0,10.0,1
526148.0,96462.066667,1,0,526148.0,0,1,0,1,0,1,0,0,0,1,8,0,5261.48,1
0.0,1.1,1,1,219577.0,1,1,0,0,0,0,1,0,0,0,2,1,1.0,0
6395586.0,666137.633333,6,2,6395586.0,0,6,0,0,0,1,1,1,0,0,14,1,10.0,1
67275972.0,12333929.2,4,1,67275972.0,0,4,0,1,0,1,1,1,0,1,29,2,10.0,1
0.0,1.1,1,1,67499.0,1,1,0,0,0,0,1,0,0,0,6,1,1.0,0
10967.0,12136.3,1,1,308168.0,1,1,0,0,0,0,0,0,1,0,3,2,30816.8,0
12809.0,2348.516667,3,1,12809.0,0,3,0,1,0,1,1,1,0,1,15,0,10.0,1
0.0,6.0,1,1,258927.0,1,1,0,0,0,1,1,0,0,0,14,1,50.0,0
0.0,4.4,1,1,165163845.0,1,1,0,0,0,0,1,0,0,0,5,1,10.0,0
0.0,4955.6,1,1,7730575.0,1,1,0,0,0,1,1,0,0,0,4,2,100.0,1
0.0,1684.7,1,1,1720621.0,1,1,0,0,0,1,1,0,0,0,9,4,50.0,1
0.0,1.1,1,1,139155967.0,1,1,0,0,0,0,0,0,0,0,10,1,13915596.7,0
0.0,1.1,1,1,2536.0,1,1,0,0,0,0,0,0,0,0,6,1,253.6,0
84617315.0,15513176.416667,4,3,84617315.0,0,4,0,1,0,1,1,1,0,1,27,3,20.0,1
0.0,19283.0,2,2,8765.0,1,2,0,1,0,1,1,1,0,1,3,1,8.765,1
66865.0,12258.583333,1,0,66865.0,0,1,0,0,0,0,1,0,0,1,20,5,100.0,1
3896.0,718.566667,3,0,3896.0,0,3,0,1,0,1,1,1,0,1,14,3,3.896,1
116081983.0,21281698.883333,8,5,116081983.0,0,8,0,1,0,1,1,1,0,1,14,8,20.0,1
11226755.0,2058238.416667,6,4,11226755.0,0,6,1,1,0,0,1,1,0,1,22,3,20.0,1
0.0,349.8,3,3,22754422.0,1,3,0,0,0,0,1,1,0,0,15,5,20.0,0
2285583.0,419033.55,3,0,2285583.0,0,3,0,1,0,1,1,1,0,1,28,5,100.0,1
0.0,125.8,3,3,1844492851.0,1,3,0,0,0,1,0,1,0,0,11,6,184449285.1,0
998481.0,57014.166667,5,2,998481.0,0,5,0,1,0,1,1,1,0,1,15,4,100.0,1
33718883.0,4495851.066667,1,0,33718883.0,0,1,0,0,0,0,0,0,0,0,22,0,33718883.0,1
0.0,2.495536,1,1,792777.0,1,1,0,0,0,0,1,0,0,0,16,1,10.0,0
0.0,55968.0,4,4,12720.0,1,4,1,1,0,1,0,1,0,1,4,3,12.72,1
135442807.0,771127.633333,4,3,135442807.0,0,4,0,0,0,0,1,1,0,0,20,2,100.0,1
0.0,71.5,5,5,1895409.0,1,5,0,0,0,0,1,1,0,0,8,4,20.0,0
0.0,6973996.7,1,1,6339997.0,1,1,0,0,0,0,1,0,0,0,7,1,1.0,0
6706.0,1.185904,1,0,6706.0,0,1,0,0,0,1,0,0,0,0,7,1,670.6,0
0.0,280.5,3,3,807456500.0,1,3,0,1,0,0,1,1,0,1,9,5,50.0,0
0.0,556.6,2,2,30327.0,1,2,0,0,0,0,1,1,0,0,4,5,20.0,0
1701185.0,436967.116667,1,0,1587473.0,0,1,0,1,0,0,0,0,1,1,18,1,1587.473,1
10194267.0,1359235.6,1,0,10194267.0,0,1,0,0,0,0,0,0,0,0,38,3,1019426.7,1
8759507.0,1.638746,2,0,8759507.0,0,2,0,0,0,0,0,1,0,0,7,1,875950.7,0
0.0,0.319799,3,3,3492132.0,1,3,0,0,0,0,0,1,0,0,12,4,349213.2,0
50704832.0,947.4,5,4,50704832.0,0,5,0,0,0,1,1,1,0,0,4,4,100.0,0
0.0,1.1,1,1,89677819.0,1,1,0,0,0,0,1,0,0,0,6,1,200.0,0
0.0,195.8,1,1,784011.0,1,1,0,0,0,0,1,0,0,0,7,4,20.0,0
470305022.0,86222588.366667,8,4,470305022.0,0,8,0,1,0,1,1,1,0,1,24,5,10.0,1
113377883.0,20785945.216667,3,1,113377883.0,0,3,1,1,0,0,1,1,0,1,26,4,10.0,1
0.0,2.4,1,1,12895.0,1,1,0,0,0,1,1,0,0,0,6,2,100.0,0
0.0,16688.1,1,1,15171.0,1,1,0,0,0,0,1,0,0,0,2,1,20.0,1
0.0,23.8,3,3,7188177.0,1,3,0,0,0,1,0,1,0,0,17,3,718817.7,0
0.0,1.1,1,1,5244604.0,1,1,0,0,0,0,1,0,0,0,2,1,1.0,0
267431383.0,35657517.733333,1,0,267431383.0,0,1,0,0,0,0,0,0,0,0,35,3,26743138.3,1
4740419.0,869078.816667,8,2,4740419.0,0,8,0,1,0,1,1,1,0,1,10,4,20.0,1
74295440.1,27970167.41,1,0,69077507.0,0,1,1,1,0,1,1,0,1,1,6,1,100.0,1
0.0,336824523.2,1,1,306204112.0,1,1,0,0,0,0,0,0,0,0,5,2,30620411.2,0
201405335.0,36924321.416667,3,1,201405335.0,0,3,0,1,0,1,1,1,0,1,26,7,100.0,1
1114398.0,204306.3,1,0,1114398.0,0,1,0,1,0,0,1,0,0,1,3,4,100.0,1
6235023.0,831336.4,1,0,6235023.0,0,1,0,0,0,0,0,0,0,0,30,2,623502.3,1
0.0,204329.4,1,1,185754.0,1,1,0,1,0,1,1,0,0,1,11,2,185.754,1
0.0,1.1,1,1,76531568.0,1,1,0,0,0,0,1,0,0,0,9,1,1.0,0
126768515.3,25554827.796667,1,0,125927085.0,0,2,0,1,0,0,1,1,1,1,8,5,100.0,1
0.0,95.7,3,3,29.0,1,3,0,1,0,0,0,1,0,1,8,1,0.029,0
76342.9,84473.29,1,1,18572093.0,1,1,0,0,0,0,1,0,1,0,10,1,100.0,0
0.0,559.8,1,1,49433.0,1,1,0,0,0,1,1,0,0,0,9,3,10.0,0
0.0,1.1,1,1,2632.0,1,1,0,0,0,0,1,0,0,0,6,2,1.0,0
0.0,71.4,3,3,1850071196.0,1,3,0,0,0,1,1,1,0,0,2,1,200.0,0
17224192.0,1079210.066667,5,2,17224192.0,0,5,0,0,0,0,1,1,0,0,20,3,100.0,1
6272120.0,1149888.666667,1,0,6272120.0,0,1,0,1,0,0,1,0,0,1,19,4,10.0,1
19974973.0,3662078.383333,1,0,19974973.0,0,1,0,0,0,0,1,0,0,1,5,5,10.0,1
215719.3,237296.73,1,1,117605.0,1,1,0,0,0,0,1,0,1,0,5,1,10.0,0
6257514.0,6955978.7,1,0,976816.0,0,1,1,1,0,0,1,0,1,1,4,3,100.0,1
0.0,219209001.0,1,1,199280910.0,1,1,0,0,0,0,0,0,0,1,2,2,19928091.0,0
183355219.0,24447362.533333,1,0,183355219.0,0,1,0,0,0,0,0,0,0,0,8,2,18335521.9,0
0.0,342223329.8,2,2,155556059.0,1,2,0,0,0,1,0,1,0,0,24,2,15555605.9,1
0.0,22268934.6,1,1,20244486.0,1,1,0,0,0,1,0,0,0,0,11,4,2024448.6,1
2901.7,131664.17,1,1,116793.0,1,1,0,0,0,0,1,0,1,0,9,3,100.0,0
0.0,612.883333,1,1,3343.0,1,1,1,1,0,0,1,0,0,1,7,4,3.343,1
43731627.0,8017464.95,3,2,43731627.0,0,3,1,1,0,0,1,1,0,1,16,7,10.0,1
0.0,220523054.4,1,1,200475504.0,1,1,0,1,0,1,1,0,0,1,5,2,100.0,1
0.0,12.266667,1,1,62.0,1,1,0,1,0,1,0,0,0,1,4,3,0.062,0
765.0,102.0,3,1,765.0,0,3,0,0,0,0,0,1,0,0,4,0,765.0,0
26406695.0,1664179.55,5,3,26406695.0,0,5,1,1,0,0,0,1,0,1,14,2,26406.695,1
0.0,12.0,1,1,3546183.0,1,1,0,0,0,1,1,0,0,0,6,4,10.0,0
115668531.0,21205907.35,4,0,115668531.0,0,4,1,1,0,1,1,1,0,1,13,2,100.0,1
2214132.0,281974.533333,3,2,2214132.0,0,3,0,0,0,0,1,1,0,0,16,7,10.0,1
8233880.0,1509544.666667,1,0,8233880.0,0,1,1,1,1,0,1,0,0,1,5,1,10.0,1
0.0,2.4,1,1,214075140.0,1,1,0,0,0,1,1,0,0,0,13,2,200.0,0
0.0,3.3,3,3,38851254.0,1,3,0,0,0,0,1,1,0,0,11,4,20.0,0
326523429.0,59862628.65,1,0,326523429.0,0,1,1,1,1,0,1,0,0,1,17,0,10.0,1
57420956.0,21525135.666667,1,0,47422813.0,0,2,0,1,0,1,0,1,1,1,20,3,47422.813,1
6495031.0,1190755.683333,1,0,6495031.0,0,1,0,0,0,0,1,0,0,1,9,4,1000.0,1
0.0,31566154.4,8,8,3587063.0,1,8,0,1,0,1,1,1,0,1,14,8,10.0,1
0.0,1.1,1,1,54527.0,1,1,0,0,0,0,1,0,0,0,1,2,1.0,0
0.0,75405.0,3,3,22850.0,1,3,0,1,0,0,1,1,0,1,13,3,10.0,1
0.0,20790511.5,5,5,3780093.0,1,5,0,1,0,1,0,1,0,1,23,5,3780.093,1
437922.0,62611.816667,3,2,437922.0,0,3,0,1,0,0,1,1,0,1,7,3,437.922,1
10915.0,2001.783333,4,1,10915.0,0,4,0,1,0,1,0,1,0,1,14,4,10.915,1
203438592.0,35681649.983333,6,3,203438592.0,0,6,1,1,0,1,1,1,0,1,6,5,100.0,1
0.0,2811.6,2,2,1278.0,1,2,0,1,0,1,1,1,0,1,3,3,1.278,0
0.0,30192.8,2,2,13724.0,1,2,0,1,1,1,1,1,0,1,3,2,13.724,1
7279217.0,1054771.69808,1,0,7279217.0,0,1,0,0,0,1,0,0,0,0,39,3,727921.7,1
1317.0,241.45,3,1,1317.0,0,3,0,1,0,0,0,1,0,1,3,0,13.17,0
0.0,1.1,1,1,16865595.0,1,1,0,0,0,0,0,0,0,0,12,2,1686559.5,0
5071632.0,676217.6,1,0,5071632.0,0,1,0,0,0,0,1,0,0,0,17,5,100.0,1
0.0,665298331.5,5,5,120963333.0,1,5,0,0,0,1,1,1,0,0,10,1,20.0,0
594159.0,108929.15,1,0,594159.0,0,1,0,1,0,0,0,0,0,1,18,0,5941.59,1
20761260.0,3806248.3,1,0,20761260.0,0,1,0,1,0,1,0,0,0,1,21,5,20761.26,1
434.0,57.866667,4,1,434.0,0,4,0,0,0,0,0,1,0,0,7,3,43.4,0
2626804.0,392730.569627,1,0,2626804.0,0,1,0,0,0,1,0,0,0,0,35,3,262680.4,1
269958339.0,49492362.15,6,3,269958339.0,0,6,0,1,0,0,1,1,0,1,15,3,100.0,1
41865044.0,7675258.066667,1,0,41865044.0,0,1,1,1,0,0,0,0,0,1,7,0,418650.44,1
0.0,9786592.2,3,3,2965634.0,1,3,0,0,0,0,1,1,0,0,15,2,20.0,0
2614591.0,347157.266667,3,2,2614591.0,0,3,0,0,0,0,1,1,0,0,8,2,10.0,1
0.0,3427.5,1,1,30140.0,1,1,0,0,0,1,1,0,0,0,13,4,10.0,1
174632867.0,7817.0,6,5,174632867.0,0,6,0,1,0,1,1,1,0,1,12,1,1000.0,0
13791.0,2528.35,1,0,13791.0,0,1,1,1,0,0,0,0,0,1,4,1,13.791,1
0.0,66.0,1,1,1001177.0,1,1,0,0,0,0,0,0,0,1,3,3,100117.7,0
253918267.0,1054.533333,3,2,253918267.0,0,3,0,1,0,0,1,1,0,1,18,2,1000.0,0
0.0,302.5,1,1,172956181.0,1,1,0,0,0,0,1,0,0,0,2,4,50.0,0
0.0,98.6,3,3,951914189.0,1,3,0,0,0,1,1,1,0,0,12,5,50.0,0
0.0,267.3,1,1,243.0,1,1,0,1,0,1,1,0,0,1,3,1,0.243,0
14915551.0,2743246.583333,1,0,14915551.0,0,1,0,1,0,1,0,0,0,1,16,1,14915.551,1
1974083.0,1672030.216667,1,0,783605.0,0,2,1,1,0,1,1,1,1,1,14,3,100.0,1
1099470.0,201695.3,1,0,1099470.0,0,1,1,1,0,1,1,0,0,1,23,0,100.0,1
97351216.0,527302.933333,2,1,97351216.0,0,2,0,0,0,1,1,1,0,0,18,3,10.0,1
0.0,4650.2,2,2,545580084.0,1,2,0,0,0,1,1,1,0,0,5,6,50.0,0
0.0,12087.9,3,3,3663.0,1,3,1,1,0,1,1,1,0,1,6,4,3.663,1
0.0,1.1,1,1,115558.0,1,1,0,0,0,0,1,0,0,0,10,2,1.0,0
0.0,26.4,1,1,855477.0,1,1,0,0,0,0,0,0,0,0,8,4,85547.7,0
0.0,7439348.4,1,1,6763044.0,1,1,0,0,0,1,1,0,0,0,6,2,50.0,0
0.0,25.1,1,1,90711258.0,1,1,0,0,0,1,1,0,0,0,15,1,20.0,0
17849494.0,3272417.233333,8,2,17849494.0,0,8,0,1,0,1,1,1,0,1,29,2,100.0,1
0.0,594.0,4,4,8982668.0,1,4,0,0,0,1,0,1,0,0,9,1,898266.8,0
0.0,11.0,1,1,14336.0,1,1,0,0,0,0,0,0,0,1,4,2,1433.6,0
0.0,27.6,2,2,1035449073.0,1,2,0,0,0,1,1,1,0,0,4,2,50.0,0
85979744.0,15762953.066667,1,0,85979744.0,0,1,1,1,0,0,1,0,0,1,25,1,100.0,1
0.0,500188.7,1,1,454717.0,1,1,0,1,0,0,1,0,0,1,20,2,10.0,1
0.0,165.6,2,2,798963742.0,1,2,0,0,0,1,1,1,0,0,3,3,200.0,0
1378894.0,252798.833333,1,0,1378894.0,0,1,1,1,0,1,0,0,0,1,5,5,1378.894,1
92871400.0,12382853.333333,1,0,92871400.0,0,1,0,0,0,0,0,0,0,0,31,1,9287140.0,0
2060.0,313.18127,3,1,2060.0,0,3,0,0,0,1,1,1,0,0,6,3,100.0,0
7355406.6,4245554.61,1,0,6301929.0,0,2,0,1,0,0,0,1,1,1,12,2,6301.929,1
0.0,4.4,1,1,16148918.0,1,1,0,0,0,0,1,0,0,0,14,4,100.0,0
0.0,4161.8,2,2,840123699.0,1,2,0,0,0,1,0,1,0,0,5,3,84012369.9,0
32830937.0,6019007.216667,1,0,32830937.0,0,1,0,1,0,1,0,0,0,1,13,5,32830.937,1
17899.0,3283.483333,3,2,17899.0,0,3,0,1,0,1,0,1,0,1,5,3,17.899,1
9812339.0,1308381.066667,1,0,9812339.0,0,1,0,0,0,1,1,0,0,0,6,1,1000.0,1
118184612.0,20312659.95,5,3,118184612.0,0,5,1,1,0,0,0,1,0,1,20,4,118184.612,1
174640136.0,32017368.266667,7,2,174640136.0,0,7,1,1,0,1,1,1,0,1,22,4,100.0,1
89378004.0,16385971.6,3,1,89378004.0,0,3,1,1,0,1,1,1,0,1,10,8,100.0,1
722591.0,132593.016667,1,0,722591.0,0,1,0,1,0,1,0,0,0,1,9,1,722.591,1
0.0,1.1,1,1,3636503.0,1,1,0,0,0,0,0,0,0,0,7,1,363650.3,0
0.0,4164.0,4,4,737380462.0,1,4,1,0,0,1,1,1,0,0,3,1,50.0,0
249872154.0,274859369.4,1,0,249872154.0,0,1,1,1,0,1,0,0,0,1,14,0,2498721.54,1
7234502.0,5190.933333,3,2,7234502.0,0,3,0,0,0,1,1,1,0,0,15,6,100.0,0
0.0,1.1,1,1,18539.0,1,1,0,0,0,0,1,0,0,0,2,1,1.0,0
0.0,99.0,3,3,331491159.0,1,3,0,0,0,0,1,1,0,0,9,4,20.0,0
0.0,1863.6,1,1,426286.0,1,1,0,0,0,1,0,0,0,0,7,2,42628.6,1
81414.0,0.893898,1,0,81414.0,0,1,0,0,0,0,1,0,0,0,13,1,10.0,0
2966.0,500.403503,3,1,2966.0,0,3,0,0,0,1,0,1,0,0,12,1,296.6,1
0.0,14896.2,1,1,13542.0,1,1,0,0,0,0,0,0,0,1,3,1,1354.2,1
0.0,323561.7,1,1,294147.0,1,1,0,0,0,0,0,0,0,0,6,1,29414.7,0
1500896.5,330077.733333,1,0,1480928.0,0,2,0,1,0,0,1,1,1,1,16,0,100.0,1
0.0,33.6,1,1,38925671.0,1,1,0,0,0,1,1,0,0,0,15,4,100.0,0
0.0,4228.4,2,2,258043418.0,1,2,0,0,0,0,1,1,0,0,12,3,50.0,0
0.0,2.39823,1,1,106975421.0,1,1,0,0,0,0,1,0,0,0,10,3,10.0,0
0.0,836.9,1,1,363070.0,1,1,0,0,0,1,1,0,0,0,2,2,20.0,0
0.0,994.4,4,4,31892536.0,1,4,0,0,0,0,1,1,0,0,18,2,100.0,0
586094.0,48285.133333,2,1,586094.0,0,2,0,0,0,1,1,1,0,0,7,1,10.0,1
162323060.0,21643074.666667,1,0,162323060.0,0,1,0,0,0,0,0,0,0,0,27,3,16232306.0,1
0.0,2.2,1,1,552699.0,1,1,0,0,0,0,0,0,0,1,1,1,55269.9,0
0.0,871.2,2,2,396.0,1,2,0,0,0,1,1,1,0,0,2,3,10.0,0
9025060.0,1571220.819869,1,0,9025060.0,0,1,0,0,0,1,0,0,0,0,29,1,902506.0,1
21250.0,11547.066667,3,1,21250.0,0,3,0,1,0,0,1,1,0,1,15,6,21.25,1
0.0,1.757971,2,2,18289.0,1,2,0,0,0,1,0,1,0,0,1,4,1828.9,0
307023.9,339437.89,1,1,4674290.0,1,1,0,0,0,0,1,0,1,0,7,1,10.0,0
152191036.0,28897027.533333,1,0,151286186.0,0,1,0,1,0,1,0,0,1,1,14,3,151286.186,1
114.0,23.508682,2,1,114.0,0,2,0,0,0,1,1,1,0,0,2,3,10.0,0
0.0,50507326.1,1,1,45915751.0,1,1,0,0,0,0,0,0,0,1,1,1,4591575.1,1
54403.0,9973.883333,1,0,54403.0,0,1,0,0,0,0,0,0,0,1,19,5,5440.3,1
0.0,1.1,1,1,10426.0,1,1,0,0,0,0,1,0,0,0,6,1,1.0,0
92504869.0,16959225.983333,4,0,92504869.0,0,4,0,1,0,0,0,1,0,1,29,6,92504.869,1
113261993.0,4600.233333,4,1,113261993.0,0,4,0,0,0,0,1,1,0,0,17,3,100.0,0
0.0,4166.616667,4,4,22727.0,1,4,0,1,0,0,1,1,0,1,4,0,10.0,1
0.0,29.7,1,1,236105.0,1,1,0,0,0,0,0,0,0,1,1,3,23610.5,0
20147913.0,3693788.55,1,0,20147913.0,0,1,0,1,0,1,0,0,0,1,8,2,20147.913,1
0.0,128.8,2,2,313623341.0,1,2,0,0,0,1,1,1,0,0,16,1,200.0,0
69881.0,0.345809,1,0,69881.0,0,1,0,0,0,0,1,0,0,0,19,1,10.0,0
29655.0,5436.85,4,2,29655.0,0,4,0,1,1,1,0,1,0,1,14,4,29.655,1
0.0,275499.4,1,1,250454.0,1,1,0,1,0,1,1,0,0,1,9,1,250.454,1
0.0,1.450757,2,2,1897635.0,1,2,0,0,0,0,1,1,0,0,16,3,1.0,0
0.0,1147.7,2,2,1013271903.0,1,2,0,0,0,1,1,1,0,0,9,1,50.0,0
6118370.0,1122139.566667,3,1,6118370.0,0,3,1,1,0,1,0,1,0,1,5,6,6118.37,1
46814422.0,10113977.133333,1,0,45422301.0,0,1,0,1,0,0,1,0,1,1,13,4,100.0,1
579.0,87.291777,3,1,579.0,0,3,0,0,0,1,1,1,0,0,6,3,57.9,0
0.0,46.0,2,2,1854035.0,1,2,0,0,0,1,1,1,0,0,9,1,20.0,0
126465.8,139175.08,1,1,12366.0,1,1,0,0,0,0,1,0,1,0,10,2,100.0,0
0.0,1.92637,2,2,9.0,1,2,0,0,0,1,0,1,0,0,11,0,9.0,0
45643221.0,8367923.85,1,0,45643221.0,0,1,0,1,0,0,1,0,0,1,12,1,100.0,1
0.0,2898143113.8,3,3,878225186.0,1,3,0,0,0,1,1,1,0,0,2,3,10.0,0
0.0,53819.7,1,1,48927.0,1,1,0,0,0,1,0,0,0,0,3,2,4892.7,1
334184.0,9136.2,3,2,334184.0,0,3,0,0,0,1,1,1,0,0,25,5,1000.0,1
23473719.0,0.625383,2,1,23473719.0,0,2,0,0,0,0,0,1,0,0,12,4,2347371.9,0
0.0,1.1,1,1,1057.0,1,1,0,0,0,0,1,0,0,0,5,1,1.0,0
3803399.0,697290.916667,5,2,3803399.0,0,5,1,1,0,1,0,1,0,1,7,8,3803.399,1
104269.0,19115.983333,1,0,104269.0,0,1,0,0,0,0,1,0,0,1,20,5,1000.0,1
13488458.0,2483301.966667,6,3,13488458.0,0,6,1,1,0,1,0,1,0,1,27,7,13488.458,1
11545136.6,2153311.126667,1,0,11532722.0,0,2,0,1,0,1,0,1,1,1,3,5,11532.722,1
79014143.0,14496895.816667,5,0,79014143.0,0,5,0,1,0,1,0,1,0,1,14,1,79014.143,1
212986839.0,39047587.65,4,1,212986839.0,0,4,1,1,0,1,1,1,0,1,6,8,20.0,1
0.0,74.7,1,1,2728415.0,1,1,0,0,0,1,1,0,0,0,7,1,10.0,0
0.0,4.4,1,1,167372.0,1,1,0,0,0,0,1,0,0,0,4,1,20.0,0
0.0,1085672.5,1,1,986975.0,1,1,0,0,0,0,0,0,0,0,9,1,98697.5,0
0.0,8380.9,1,1,154364369.0,1,1,0,0,0,0,0,0,0,1,4,2,15436436.9,0
35898.0,6586.8,4,3,35898.0,0,4,1,1,0,1,1,1,0,1,8,3,35.898,1
173731663.0,1187.666667,4,3,173731663.0,0,4,0,0,0,1,0,1,0,0,9,3,17373166.3,0
1134285.0,2.015912,1,0,1134285.0,0,1,0,0,0,1,1,0,0,0,4,3,10.0,0
0.0,5695.2,4,4,760400023.0,1,4,0,0,0,1,1,1,0,0,17,6,50.0,0
7224428.0,7946870.8,1,0,7224428.0,0,1,1,1,0,0,1,0,0,1,20,0,100.0,1
0.0,23.1,1,1,3765733.0,1,1,0,0,0,0,1,0,0,0,11,4,50.0,0
0.0,16.5,1,1,32212522.0,1,1,0,0,0,0,1,0,0,0,11,2,10.0,0
10054935.0,1340658.0,1,0,10054935.0,0,1,0,0,0,0,0,0,0,0,35,4,1005493.5,0
269468021.7,49910018.77,1,0,269286283.0,0,1,1,1,0,1,1,0,1,1,7,5,100.0,1
864.1,1316.81,1,1,46627.0,1,1,0,0,0,0,1,0,1,0,6,1,10.0,0
3829828.0,702135.133333,1,0,3829828.0,0,1,0,1,0,0,1,0,0,1,3,3,100.0,1
1716261.0,228861.8,1,0,1716261.0,0,1,0,0,0,1,0,0,0,0,7,4,171626.1,1
23899027.0,4381488.583333,1,0,23899027.0,0,1,1,1,0,1,1,0,0,1,6,0,100.0,1
108344598.0,19863176.3,1,0,108344598.0,0,1,0,1,0,0,1,0,0,1,19,3,10.0,1
691471768.0,126769824.133333,1,0,691471768.0,0,1,0,1,1,0,1,0,0,1,25,5,10.0,1
0.0,715.9,1,1,41490363.0,1,1,0,0,0,1,1,0,0,0,12,2,20.0,0
183471.0,33681.65,1,0,183471.0,0,1,0,1,0,1,0,0,0,1,20,3,183.471,1
0.0,0.384168,2,2,204839782.0,1,2,0,0,0,1,0,1,0,0,3,3,20483978.2,0
282243050.2,51949358.153333,1,0,282168806.0,0,2,0,1,0,1,0,1,1,1,3,1,282168.806,1
0.0,38.3,1,1,320130.0,1,1,0,0,0,1,1,0,0,0,8,3,20.0,0
14142863.0,2592858.716667,1,0,14142863.0,0,1,0,1,0,1,0,0,0,1,14,1,14142.863,1
74241762.0,8842268.7,5,3,74241762.0,0,5,0,0,0,1,0,1,0,0,23,1,7424176.2,1
0.0,2.00668,1,1,20893544.0,1,1,0,0,0,1,1,0,0,0,16,4,1.0,0
0.0,503694.4,1,1,457904.0,1,1,0,0,0,1,1,0,0,0,6,4,1000.0,1
1750226.0,323487.066667,1,0,1750226.0,0,1,0,1,0,1,1,0,0,1,15,1,10.0,1
139673665.0,18623155.333333,1,0,139673665.0,0,1,0,0,0,0,0,0,0,0,30,2,13967366.5,0
3347129.6,3697225.326667,1,0,2225826.0,0,1,1,1,0,0,0,0,1,1,17,3,2225.826,1
0.0,1.1,1,1,102524.0,1,1,0,0,0,0,0,0,0,0,12,1,10252.4,0
62377688.0,13961808.666667,1,0,60081416.0,0,1,0,1,0,0,1,0,1,1,11,1,100.0,1
134265264.0,24615309.5,1,0,134265264.0,0,1,1,1,0,1,1,0,0,1,11,0,10.0,1
0.0,759746671.2,6,6,115113132.0,1,6,0,1,0,1,1,1,0,1,25,4,100.0,1
42096152.4,25191339.04,1,0,35742292.0,0,2,0,1,0,1,0,1,1,1,14,3,35742.292,1
2329842.0,0.26659,1,0,2329842.0,0,1,0,0,0,0,1,0,0,0,2,2,1.0,0
420738804.0,77135448.3,1,0,420738804.0,0,1,0,1,0,1,1,0,0,1,19,0,10.0,1
2891573.0,1.752994,3,2,2891573.0,0,3,0,0,0,0,1,1,0,0,9,2,10.0,0
0.0,682.0,5,5,32425235.0,1,5,0,0,0,0,1,1,0,0,5,1,100.0,0
0.0,32.55,1,1,177.0,1,1,0,1,1,1,1,0,0,1,15,3,0.177,0
5623487.0,255658.133333,3,2,5623487.0,0,3,0,0,0,0,1,1,0,0,16,7,100.0,1
0.0,1.660895,1,1,285559590.0,1,1,0,0,0,0,1,0,0,0,7,1,1.0,0
0.0,321.2,4,4,1394799879.0,1,4,0,1,0,0,1,1,0,1,3,3,200.0,0
0.0,13976747.4,1,1,12706134.0,1,1,0,0,0,0,0,0,0,1,4,1,1270613.4,0
184995362.0,30231799.554492,1,0,184995362.0,0,1,0,0,0,1,0,0,0,0,12,4,18499536.2,1
0.0,1.1,1,1,8296.0,1,1,0,0,0,0,0,0,0,0,8,1,829.6,0
3332086.0,444278.133333,1,0,3332086.0,0,1,0,0,0,0,0,0,0,0,15,1,333208.6,0
107017835.0,19619936.916667,3,1,107017835.0,0,3,0,1,0,1,1,1,0,1,4,3,20.0,1
12903269.0,1720435.866667,1,0,12903269.0,0,1,0,0,0,0,0,0,0,0,40,3,1290326.9,0
893672.3,191747.746667,1,0,883524.0,0,2,1,1,0,0,0,1,1,1,3,4,883.524,1
0.0,24.2,2,2,1090238434.0,1,2,0,0,0,0,0,1,0,0,10,2,109023843.4,0
37246815.0,3664263.1,5,3,37246815.0,0,5,0,1,0,1,0,1,0,1,17,5,37246.815,1
534086776.0,71211570.133333,1,0,534086776.0,0,1,0,0,0,0,0,0,0,0,19,3,53408677.6,0
0.0,1.1,1,1,29853.0,1,1,0,0,0,0,0,0,0,0,5,2,2985.3,0
0.0,110957.0,1,1,100870.0,1,1,0,0,0,1,1,0,0,0,5,3,1000.0,1
0.0,6389700.9,1,1,5808819.0,1,1,0,0,0,0,0,0,0,1,1,2,580881.9,0
2527848.9,507834.69,1,0,2511705.0,0,2,1,1,0,0,0,1,1,1,15,0,25117.05,1
0.0,1.1,1,1,253719.0,1,1,0,0,0,0,0,0,0,0,4,1,25371.9,0
0.0,74910006.6,3,3,22700002.0,1,3,1,1,0,1,1,1,0,1,16,4,100.0,1
19335047.0,3544962.516667,1,0,19335047.0,0,1,0,1,0,1,0,0,0,1,14,1,19335.047,1
1488.0,273.9,2,0,1488.0,0,2,1,1,0,1,0,1,0,1,14,0,14.88,0
0.0,1.1,1,1,46162763.0,1,1,0,0,0,0,0,0,0,0,6,2,4616276.3,0
77690150.0,14243194.166667,1,0,77690150.0,0,1,1,1,0,0,0,0,0,1,9,5,77690.15,1
0.0,8.8,1,1,32877465.0,1,1,0,0,0,0,1,0,0,0,13,3,100.0,0
3916.0,717.933333,2,1,3916.0,0,2,0,1,0,0,0,1,0,1,10,1,3.916,1
0.0,45173256.7,1,1,41066597.0,1,1,0,0,0,1,1,0,0,0,5,3,10.0,0
0.0,61.2,3,3,1583367274.0,1,3,0,0,0,1,0,1,0,0,4,4,158336727.4,0
1798.0,484.328774,4,1,1798.0,0,4,0,1,0,1,1,1,0,1,4,3,1.798,1
1188.8,1484.78,1,1,13138.0,1,1,0,0,0,0,1,0,1,0,3,3,10.0,0
950920.0,126808.333333,1,0,950920.0,0,1,0,0,0,1,0,0,0,0,12,3,95092.0,1
2830770.5,915427.516667,1,0,2686613.0,0,1,1,1,0,1,0,0,1,1,13,3,2686.613,1
31.0,4.133333,2,1,31.0,0,2,0,0,0,0,0,1,0,0,5,2,3.1,0
0.0,207.9,3,3,1013427603.0,1,3,0,1,0,0,1,1,0,1,15,6,50.0,0
165.7,1486.87,1,1,73550.0,1,1,0,0,0,0,1,0,1,0,5,2,10.0,1
0.0,402.6,3,3,1292772327.0,1,3,0,0,0,0,1,1,0,0,16,4,50.0,0
0.0,1.1,1,1,3404149.0,1,1,0,0,0,0,1,0,0,0,9,2,1.0,0
0.0,65967.0,1,1,59970.0,1,1,0,0,0,0,0,0,0,0,11,1,5997.0,1
0.0,952542125.7,3,3,288649129.0,1,3,0,0,0,1,1,1,0,0,14,4,20.0,0
1455344.0,266813.066667,1,0,1455344.0,0,1,0,1,0,0,1,0,0,1,9,1,100.0,1
4376692.0,802395.533333,8,6,4376692.0,0,8,1,1,0,1,1,1,0,1,12,6,20.0,1
17722555.0,2108726.5,4,3,17722555.0,0,4,0,0,0,1,1,1,0,0,11,2,10.0,1
807205.0,147987.583333,1,0,807205.0,0,1,0,1,0,0,1,0,0,1,3,3,807.205,1
0.0,6847.5,3,3,2075.0,1,3,1,1,0,1,1,1,0,1,13,4,2.075,0
15919142.0,2918509.366667,1,0,15919142.0,0,1,0,1,0,0,0,0,0,1,18,1,15919.142,1
163036899.2,44589562.886667,1,0,157691640.0,0,1,0,1,0,1,1,0,1,1,6,2,100.0,1
0.0,42.9,3,3,19027385.0,1,3,0,0,0,0,0,1,0,0,19,3,1902738.5,0
0.0,8816676.0,1,1,8015160.0,1,1,0,0,0,0,0,0,0,0,24,2,801516.0,1
33502.0,6150.833333,4,2,33502.0,0,4,0,1,0,1,0,1,0,1,8,4,33.502,1
77026.0,10270.133333,1,0,77026.0,0,1,0,0,0,0,0,0,0,0,18,5,7702.6,1
559655145.0,102603459.85,1,0,559655145.0,0,1,1,1,0,1,0,0,0,1,22,5,559655.145,1
13.0,2.609491,2,1,13.0,0,2,0,1,0,1,1,1,0,1,1,0,0.13,0
694384323.0,96332708.83605,1,0,694384323.0,0,1,0,0,0,1,0,0,0,0,36,0,694384323.0,1
235774605.0,4600.033333,4,2,235774605.0,0,4,0,0,0,1,0,1,0,0,5,3,23577460.5,0
0.0,2866.6,1,1,5300499.0,1,1,0,0,0,0,0,0,0,1,1,3,530049.9,1
4789123.8,3891323.48,1,0,3693372.0,0,2,0,1,0,0,1,1,1,1,6,5,100.0,1
278635446.0,37151392.8,1,0,278635446.0,0,1,0,0,0,0,0,0,0,0,27,2,27863544.6,1
17991253.0,3298396.383333,1,0,17991253.0,0,1,0,1,0,0,1,0,0,1,14,1,10.0,1
255872237.0,45758142.65,5,2,255872237.0,0,5,0,1,0,0,1,1,0,1,19,2,100.0,1
0.0,1548347269.7,7,7,201084061.0,1,7,0,1,0,0,1,1,0,1,30,2,20.0,1
4562672.0,836490.566667,6,1,4562672.0,0,6,0,1,0,1,1,1,0,1,13,6,100.0,1
0.0,2520.1,1,1,9817527.0,1,1,0,0,0,0,0,0,0,1,1,1,981752.7,1
0.0,510772895.6,4,4,116084749.0,1,4,0,0,0,1,1,1,0,0,9,4,20.0,0
0.0,2976279.9,1,1,2705709.0,1,1,1,1,0,0,1,0,0,1,12,2,100.0,1
538320.0,98719.5,1,0,538320.0,0,1,0,1,0,1,0,0,0,1,5,0,5383.2,1
13468666.0,1853725.733333,1,0,13468666.0,0,1,0,0,0,1,1,0,0,0,7,5,10.0,1
13990166.0,2564864.766667,5,1,13990166.0,0,5,0,1,0,1,1,1,0,1,29,4,10.0,1
0.0,1.1,1,1,270915.0,1,1,0,0,0,0,0,0,0,0,5,1,27091.5,0
418229666.0,71810140.252366,1,0,418229666.0,0,1,0,0,0,1,0,0,0,0,18,2,41822966.6,1
208767195.0,27490055.866667,5,1,208767195.0,0,5,0,0,0,0,1,1,0,0,16,3,1000.0,1
3779076.0,692837.2,3,1,3779076.0,0,3,0,1,0,1,0,1,0,1,30,6,3779.076,1
343.0,76.758538,2,0,343.0,0,2,0,1,0,1,1,1,0,1,3,0,3.43,0
0.0,1.1,1,1,5329.0,1,1,0,0,0,0,1,0,0,0,1,1,1.0,0
19734.0,3649.4,3,1,19734.0,0,3,1,1,0,1,1,1,0,1,7,2,10.0,1
0.0,95.2,3,3,87640540.0,1,3,0,0,0,1,1,1,0,0,3,3,100.0,0
1722642.0,315819.1,7,4,1722642.0,0,7,0,1,0,1,1,1,0,1,29,8,20.0,1
2234.0,428.289988,3,2,2234.0,0,3,0,1,0,1,0,1,0,1,6,1,2.234,1
15861.9,17449.19,1,1,190895.0,1,1,0,0,0,0,0,0,1,0,3,2,19089.5,0
0.0,10.8,1,1,554647412.0,1,1,0,0,0,1,0,0,0,0,3,2,55464741.2,0
0.0,241.5,2,2,3584509.0,1,2,0,0,0,1,0,1,0,0,12,3,358450.9,0
0.0,124484.8,1,1,113168.0,1,1,0,0,0,1,1,0,0,0,8,2,100.0,1
112999557.0,35419.5,4,3,112999557.0,0,4,0,0,0,0,0,1,0,0,18,3,11299955.7,0
14519447.0,17111585.316667,1,0,1384420.0,0,1,0,1,0,1,1,0,1,1,18,1,100.0,1
0.0,1.1,1,1,91335580.0,1,1,0,0,0,0,1,0,0,0,3,2,1.0,0
0.0,27.5,1,1,68095481.0,1,1,0,1,0,0,1,0,0,1,12,4,200.0,0
2424909.8,1693174.946667,1,0,1970932.0,0,1,0,1,0,1,0,0,1,1,8,0,19709.32,1
0.0,1288.6,2,2,746176688.0,1,2,0,0,0,1,1,1,0,0,9,2,200.0,0
0.0,3286669.1,1,1,2987881.0,1,1,0,0,0,1,1,0,0,0,2,2,20.0,0
1888.6,2079.66,1,1,112265.0,1,1,0,0,0,0,1,0,1,0,10,3,100.0,0
0.0,3075367988.0,2,2,1397894540.0,1,2,0,1,0,1,1,1,0,1,6,3,10.0,0
2116714.0,388064.233333,1,0,2116714.0,0,1,0,1,0,0,0,0,0,1,16,0,21167.14,1
0.0,336.6,3,3,2984940.0,1,3,0,0,0,0,0,1,0,0,6,2,298494.0,0
0.0,1578.5,1,1,888051849.0,1,1,0,0,0,0,1,0,0,0,2,5,50.0,0
2564276.0,470117.266667,1,0,2564276.0,0,1,0,1,0,0,0,0,0,1,5,5,2564.276,1
0.0,118289340.4,2,2,53767882.0,1,2,0,1,0,0,0,1,0,1,25,7,53767.882,0
104.7,121.77,1,1,280228.0,1,1,0,0,0,0,1,0,1,0,2,1,100.0,0
178734549.0,34490531.95,1,0,178108175.0,0,2,1,1,0,1,0,1,1,1,14,2,178108.175,1
175514799.0,32210338.5,1,0,175502936.0,0,1,0,1,0,1,1,0,1,1,7,5,100.0,1
0.0,2.4,1,1,900027.0,1,1,0,0,0,1,0,0,0,0,13,3,90002.7,0
108182053.0,19833485.983333,4,1,108182053.0,0,4,0,1,0,1,0,1,0,1,9,6,108182.053,1
24329.0,4486.816667,4,0,24329.0,0,4,1,1,0,1,1,1,0,1,10,1,10.0,1
26740.0,4928.733333,4,1,26740.0,0,4,1,1,0,1,1,1,0,1,5,2,10.0,1
114349.0,20963.983333,1,0,114349.0,0,1,0,1,0,0,0,0,0,1,4,5,114.349,1
0.0,2.3,2,2,12068802.0,1,2,0,0,0,1,1,1,0,0,8,4,20.0,0
986519256.0,180862382.3,1,0,986519256.0,0,1,0,1,0,1,1,0,0,1,18,1,100.0,1
923.0,187.719942,2,1,923.0,0,2,0,1,0,1,0,1,0,1,6,3,0.923,0
0.0,7.2,1,1,946286.0,1,1,0,0,0,1,0,0,0,0,12,4,94628.6,0
1377.0,252.45,3,1,1377.0,0,3,1,1,0,0,0,1,0,1,2,2,1.377,0
207279331.0,38001220.683333,6,2,207279331.0,0,6,0,1,0,1,1,1,0,1,8,5,100.0,1
151758707.0,27800628.35,5,2,151758707.0,0,5,0,1,0,0,1,1,0,1,4,5,1000.0,1
0.0,14.3,1,1,176266041.0,1,1,0,0,0,0,1,0,0,0,7,2,50.0,0
0.0,617.1,1,1,4490024.0,1,1,0,0,0,0,0,0,0,1,1,1,449002.4,0
137858213.0,164607.133333,5,2,137858213.0,0,5,0,0,0,1,1,1,0,0,17,3,10.0,1
0.0,56.4,1,1,548779318.0,1,1,0,0,0,1,1,0,0,0,12,1,200.0,0
53820859.9,14510207.023333,1,0,50632125.0,0,1,0,0,0,1,0,0,1,0,20,5,5063212.5,1
0.0,970.2,1,1,675219641.0,1,1,0,0,0,0,0,0,0,0,4,6,67521964.1,0
0.0,9.6,1,1,7259760.0,1,1,0,0,0,1,1,0,0,0,6,1,10.0,0
4350767.0,102793.05,4,3,4350767.0,0,4,1,1,0,1,1,1,0,1,24,7,100.0,1
0.0,7.7,1,1,21322354.0,1,1,0,0,0,0,0,0,0,1,2,3,2132235.4,0
0.0,2.3,2,2,1143079.0,1,2,0,0,0,1,1,1,0,0,12,4,20.0,0
45590347.0,8358254.483333,1,0,45590347.0,0,1,0,1,0,1,0,0,0,1,19,4,45590.347,1
0.0,324.5,1,1,96230718.0,1,1,0,1,0,0,0,0,0,1,2,1,96230.718,0
0.0,78.4,5,5,4918575.0,1,5,0,0,0,1,0,1,0,0,3,5,491857.5,0
0.0,1175059195.2,3,3,356078544.0,1,3,0,0,0,1,1,1,0,0,16,6,200.0,0
0.0,1350.9,1,1,28563552.0,1,1,0,0,0,1,1,0,0,0,10,4,100.0,0
3678.5,4126.65,1,1,20216943.0,1,1,0,0,0,0,0,0,1,0,5,2,2021694.3,0
169925358.0,105513.283333,4,3,169925358.0,0,4,1,1,0,1,1,1,0,1,24,2,10.0,1
0.0,5.5,1,1,11875415.0,1,1,0,0,0,0,1,0,0,0,2,1,10.0,0
68727596.0,70683497.166667,1,0,15924507.0,0,2,1,1,0,1,1,1,1,1,20,1,100.0,1
77168337.0,62288631.65,1,0,33403754.0,0,1,0,1,0,1,0,0,1,1,10,5,33403.754,1
70989.0,13437.45,1,0,70989.0,0,1,0,1,0,1,1,0,0,1,13,0,709.89,1
10633832.0,1386731.2,4,3,10633832.0,0,4,0,0,0,0,1,1,0,0,22,3,100.0,1
117483170.0,21538624.466667,1,0,117483170.0,0,1,1,1,0,1,0,0,0,1,9,2,117483.17,1
10932898.0,2004364.633333,1,0,10932898.0,0,1,0,1,0,0,1,0,0,1,16,3,100.0,1
0.0,90977942.0,4,4,20676805.0,1,4,0,0,0,0,0,1,0,0,17,2,2067680.5,0
3312545.0,607484.916667,3,0,3312545.0,0,3,0,1,0,1,0,1,0,1,27,1,3312.545,1
2899037.0,386655.666667,1,0,2899037.0,0,1,0,0,0,1,0,0,0,0,18,0,2899037.0,1
0.0,2237.4,2,2,999958614.0,1,2,0,1,0,0,1,1,0,1,14,3,50.0,0
99871.1,109905.51,1,1,26495784.0,1,1,0,0,0,0,1,0,1,0,6,1,10.0,0
1720423.0,229395.633333,1,0,1720423.0,0,1,0,0,0,1,1,0,0,0,4,5,10.0,1
2404.5,4401.65,1,1,182687.0,1,1,0,0,0,0,1,0,1,0,4,2,100.0,1
0.0,2.4,1,1,1294063.0,1,1,0,0,0,1,1,0,0,0,8,3,20.0,0
1373825.0,251877.916667,8,3,1373825.0,0,8,0,1,0,1,1,1,0,1,26,3,100.0,1
58788.0,10777.8,3,1,58788.0,0,3,0,1,1,0,1,1,0,1,14,4,58.788,1
70669827.0,10125898.9,1,0,70030752.0,0,2,0,0,0,1,0,1,1,0,12,4,7003075.2,1
16404730.8,4013499.73,1,0,16038953.0,0,1,1,1,0,1,0,0,1,1,16,2,16038.953,1
18149510.0,3332992.966667,1,0,18149510.0,0,1,0,1,0,1,0,0,0,1,4,3,18149.51,1
262997.0,3342.2,4,3,262997.0,0,4,0,0,0,0,0,1,0,0,5,7,26299.7,1
0.0,1.1,1,1,1922160.0,1,1,0,0,0,0,1,0,0,0,8,1,1.0,0
0.0,405435.8,1,1,368578.0,1,1,0,0,0,0,1,0,0,0,11,2,10.0,0
445.2,491.92,1,1,47233.0,1,1,0,0,0,0,0,0,1,0,4,1,4723.3,0
178850.0,0.240302,2,1,178850.0,0,2,0,0,0,0,1,1,0,0,13,2,1.0,0
5938327.0,1088693.283333,7,3,5938327.0,0,7,1,1,0,0,1,1,0,1,9,1,20.0,1
0.0,3.3,3,3,22037506.0,1,3,0,0,0,0,0,1,0,0,8,5,2203750.6,0
0.0,4676.6,2,2,1250529099.0,1,2,0,1,0,1,1,1,0,1,5,6,10.0,0
0.0,453.2,1,1,4561726.0,1,1,0,0,0,0,0,0,0,0,11,3,456172.6,0
0.0,24751805.1,1,1,22501641.0,1,1,0,0,0,1,0,0,0,0,14,2,2250164.1,0
385312236.0,70640577.6,4,1,385312236.0,0,4,1,1,0,1,1,1,0,1,26,1,10.0,1
0.0,18.7,1,1,105720530.0,1,1,0,0,0,0,0,0,0,1,1,2,10572053.0,0
183300.0,23763678.4,1,1,10710022.0,1,2,0,1,0,0,0,1,1,1,19,1,10710.022,1
131720954.0,17562793.866667,1,0,131720954.0,0,1,0,0,0,0,0,0,0,0,35,3,13172095.4,1
0.0,3410759.0,1,1,3100690.0,1,1,0,1,0,0,1,0,0,1,15,3,10.0,1
0.0,1838788518.6,2,2,835812963.0,1,2,0,1,0,0,1,1,0,1,16,5,10.0,0
0.0,1.1,1,1,2178509.0,1,1,0,0,0,0,1,0,0,0,7,1,1.0,0
1882.0,250.933333,3,1,1882.0,0,3,0,0,0,0,1,1,0,0,5,2,10.0,0
0.0,7059130.1,1,1,6417391.0,1,1,0,1,0,1,1,0,0,1,9,1,10.0,1
45349323.0,8314043.95,6,1,45349323.0,0,6,1,1,0,1,0,1,0,1,25,1,45349.323,1
0.0,16.5,5,5,1012534.0,1,5,0,0,0,0,0,1,0,0,8,5,101253.4,0
5604575.0,747276.666667,1,0,5604575.0,0,1,0,0,0,0,0,0,0,0,23,3,560457.5,0
0.0,2047.1,1,1,64582.0,1,1,0,0,0,0,0,0,0,0,3,4,6458.2,1
0.0,47903977.0,1,1,43549070.0,1,1,0,0,0,0,0,0,0,0,12,2,4354907.0,1
2614220.0,479278.366667,3,1,2614220.0,0,3,0,1,0,1,0,1,0,1,20,8,2614.22,1
0.0,2.2,2,2,490129.0,1,2,0,0,0,0,0,1,0,0,11,3,49012.9,0
0.0,98676287.6,1,1,89705716.0,1,1,1,1,0,1,0,0,0,1,3,4,89705.716,1
212656255.0,38987040.183333,1,0,212656255.0,0,1,1,1,0,1,1,0,0,1,14,4,10.0,1
0.0,4.5,4,4,1744505212.0,1,4,1,1,0,1,1,1,0,1,14,4,10.0,0
393498204.0,72141352.3,4,0,393498204.0,0,4,1,1,0,1,0,1,0,1,22,1,393498.204,1
21592237.0,2878964.933333,1,0,21592237.0,0,1,0,0,0,0,0,0,0,0,37,0,21592237.0,0
235615.0,259257.9,1,1,23385.0,1,1,0,0,0,0,0,0,1,0,5,2,2338.5,0
19919408.0,3651893.466667,8,3,19919408.0,0,8,1,1,0,1,1,1,0,1,27,8,20.0,1
0.0,107.8,1,1,633299.0,1,1,0,0,0,0,0,0,0,1,3,3,63329.9,0
0.0,7141020.7,1,1,6491837.0,1,1,0,1,1,1,1,0,0,1,19,4,100.0,1
274242244.0,2.139996,3,1,274242244.0,0,3,0,0,0,0,0,1,0,0,2,1,27424224.4,0
2984637.0,444832.3,6,4,2984637.0,0,6,0,1,0,0,1,1,0,1,24,5,100.0,1
177602.0,32916.066667,1,0,177602.0,0,1,0,1,0,1,1,0,0,1,1,1,177.602,1
226344.0,30182.6,1,0,226344.0,0,1,0,0,0,1,0,0,0,0,7,0,226344.0,1
0.0,15.4,2,2,35630865.0,1,2,0,0,0,0,1,1,0,0,14,4,20.0,0
6511213.0,7655416.083333,1,0,637170.0,0,1,0,1,0,1,0,0,1,1,18,3,637.17,1
970.0,156.173337,3,2,970.0,0,3,0,0,0,1,1,1,0,0,2,1,10.0,0
48826590.0,8946487.183333,6,2,48826590.0,0,6,0,1,0,0,1,1,0,1,6,2,100.0,1
8698092.0,1594652.1,4,3,8698092.0,0,4,1,1,0,1,0,1,0,1,25,4,8698.092,1
0.0,173.4,3,3,1143682.0,1,3,0,0,0,1,0,1,0,0,5,5,114368.2,0
231226707.0,36006897.983333,6,3,231226707.0,0,6,1,1,0,1,1,1,0,1,5,7,10.0,1
0.0,158.4,1,1,62253559.0,1,1,0,0,0,0,0,0,0,0,11,3,6225355.9,0
77207690.0,1723830.433333,6,3,77207690.0,0,6,0,0,0,1,1,1,0,0,12,1,100.0,1
0.0,3.3,1,1,26840.0,1,1,0,0,0,0,0,0,0,1,1,1,2684.0,0
66731.0,0.051604,1,0,66731.0,0,1,0,0,0,0,1,0,0,0,16,1,10.0,0
62858.7,69220.47,1,1,21279273.0,1,1,0,0,0,0,0,0,1,0,7,2,2127927.3,0
0.0,208517.1,1,1,189561.0,1,1,0,0,0,1,0,0,0,1,19,2,18956.1,1
0.0,19.2,1,1,25959.0,1,1,0,0,0,1,0,0,0,0,15,1,2595.9,0
0.0,556.6,1,1,14338.0,1,1,0,0,0,0,1,0,0,0,13,1,50.0,0
4559932.0,1548592.133333,1,0,3912332.0,0,2,0,1,0,1,1,1,1,1,3,2,100.0,1
0.0,1547900706.0,3,3,469060820.0,1,3,0,0,0,0,1,1,0,0,8,1,200.0,0
14134087.0,2591249.383333,1,0,14134087.0,0,1,0,1,0,1,0,0,0,1,3,1,14134.087,1
181532745.0,21792238.466667,5,2,181532745.0,0,5,0,0,0,0,1,1,0,0,2,1,10.0,1
20722135.0,3799722.683333,4,0,20722135.0,0,4,1,1,0,1,0,1,0,1,12,3,20722.135,1
6729062.0,1233663.366667,7,2,6729062.0,0,7,1,1,0,1,1,1,0,1,25,6,20.0,1
94.0,17.233333,1,0,94.0,0,1,1,1,0,0,1,0,0,1,6,4,0.094,0
0.0,2.2,1,1,64066417.0,1,1,0,1,0,0,1,0,0,1,14,2,10.0,0
2390.0,341.629325,3,0,2390.0,0,3,0,0,0,1,0,1,0,0,5,0,2390.0,0
868471914.0,159220415.0,1,0,868471914.0,0,1,1,1,0,1,1,0,0,1,14,0,100.0,1
270036490.0,55845533.333333,1,0,264273905.0,0,1,0,1,0,0,0,0,1,1,4,5,264273.905,1
129.0,23.85,1,0,129.0,0,1,1,1,0,1,1,0,0,1,4,4,0.129,0
0.0,0.485881,1,1,26045.0,1,1,0,0,0,0,1,0,0,0,11,2,1.0,0
21498222.0,3941350.7,6,2,21498222.0,0,6,1,1,0,1,1,1,0,1,17,8,100.0,1
0.0,0.8,1,1,6.0,1,1,0,0,0,0,1,0,0,0,12,2,0.6,0
0.0,5442.6,1,1,16632.0,1,1,0,0,0,1,1,0,0,0,8,3,20.0,1
151455953.0,27770124.216667,1,0,151455953.0,0,1,1,1,0,1,0,0,0,1,19,1,151455.953,1
39872419.0,34341711.283333,1,0,15298121.0,0,2,0,1,0,1,0,1,1,1,5,4,15298.121,1
233857684.0,42874924.133333,6,2,233857684.0,0,6,0,1,0,1,0,1,0,1,30,3,233857.684,1
5458032.0,1000641.2,6,4,5458032.0,0,6,1,1,0,1,1,1,0,1,27,6,20.0,1
0.0,302.8,1,1,1578.0,1,1,1,1,1,1,1,0,0,1,9,2,1.578,0
0.0,803.0,1,1,57352.0,1,1,0,0,0,0,1,0,0,0,14,4,20.0,1
133249.0,24429.183333,1,0,133249.0,0,1,0,1,0,1,1,0,0,1,8,4,10.0,1
2147183.0,182270.033333,4,2,2147183.0,0,4,0,1,0,1,1,1,0,1,6,5,100.0,1
912.2,1047.42,1,1,2684683.0,1,1,0,0,0,0,1,0,1,0,10,3,10.0,0
0.0,74.433333,1,1,406.0,1,1,1,1,0,0,1,0,0,1,12,0,4.06,0
0.0,16205412.3,1,1,14732193.0,1,1,0,1,0,0,1,0,0,1,19,1,100.0,1
0.0,22.4,5,5,22304290.0,1,5,0,0,0,1,1,1,0,0,11,5,20.0,0
3888831.0,518510.8,1,0,3888831.0,0,1,0,0,0,0,0,0,0,0,10,2,388883.1,1
0.0,122406644.8,1,1,111278768.0,1,1,0,0,0,1,1,0,0,0,11,4,50.0,0
0.0,855826604.6,2,2,389012093.0,1,2,0,0,0,0,1,1,0,0,9,3,1.0,0
0.0,31.5,4,4,1628125254.0,1,4,0,0,0,1,1,1,0,0,12,4,10.0,0
0.0,4.5,4,4,1232322818.0,1,4,0,1,0,1,1,1,0,1,17,4,200.0,0
188156273.0,34495317.716667,3,0,188156273.0,0,3,1,1,0,1,1,1,0,1,30,6,10.0,1
0.0,154.0,5,5,160143.0,1,5,0,0,0,0,1,1,0,0,18,4,20.0,0
0.0,356929.1,1,1,324481.0,1,1,0,0,0,0,0,0,0,0,8,4,32448.1,1
571047801.0,76139706.8,1,0,571047801.0,0,1,0,0,0,0,0,0,0,0,33,1,57104780.1,1
12634290.0,2295293.483333,4,2,12634290.0,0,4,0,1,0,1,1,1,0,1,21,6,1000.0,1
0.0,37.4,3,3,892523246.0,1,3,0,1,0,1,1,1,0,1,6,2,10.0,0
13161974.0,2341349.92331,1,0,13161974.0,0,1,0,0,0,1,0,0,0,0,34,3,1316197.4,1
0.0,77.0,5,5,23116991.0,1,5,0,0,0,0,1,1,0,0,20,3,20.0,0
0.0,2.484034,1,1,24816.0,1,1,0,0,0,0,0,0,0,0,15,2,2481.6,0
1645.2,1912.02,1,1,93569.0,1,1,0,0,0,0,0,0,1,0,3,3,9356.9,0
0.0,37308283.1,1,1,33916621.0,1,1,1,1,0,0,1,0,0,1,5,3,100.0,1
0.0,998.2,1,1,292425139.0,1,1,0,1,0,1,1,0,0,1,2,5,10.0,0
40669033.0,5422537.733333,1,0,40669033.0,0,1,0,0,0,0,0,0,0,0,29,1,4066903.3,0
1683395.0,308623.416667,8,2,1683395.0,0,8,1,1,0,1,1,1,0,1,8,4,10.0,1
0.0,8635.0,2,2,3925.0,1,2,0,0,0,1,1,1,0,0,12,6,392.5,1
1738546.0,2.013515,3,1,1738546.0,0,3,0,0,0,0,1,1,0,0,9,3,10.0,0
0.0,4.8,1,1,916354.0,1,1,0,0,0,1,1,0,0,0,3,1,100.0,0
58224.0,10678.4,1,0,58224.0,0,1,0,1,0,1,1,0,0,1,5,4,58.224,1
10785.9,11877.69,1,1,28449277.0,1,1,0,0,0,0,1,0,1,0,7,2,100.0,0
0.0,706.5,4,4,1337965294.0,1,4,0,1,0,1,0,1,0,1,6,1,1337965.294,0
0.0,1.1,1,1,1839.0,1,1,0,0,0,0,1,0,0,0,1,1,1.0,0
0.0,662399743.5,5,5,120436317.0,1,5,0,0,0,0,1,1,0,0,10,4,100.0,0
0.0,1.1,1,1,6152.0,1,1,0,0,0,0,1,0,0,0,1,2,1.0,0
10335.8,11370.48,1,1,1833526.0,1,1,0,0,0,0,0,0,1,0,2,2,183352.6,0
558519185.0,102395185.916667,7,1,558519185.0,0,7,0,1,0,1,1,1,0,1,24,4,20.0,1
4353170.0,798084.366667,6,4,4353170.0,0,6,1,1,0,1,0,1,0,1,13,3,4353.17,1
252107366.0,452058.9,6,4,252107366.0,0,6,0,0,0,1,1,1,0,0,15,3,10.0,1
15746564.3,2212253.996667,1,0,15697562.0,0,2,0,0,0,1,1,1,1,0,14,0,100.0,1
1160.0,154.666667,3,2,1160.0,0,3,0,0,0,0,0,1,0,0,9,0,1160.0,0
0.0,1.2,1,1,25629950.0,1,1,0,0,0,1,0,0,0,0,8,3,2562995.0,0
0.0,1.1,1,1,2189532.0,1,1,0,0,0,0,0,0,0,0,10,2,218953.2,0
0.0,1.1,1,1,57776.0,1,1,0,0,0,0,1,0,0,0,5,2,1.0,0
36799820.0,6746644.566667,1,0,36799820.0,0,1,0,1,0,1,0,0,0,1,6,4,36799.82,1
1269891.0,34145.833333,2,1,1269891.0,0,2,0,0,0,1,1,1,0,0,21,7,10.0,1
0.0,496.7,1,1,55236301.0,1,1,0,0,0,1,1,0,0,0,4,1,50.0,0
167839.0,6851.166667,3,2,167839.0,0,3,0,1,0,0,1,1,0,1,21,3,100.0,1
0.0,1.1,1,1,2137402.0,1,1,0,0,0,0,0,0,0,0,1,2,213740.2,0
0.0,1.1,1,1,2530.0,1,1,0,0,0,0,1,0,0,0,4,1,1.0,0
0.0,3.4,3,3,949179888.0,1,3,0,0,0,1,1,1,0,0,8,4,200.0,0
199924749.0,36652871.25,1,0,199924749.0,0,1,0,1,0,1,0,0,0,1,5,0,1999247.49,1
0.0,46.0,2,2,226498.0,1,2,0,0,0,1,1,1,0,0,7,2,100.0,0
0.0,485426364.5,1,1,441296695.0,1,1,0,0,0,0,0,0,0,0,18,4,44129669.5,1
71796628.0,13162722.633333,4,2,71796628.0,0,4,0,1,0,1,1,1,0,1,6,3,100.0,1
0.0,3.3,1,1,206359820.0,1,1,0,0,0,0,1,0,0,0,10,3,50.0,0
0.0,23575.2,3,3,7144.0,1,3,0,1,1,1,1,1,0,1,13,3,7.144,1
0.0,57.2,1,1,4904719.0,1,1,0,0,0,0,0,0,0,1,2,3,490471.9,0
171466320.0,31438906.8,1,0,171466320.0,0,1,0,1,1,1,1,0,0,1,9,4,10.0,1
211563281.0,38786716.716667,1,0,211563281.0,0,1,0,1,0,1,0,0,0,1,12,4,211563.281,1
0.0,1.1,1,1,20190.0,1,1,0,0,0,0,0,0,0,0,8,1,2019.0,0
0.0,18287451.6,3,3,5541652.0,1,3,0,0,0,1,1,1,0,0,12,6,100.0,1
298497289.0,20723910.1,5,3,298497289.0,0,5,0,0,0,0,1,1,0,0,9,6,100.0,1
0.0,508.3,2,2,106981050.0,1,2,0,0,0,1,1,1,0,0,17,3,200.0,0
18780521.0,110454.85,5,2,18780521.0,0,5,0,1,0,0,1,1,0,1,12,6,1000.0,1
697289.0,767017.9,1,0,697289.0,0,1,0,0,0,0,1,0,0,1,9,0,10.0,1
74226676.0,13608225.933333,7,1,74226676.0,0,7,0,1,0,1,1,1,0,1,16,1,20.0,1
0.0,53.9,1,1,26989808.0,1,1,0,0,0,0,1,0,0,0,2,4,50.0,0
26789649.0,4912604.95,1,0,26789649.0,0,1,0,1,0,1,0,0,0,1,8,0,267896.49,1
296481870.0,54355076.5,7,1,296481870.0,0,7,1,1,0,1,0,1,0,1,14,2,296481.87,1
0.0,8526357.4,2,2,3875617.0,1,2,0,0,0,0,1,1,0,0,14,2,10.0,0
24069178.0,4412682.633333,4,1,24069178.0,0,4,1,1,0,0,0,1,0,1,20,3,24069.178,1
81413763.6,16023506.91,1,0,81014625.0,0,2,0,1,0,1,1,1,1,1,6,3,100.0,1
0.0,266.75,2,2,1455.0,1,2,1,1,0,0,0,1,0,1,4,4,1.455,0
121298785.0,22239132.183333,1,0,121298785.0,0,1,0,1,0,1,0,0,0,1,23,1,121298.785,1
104106.0,19090.1,1,0,104106.0,0,1,0,1,0,1,1,0,0,1,11,1,100.0,1
736285.0,135012.383333,1,0,736285.0,0,1,0,1,0,1,0,0,0,1,6,3,736.285,1
0.0,27.5,2,2,150.0,1,2,0,1,0,0,0,1,0,1,6,4,0.15,0
285143537.0,0.749869,3,2,285143537.0,0,3,0,0,0,0,0,1,0,0,8,1,28514353.7,0
0.0,1.1,1,1,22664.0,1,1,0,0,0,0,1,0,0,0,10,2,1.0,0
0.0,155231827.3,1,1,141119843.0,1,1,0,0,0,0,1,0,0,0,14,5,10.0,0
732258.0,134247.3,1,0,732258.0,0,1,0,1,0,0,1,0,0,1,1,5,732.258,1
7665416.0,1405326.266667,1,0,7665416.0,0,1,0,1,0,0,0,0,0,1,20,3,7665.416,1
11153415.0,2044926.65,1,0,11153415.0,0,1,0,1,0,1,0,0,0,1,9,5,11153.415,1
0.0,839.2,1,1,99295313.0,1,1,0,0,0,1,1,0,0,0,14,2,10.0,0
2691426.0,493429.1,8,3,2691426.0,0,8,0,1,0,1,1,1,0,1,25,4,10.0,1
53166.7,78315.27,1,1,18029.0,1,1,0,0,0,0,0,0,1,0,5,3,1802.9,0
58583271.0,382.266667,3,2,58583271.0,0,3,0,0,0,0,1,1,0,0,20,7,100.0,0
0.0,377.3,1,1,7768588.0,1,1,0,0,0,0,1,0,0,0,14,2,10.0,0
0.0,629.0,2,2,7156679.0,1,2,0,0,0,1,1,1,0,0,18,2,20.0,0
0.0,3193.3,1,1,345496.0,1,1,0,1,0,0,0,0,0,1,4,1,345.496,1
604740.0,111043.0,1,0,604740.0,0,1,0,0,0,1,1,0,0,1,9,5,10.0,1
2735574.0,501521.9,1,0,2735574.0,0,1,0,1,0,0,1,0,0,1,20,1,100.0,1
0.0,607.2,4,4,26912162.0,1,4,0,0,0,0,1,1,0,0,9,1,100.0,0
0.0,22.8,1,1,4221717.0,1,1,0,0,0,1,1,0,0,0,3,3,100.0,0
1070566.0,196270.433333,1,0,1070566.0,0,1,0,1,0,0,1,0,0,1,14,5,10.0,1
128.2,142.12,1,1,10032917.0,1,1,0,0,0,0,0,0,1,0,5,2,1003291.7,0
97661133.3,18332008.53,1,0,97505731.0,0,2,0,1,0,1,0,1,1,1,14,4,97505.731,1
7936913.0,1099620.166667,1,0,7936913.0,0,1,0,0,0,1,0,0,0,0,17,1,793691.3,1
1720906.0,314178.516667,4,2,1720906.0,0,4,0,1,0,0,0,1,0,1,23,5,1720.906,1
0.0,13.2,4,4,1780866803.0,1,4,1,0,0,0,0,1,0,0,3,3,178086680.3,0
0.0,1.1,1,1,42388128.0,1,1,0,0,0,0,1,0,0,0,9,1,1.0,0
2179.5,3545.85,1,1,32585.0,1,1,0,0,0,0,1,0,1,0,10,3,10.0,0
0.0,1006.6,2,2,64705.0,1,2,0,0,0,1,1,1,0,0,17,4,100.0,1
0.0,369.6,4,4,6554731.0,1,4,0,0,0,0,0,1,0,0,17,5,655473.1,0
46095827.0,8450909.316667,3,1,46095827.0,0,3,0,1,0,1,1,1,0,1,20,3,100.0,1
88792158.0,15854083.483333,5,2,88792158.0,0,5,0,1,0,0,1,1,0,1,24,7,1000.0,1
70169739.0,9355965.2,1,0,70169739.0,0,1,0,0,0,0,0,0,0,0,14,1,7016973.9,1
8.0,1.066667,1,0,8.0,0,1,0,0,0,0,0,0,0,0,11,2,0.8,0
50192300.0,11372.4,6,5,50192300.0,0,6,0,0,0,1,0,1,0,0,13,2,5019230.0,0
0.0,601800.1,1,1,547091.0,1,1,0,0,0,1,1,0,0,0,8,2,1000.0,1
3944716.0,723198.033333,1,0,3944716.0,0,1,0,1,0,1,1,0,0,1,15,0,100.0,1
27296.0,5005.566667,3,1,27296.0,0,3,0,1,0,1,0,1,0,1,8,4,27.296,1
9008845.0,1651654.783333,3,0,9008845.0,0,3,0,1,0,1,0,1,0,1,21,2,9008.845,1
441741336.0,80985912.6,8,0,441741336.0,0,8,0,1,0,1,1,1,0,1,26,8,10.0,1
618302.0,113828.566667,1,0,618302.0,0,1,1,1,0,1,1,0,0,1,6,2,100.0,1
3073596.0,578666.2,1,0,2920125.0,0,2,1,0,0,1,0,1,1,0,3,4,292012.5,1
7289083.0,1336331.883333,1,0,7289083.0,0,1,1,1,0,0,1,0,0,1,11,1,100.0,1
0.0,132.0,4,4,1351623730.0,1,4,0,0,0,0,0,1,0,0,7,3,135162373.0,0
3808.0,723.233333,1,0,3808.0,0,1,0,1,0,1,0,0,0,1,15,4,3.808,1
16111358.0,2148390.766667,1,0,16111358.0,0,1,0,0,0,1,1,0,0,0,11,2,10.0,1
0.0,11.0,2,2,643955736.0,1,2,0,0,0,0,1,1,0,0,16,1,50.0,0
32005532.0,5867682.966667,3,1,32005532.0,0,3,0,1,0,1,0,1,0,1,4,8,32005.532,1
0.0,8.8,4,4,1483767091.0,1,4,0,1,0,0,1,1,0,1,17,6,50.0,0
0.0,1.1,1,1,3250861.0,1,1,0,0,0,0,1,0,0,0,1,1,1.0,0
65465346.0,82235362.0,1,0,1625601.0,0,1,0,1,0,1,1,0,1,1,8,5,100.0,1
138.0,25.8,1,0,138.0,0,1,1,1,0,1,1,0,0,1,4,1,0.138,0
0.0,285.65,1,1,1551.0,1,1,1,1,0,1,1,0,0,1,6,4,1.551,0
0.0,1.1,1,1,149036256.0,1,1,0,0,0,0,1,0,0,0,11,1,1.0,0
19955785.0,3658561.583333,5,2,19955785.0,0,5,0,1,0,1,1,1,0,1,20,8,10.0,1
4907052.0,654273.6,1,0,4907052.0,0,1,0,0,0,0,0,0,0,0,2,5,490705.2,1
0.0,2.3,2,2,151390145.0,1,2,0,0,0,1,1,1,0,0,4,4,100.0,0
23832192.0,3177625.6,1,0,23832192.0,0,1,0,0,0,0,0,0,0,0,28,0,23832192.0,1
75880.0,13911.333333,1,0,75880.0,0,1,0,1,0,0,1,0,0,1,8,3,75.88,1
1912.0,349.269463,2,0,1912.0,0,2,0,0,0,1,1,1,0,0,1,0,100.0,0
0.0,117.7,1,1,196336913.0,1,1,0,1,0,0,0,0,0,1,3,2,196336.913,0
0.0,7.7,1,1,108589354.0,1,1,0,0,0,0,0,0,0,0,14,2,10858935.4,0
0.0,1.1,1,1,2788985.0,1,1,0,0,0,0,1,0,0,0,8,1,1.0,0
0.0,1.386128,1,1,16121.0,1,1,0,0,0,1,0,0,0,0,20,3,1612.1,0
0.0,1.1,1,1,537040.0,1,1,0,0,0,0,0,0,0,0,8,2,53704.0,0
0.0,25.1,1,1,62893.0,1,1,0,0,0,1,1,0,0,0,4,4,20.0,0
0.0,6.0,1,1,21884002.0,1,1,0,0,0,1,1,0,0,0,11,4,100.0,0
0.0,211.2,4,4,1563023143.0,1,4,0,0,0,0,1,1,0,0,12,4,50.0,0
0.0,1169.9,1,1,33959.0,1,1,0,0,0,1,1,0,0,0,13,3,50.0,1
0.0,6.6,3,3,787501.0,1,3,0,0,0,0,1,1,0,0,17,1,20.0,0
7285520.3,19756730.546667,1,0,586956.0,0,2,0,1,0,0,0,1,1,1,15,0,5869.56,1
1630191.0,298868.35,1,0,1630191.0,0,1,0,1,0,0,1,0,0,1,8,3,1000.0,1
11748270.0,2153850.2,1,0,11748270.0,0,1,0,1,0,1,1,0,0,1,7,2,10.0,1
0.0,1.1,1,1,22075.0,1,1,0,0,0,0,1,0,0,0,11,1,1.0,0
316620847.0,1908.3,5,4,316620847.0,0,5,0,0,0,1,0,1,0,0,12,2,31662084.7,0
0.0,4.6,2,2,7311448.0,1,2,0,0,0,1,0,1,0,0,9,5,731144.8,0
0.0,45.6,1,1,7640095.0,1,1,0,0,0,1,1,0,0,0,7,1,50.0,0
17467326.6,3262067.76,1,0,17061704.0,0,1,0,0,0,1,0,0,1,0,5,0,17061704.0,1
0.0,2.4,1,1,90430.0,1,1,0,0,0,1,1,0,0,0,6,4,20.0,0
0.0,1163.8,1,1,1058.0,1,1,0,0,0,0,0,0,0,0,1,1,105.8,0
7545258.0,1384961.6,1,0,7545258.0,0,1,0,1,0,1,1,0,0,1,3,2,100.0,1
3871096.0,516146.133333,1,0,3871096.0,0,1,0,0,0,0,0,0,0,0,20,4,387109.6,0
1753289.0,321436.316667,7,3,1753289.0,0,7,0,1,0,0,0,1,0,1,19,5,1753.289,1
0.0,1.1,1,1,393252947.0,1,1,0,0,0,0,1,0,0,0,10,1,1.0,0
366849377.0,67255720.116667,4,0,366849377.0,0,4,1,1,0,1,1,1,0,1,6,4,10.0,1
0.0,45.0,4,4,232352.0,1,4,0,0,0,1,0,1,0,0,13,1,23235.2,0
0.0,24.2,1,1,22.0,1,1,0,0,0,1,1,0,0,0,5,1,2.2,0
408567.0,75097.75,1,0,408567.0,0,1,0,1,0,1,1,0,0,1,5,4,408.567,1
8100131.0,1080017.466667,1,0,8100131.0,0,1,0,0,0,0,0,0,0,0,16,0,8100131.0,1
261160028.0,100317.066667,5,4,261160028.0,0,5,0,0,0,0,1,1,0,0,6,2,100.0,0
1963233.0,261764.4,1,0,1963233.0,0,1,0,0,0,0,0,0,0,0,3,2,196323.3,1
73538.0,9805.066667,1,0,73538.0,0,1,0,0,0,0,1,0,0,0,9,4,100.0,1
7010959.0,14879189.6,1,0,6515577.0,0,2,1,1,0,1,1,1,1,1,12,0,100.0,1
0.0,36.3,3,3,1016157497.0,1,3,0,0,0,0,1,1,0,0,11,5,50.0,0
1384.0,197.390665,4,1,1384.0,0,4,0,0,0,1,1,1,0,0,2,1,100.0,0
0.0,1.1,1,1,57709.0,1,1,0,0,0,0,1,0,0,0,9,2,1.0,0
0.0,6.0,1,1,4344674.0,1,1,0,0,0,1,1,0,0,0,4,2,100.0,0
7061270.0,1294775.366667,1,0,7061270.0,0,1,0,1,0,1,1,0,0,1,3,3,10.0,1
0.0,2842.4,4,4,646.0,1,4,0,0,0,1,1,1,0,0,8,2,64.6,0
571249003.0,92509570.946304,1,0,571249003.0,0,1,0,0,0,1,0,0,0,0,19,0,571249003.0,1
1081084.0,144408.233333,1,0,1081084.0,0,1,0,0,0,1,1,0,0,0,6,5,100.0,1
74210793.0,13605322.05,7,1,74210793.0,0,7,1,1,0,1,1,1,0,1,21,3,100.0,1
0.0,2.276482,3,3,120207973.0,1,3,0,0,0,0,1,1,0,0,14,3,10.0,0
0.0,1.1,1,1,314159605.0,1,1,0,0,0,0,1,0,0,0,1,1,1.0,0
0.0,1515.7,1,1,64483.0,1,1,0,0,0,1,1,0,0,0,4,4,10.0,1
873.0,232.618903,3,0,873.0,0,3,0,1,0,1,0,1,0,1,3,0,8.73,0
1503.0,277.05,4,1,1503.0,0,4,1,1,0,1,1,1,0,1,10,2,1.503,0
15032914.0,2756034.633333,1,0,15032914.0,0,1,1,1,0,1,0,0,0,1,3,5,15032.914,1
13006262.0,2510411.416667,1,0,12960485.0,0,1,0,1,0,1,1,0,1,1,7,3,100.0,1
1291122.0,53346.366667,4,3,1291122.0,0,4,1,1,0,1,1,1,0,1,17,1,1000.0,1
0.0,1.1,1,1,968420.0,1,1,0,0,0,0,0,0,0,0,2,2,96842.0,0
27553270.0,3673769.333333,1,0,27553270.0,0,1,0,0,0,0,0,0,0,0,15,0,27553270.0,1
184287608.0,24571681.066667,1,0,184287608.0,0,1,0,0,0,0,0,0,0,0,24,0,184287608.0,0
0.0,93650.7,3,3,28379.0,1,3,0,1,0,0,1,1,0,1,15,4,28.379,1
0.0,27.0,4,4,1848964282.0,1,4,1,1,0,1,1,1,0,1,16,4,200.0,0
0.0,4.5,4,4,783463.0,1,4,0,0,0,1,1,1,0,0,19,4,100.0,0
0.0,1.1,1,1,1615192.0,1,1,0,0,0,0,0,0,0,0,9,1,161519.2,0
328.0,82.52286,3,0,328.0,0,3,0,1,0,1,1,1,0,1,9,1,0.328,0
3650120.0,486965.266667,1,0,3650120.0,0,1,0,0,0,1,0,0,0,0,8,5,365012.0,1
0.0,30.7,1,1,33132.0,1,1,0,0,0,1,1,0,0,0,14,4,10.0,0
0.0,1.1,1,1,73212.0,1,1,0,0,0,0,0,0,0,0,6,1,7321.2,0
4446.0,815.1,2,1,4446.0,0,2,1,1,0,0,0,1,0,1,11,0,44.46,1
2922122.0,389616.266667,1,0,2922122.0,0,1,0,0,0,0,0,0,0,0,21,0,2922122.0,0
15885095.0,2912905.616667,1,0,15885095.0,0,1,0,1,0,1,1,0,0,1,17,4,1000.0,1
16439423.0,2194874.966667,1,0,16439423.0,0,1,0,0,0,1,1,0,0,0,5,1,100.0,1
0.0,6.6,1,1,21746055.0,1,1,0,0,0,0,1,0,0,0,4,3,10.0,0
126.0,25.577143,4,2,126.0,0,4,0,0,0,1,1,1,0,0,7,1,12.6,0
16441.0,18349.1,1,1,16714.0,1,1,0,0,0,0,1,0,1,0,2,2,100.0,0
488975.3,538005.93,1,1,18568.0,1,1,0,0,0,0,0,0,1,0,4,3,1856.8,0
0.0,18.0,1,1,107836890.0,1,1,0,0,0,1,1,0,0,0,12,3,20.0,0
0.0,257.2,1,1,27019.0,1,1,0,0,0,1,1,0,0,0,5,1,20.0,0
17384002.0,2407768.333333,1,0,17384002.0,0,1,0,0,0,1,0,0,0,0,2,2,1738400.2,1
117405690.0,21436106.983333,6,3,117405690.0,0,6,0,1,0,1,0,1,0,1,21,6,117405.69,1
0.0,1.1,1,1,22592.0,1,1,0,0,0,0,1,0,0,0,2,1,1.0,0
98184422.0,197227.0,6,4,98184422.0,0,6,0,0,0,1,1,1,0,0,17,1,1000.0,1
6791316.0,1245084.6,5,2,6791316.0,0,5,1,1,0,1,1,1,0,1,17,4,100.0,1
12184866.0,2233892.1,1,0,12184866.0,0,1,0,1,0,0,1,0,0,1,23,4,100.0,1
1924226.0,352774.766667,8,4,1924226.0,0,8,0,1,0,0,0,1,0,1,25,3,1924.226,1
0.0,246.1,2,2,29037479.0,1,2,0,0,0,1,0,1,0,0,19,2,2903747.9,0
156649995.0,20886666.0,1,0,156649995.0,0,1,0,0,0,0,0,0,0,0,19,2,15664999.5,0
4187490.0,69760.933333,3,2,4187490.0,0,3,0,0,0,1,1,1,0,0,17,6,10.0,1
31611.1,34928.41,1,1,14941.0,1,1,0,0,0,0,1,0,1,0,8,2,10.0,0
100905647.0,17626850.0,3,1,100905647.0,0,3,1,1,0,1,1,1,0,1,6,3,100.0,1
5156387.0,5757408.666667,1,0,547443.0,0,2,1,0,0,1,0,1,1,0,13,4,54744.3,1
118354178.0,11493481.083333,5,4,118354178.0,0,5,1,1,0,0,1,1,0,1,13,2,10.0,1
195.0,38.524232,4,1,195.0,0,4,0,0,0,1,1,1,0,0,7,2,19.5,0
127626169.5,17976744.85,1,0,127208812.0,0,2,1,0,0,0,1,1,1,0,9,3,100.0,1
0.0,3044359846.0,2,2,1383799930.0,1,2,0,0,0,0,1,1,0,0,8,6,50.0,0
17087222.0,421871.133333,4,2,17087222.0,0,4,0,0,0,1,1,1,0,0,17,3,100.0,1
0.0,1.1,1,1,1659.0,1,1,0,0,0,0,1,0,0,0,3,1,1.0,0
52416486.0,9144611.666667,6,4,52416486.0,0,6,0,1,0,0,1,1,0,1,5,6,1000.0,1
0.0,1.1,1,1,48605992.0,1,1,0,0,0,0,1,0,0,0,4,1,1.0,0
3.0,0.5,1,0,3.0,0,1,0,0,0,1,1,0,0,0,8,3,0.3,0
176636069.0,23357921.6,3,2,176636069.0,0,3,0,0,0,1,0,1,0,0,5,1,17663606.9,1
0.0,11620.4,1,1,20659347.0,1,1,0,0,0,0,0,0,0,1,4,1,2065934.7,1
0.0,3070.1,1,1,127713665.0,1,1,0,0,0,0,0,0,0,1,3,2,12771366.5,0
6061958.0,1111359.066667,1,0,6061958.0,0,1,0,1,0,1,1,0,0,1,13,5,1000.0,1
6411968.0,1175527.466667,1,0,6411968.0,0,1,0,0,0,0,1,0,0,1,8,2,10.0,1
270091628.0,21744978.066667,6,4,270091628.0,0,6,0,0,0,1,0,1,0,0,19,6,27009162.8,1
0.0,0.554641,2,2,62425.0,1,2,0,0,0,0,1,1,0,0,14,4,1.0,0
807.0,171.901629,3,0,807.0,0,3,0,0,0,1,1,1,0,0,7,1,80.7,0
0.0,4.4,4,4,1619826349.0,1,4,0,0,0,0,1,1,0,0,2,6,200.0,0
0.0,1.1,1,1,435122.0,1,1,0,0,0,0,0,0,0,0,6,1,43512.2,0
10935340.0,2004812.733333,1,0,10935340.0,0,1,1,1,0,1,1,0,0,1,4,2,10.0,1
527324681.0,46391529.383333,6,5,527324681.0,0,6,0,1,0,1,1,1,0,1,23,4,10.0,1
93365.0,12449.166667,1,0,93365.0,0,1,0,0,0,1,1,0,0,0,12,5,10.0,1
0.0,225.233333,1,1,1228.0,1,1,0,1,1,1,1,0,0,1,7,4,1.228,0
0.0,248.6,2,2,57719782.0,1,2,0,0,0,0,1,1,0,0,6,5,20.0,0
0.0,5896.0,1,1,44892.0,1,1,0,0,0,0,0,0,0,1,2,2,4489.2,1
0.0,3152.5,1,1,1027088.0,1,1,0,0,0,1,1,0,0,0,2,3,10.0,1
13676.0,2509.966667,3,2,13676.0,0,3,0,1,0,1,1,1,0,1,3,4,13.676,1
175098.0,23346.4,1,0,175098.0,0,1,0,0,0,0,1,0,0,0,13,2,100.0,1
0.0,2.3,2,2,28753159.0,1,2,0,0,0,1,0,1,0,0,18,3,2875315.9,0
237561414.0,43978959.2,1,0,237174111.0,0,1,0,1,0,0,0,0,1,1,3,5,237174.111,1
0.0,965.6,3,3,700785596.0,1,3,0,0,0,1,0,1,0,0,7,3,70078559.6,0
0.0,1.1,1,1,131941976.0,1,1,0,1,0,0,0,0,0,1,1,3,131941.976,0
0.0,16.8,5,5,102027031.0,1,5,0,0,0,1,1,1,0,0,4,5,20.0,0
2566547.0,470534.116667,1,0,2566547.0,0,1,0,1,0,1,1,0,0,1,11,3,10.0,1
722276207.0,132417331.816667,1,0,722276207.0,0,1,0,1,0,1,0,0,0,1,24,3,722276.207,1
9692.0,1776.866667,2,1,9692.0,0,2,0,1,0,0,0,1,0,1,15,3,9.692,1
1569.0,361.125402,3,0,1569.0,0,3,0,0,0,1,1,1,0,0,2,3,100.0,1
16707.0,18410.7,1,1,11479717.0,1,1,0,0,0,0,0,0,1,0,5,3,1147971.7,0
0.0,1.1,1,1,4059.0,1,1,0,0,0,0,1,0,0,0,10,1,1.0,0
208.2,255.42,1,1,114862.0,1,1,0,0,0,0,1,0,1,0,7,2,100.0,0
60816667.0,11149722.283333,1,0,60816667.0,0,1,0,1,0,0,1,0,0,1,14,4,100.0,1
0.0,494.5,2,2,767963749.0,1,2,0,0,0,1,1,1,0,0,14,3,200.0,0
129136642.0,17218218.933333,1,0,129136642.0,0,1,0,0,0,0,0,0,0,0,33,3,12913664.2,0
217261360.0,28937639.566667,2,1,217261360.0,0,2,0,0,0,0,1,1,0,0,21,4,100.0,1
0.0,1617.0,3,3,490.0,1,3,0,1,0,1,1,1,0,1,8,3,0.49,0
0.0,1.1,1,1,2529229.0,1,1,0,0,0,0,0,0,0,0,3,1,252922.9,0
3451740.0,632820.0,6,1,3451740.0,0,6,0,1,0,1,1,1,0,1,30,3,10.0,1
0.0,127.4,3,3,124938745.0,1,3,0,0,0,1,1,1,0,0,12,5,20.0,0
401049.0,441155.0,1,1,31900151.0,1,1,0,0,0,0,1,0,1,0,4,2,100.0,0
3547466.0,3159146.266667,1,0,1106221.0,0,1,1,0,0,1,0,0,1,0,7,4,110622.1,1
2739598.0,502259.633333,1,0,2739598.0,0,1,1,1,0,0,1,0,0,1,11,2,100.0,1
0.0,11.0,5,5,58699337.0,1,5,0,0,0,0,0,1,0,0,12,5,5869933.7,0
2449.0,2.308097,1,0,2449.0,0,1,0,0,0,1,1,0,0,0,3,4,1.0,0
0.0,3.4,3,3,92126433.0,1,3,0,0,0,1,1,1,0,0,3,5,20.0,0
0.0,22.0,4,4,2027519451.0,1,4,1,0,0,0,1,1,0,0,15,5,50.0,0
11024132.0,2021090.866667,1,0,11024132.0,0,1,0,1,0,0,0,0,0,1,4,4,11024.132,1
0.0,429.0,2,2,195.0,1,2,0,1,0,1,1,1,0,1,13,4,0.195,0
0.0,2.2,2,2,1565109.0,1,2,0,0,0,0,1,1,0,0,12,1,20.0,0
22712475.0,26117879.7,1,1,515526.0,1,2,0,0,0,0,1,1,1,0,20,2,100.0,1
275.0,36.666667,2,1,275.0,0,2,0,0,0,0,0,1,0,0,2,1,27.5,0
5031083.0,890858.031586,1,0,5031083.0,0,1,0,0,0,1,0,0,0,0,34,3,503108.3,1
3994.5,6512.55,1,1,457701.0,1,1,0,0,0,0,1,0,1,0,2,2,100.0,1
0.0,1.1,1,1,74584.0,1,1,0,0,0,0,1,0,0,0,7,1,1.0,0
0.0,3.3,3,3,779729040.0,1,3,0,0,0,0,1,1,0,0,4,3,200.0,0
3542484.0,649455.4,1,0,3542484.0,0,1,0,1,0,0,0,0,0,1,9,0,35424.84,1
44340034.0,8129006.333333,1,0,44340034.0,0,1,1,1,0,1,1,0,0,1,7,4,100.0,1
45627619.0,8365063.483333,1,0,45627619.0,0,1,0,1,0,0,0,0,0,1,25,0,456276.19,1
0.0,2144.0,1,1,5937067.0,1,1,0,0,0,1,1,0,0,0,12,4,100.0,0
0.0,1.1,1,1,22830004.0,1,1,0,0,0,0,1,0,0,0,4,1,1.0,0
1465019.0,195335.866667,1,0,1465019.0,0,1,0,0,0,0,1,0,0,0,19,3,100.0,1
0.0,6.6,1,1,68620103.0,1,1,0,0,0,0,0,0,0,1,1,2,6862010.3,0
0.0,52.8,1,1,139973.0,1,1,0,0,0,1,1,0,0,0,3,4,50.0,0
594516.0,108994.6,1,0,594516.0,0,1,0,1,0,0,1,0,0,1,19,4,10.0,1
105501331.0,4759373.15,4,3,105501331.0,0,4,0,1,0,1,0,1,0,1,16,6,105501.331,1
0.0,274.5,4,4,643192835.0,1,4,0,0,0,1,1,1,0,0,18,6,200.0,0
0.0,635.3,1,1,28116382.0,1,1,0,0,0,1,1,0,0,0,6,3,50.0,0
0.0,1.1,1,1,3652.0,1,1,0,0,0,0,1,0,0,0,9,1,1.0,0
0.0,26522.1,3,3,8037.0,1,3,0,1,0,0,0,1,0,1,15,4,8.037,1
0.0,16.8,5,5,62985825.0,1,5,0,0,0,1,1,1,0,0,19,2,100.0,0
26003389.0,4768645.383333,7,4,26003389.0,0,7,1,1,0,1,0,1,0,1,12,1,26003.389,1
1674.0,232.005801,4,2,1674.0,0,4,0,0,0,1,1,1,0,0,7,3,100.0,0
0.0,487526.6,2,2,221603.0,1,2,0,0,0,1,1,1,0,0,18,2,20.0,0
0.0,1395.9,3,3,1673156979.0,1,3,0,0,0,0,1,1,0,0,16,1,50.0,0
65493261.0,98937.366667,4,3,65493261.0,0,4,0,0,0,1,1,1,0,0,19,4,100.0,0
28496298.0,5224323.3,8,4,28496298.0,0,8,1,1,0,1,1,1,0,1,28,8,20.0,1
188641647.0,17233760.333333,4,3,188641647.0,0,4,0,0,0,1,1,1,0,0,25,5,1000.0,1
0.0,891.0,3,3,449843955.0,1,3,0,1,0,0,1,1,0,1,12,1,50.0,0
0.0,67705.0,1,1,61550.0,1,1,0,1,0,0,1,0,0,1,11,2,61.55,1
54663240.0,10021692.6,3,2,54663240.0,0,3,1,1,0,1,0,1,0,1,23,6,54663.24,1
261209799.5,52039399.866667,1,0,259700368.0,0,1,0,1,0,0,0,0,1,1,3,4,259700.368,1
57623613.0,10564329.05,7,2,57623613.0,0,7,1,1,0,0,0,1,0,1,11,2,57623.613,1
433324.0,57776.533333,1,0,433324.0,0,1,0,0,0,0,1,0,0,0,15,5,100.0,1
2058.0,377.3,4,1,2058.0,0,4,0,1,0,0,0,1,0,1,6,3,2.058,0
0.0,0.072705,1,1,210085918.0,1,1,0,0,0,1,1,0,0,0,13,4,10.0,0
0.0,3967.5,1,1,846507.0,1,1,0,0,0,1,1,0,0,0,2,4,20.0,1
7272136.0,0.5925,2,1,7272136.0,0,2,0,0,0,0,1,1,0,0,12,4,10.0,0
0.0,2175.6,1,1,73276387.0,1,1,0,0,0,1,0,0,0,0,10,2,7327638.7,0
16491822.0,16765294.1,1,0,3999521.0,0,2,0,1,0,1,1,1,1,1,7,3,100.0,1
24164.0,4430.066667,4,2,24164.0,0,4,1,1,0,0,1,1,0,1,13,2,24.164,1
1281.0,234.85,3,0,1281.0,0,3,1,1,0,0,1,1,0,1,10,1,1.281,0
88210.8,97305.78,1,1,5390092.0,1,1,0,0,0,0,1,0,1,0,7,2,10.0,0
0.0,9.0,4,4,1131336991.0,1,4,1,0,0,1,0,1,0,0,16,1,113133699.1,0
11269064.0,2065995.066667,5,3,11269064.0,0,5,0,1,0,0,1,1,0,1,14,2,10.0,1
129877.0,23810.783333,1,0,129877.0,0,1,0,0,0,0,1,0,0,1,6,4,100.0,1
105.0,155.1,1,1,29163.0,1,1,0,0,0,0,0,0,1,0,8,1,2916.3,0
0.0,1235.483333,2,2,6739.0,1,2,1,1,0,0,0,1,0,1,3,0,67.39,1
0.0,3.3,1,1,10395766.0,1,1,0,0,0,0,1,0,0,0,13,3,10.0,0
0.0,57874588.2,1,1,52613262.0,1,1,1,1,0,1,0,0,0,1,6,3,52613.262,1
966705.0,177368.75,1,0,966705.0,0,1,0,1,0,1,1,0,0,1,8,1,100.0,1
97495353.0,5879.033333,3,2,97495353.0,0,3,0,0,0,1,1,1,0,0,15,5,100.0,0
0.0,5136.4,4,4,1053026613.0,1,4,0,0,0,1,1,1,0,0,16,3,10.0,0
2647529.0,18074.2,4,2,2647529.0,0,4,1,1,0,1,0,1,0,1,17,6,2647.529,1
0.0,2130.7,1,1,10613.0,1,1,0,0,0,0,0,0,0,1,4,3,1061.3,1
0.0,1.1,1,1,417425.0,1,1,0,0,0,0,1,0,0,0,5,1,1.0,0
89757132.0,20281.433333,5,3,89757132.0,0,5,0,0,0,1,1,1,0,0,10,4,1000.0,0
0.0,760.5,4,4,1675256367.0,1,4,0,1,0,1,1,1,0,1,12,5,200.0,0
0.0,976.8,1,1,5821569.0,1,1,0,1,0,0,0,0,0,1,4,3,5821.569,0
661408.0,121282.833333,1,0,661408.0,0,1,0,1,0,1,1,0,0,1,14,0,10.0,1
0.0,0.164898,2,2,25065856.0,1,2,0,0,0,0,0,1,0,0,3,2,2506585.6,0
0.0,18.0,4,4,76035145.0,1,4,0,0,0,1,0,1,0,0,16,2,7603514.5,0
0.0,20878.0,2,2,9490.0,1,2,1,1,0,1,1,1,0,1,11,3,9.49,1
0.0,981.2,2,2,119865229.0,1,2,0,0,0,0,0,1,0,0,10,1,11986522.9,0
0.0,134.0,5,5,15704251.0,1,5,0,0,0,1,1,1,0,0,9,2,20.0,0
21597647.0,1.637635,1,0,21597647.0,0,1,0,0,0,0,1,0,0,0,20,1,1.0,0
7833608.2,1673044.303333,1,0,7747469.0,0,2,0,1,0,0,0,1,1,1,14,5,7747.469,1
82019999.0,15037401.816667,7,2,82019999.0,0,7,0,1,0,1,0,1,0,1,18,7,82019.999,1
289786541.0,7619558.033333,4,3,289786541.0,0,4,1,1,0,1,1,1,0,1,2,2,1000.0,1
3630.0,665.5,4,1,3630.0,0,4,1,1,0,0,0,1,0,1,6,4,3.63,1
463181090.0,84916576.666667,1,0,463181090.0,0,1,0,1,0,1,1,0,0,1,15,2,10.0,1
22634.0,4173.866667,3,2,22634.0,0,3,0,1,0,1,1,1,0,1,6,0,100.0,1
0.0,76.5,4,4,524771311.0,1,4,1,0,0,1,1,1,0,0,10,2,50.0,0
1525498.0,32480640.5,1,1,28002357.0,1,1,0,1,0,0,0,0,1,1,4,5,28002.357,1
0.0,128301815.4,1,1,116638014.0,1,1,0,0,0,1,0,0,0,0,5,3,11663801.4,0
0.0,1.1,1,1,71083190.0,1,1,0,0,0,0,0,0,0,0,10,1,7108319.0,0
5177558.0,949218.966667,1,0,5177558.0,0,1,1,1,0,0,1,0,0,1,9,3,10.0,1
525.0,94.448856,2,1,525.0,0,2,0,0,0,1,0,1,0,0,6,2,52.5,0
259643007.0,34821511.1,1,0,259462158.0,0,1,0,0,0,1,1,0,1,0,10,3,100.0,1
151702324.0,27813340.433333,1,0,151702324.0,0,1,1,1,0,1,1,0,0,1,10,3,100.0,1
0.0,1.1,1,1,7246.0,1,1,0,0,0,0,1,0,0,0,1,1,1.0,0
14906347.0,2732849.383333,1,0,14906347.0,0,1,0,1,0,1,0,0,0,1,12,5,14906.347,1
1297049.0,238671.816667,1,0,1297049.0,0,1,0,1,0,1,0,0,0,1,15,5,1297.049,1
285571837.0,15284.116667,5,4,285571837.0,0,5,0,1,0,1,1,1,0,1,13,2,100.0,0
3931493.0,720783.716667,5,3,3931493.0,0,5,1,1,0,1,1,1,0,1,26,3,100.0,1
5165178.0,773154.365663,1,0,5165178.0,0,1,0,0,0,1,0,0,0,0,17,3,516517.8,1
5575959.0,743461.2,1,0,5575959.0,0,1,0,0,0,0,0,0,0,0,34,1,557595.9,0
1349683.0,247443.383333,1,0,1349683.0,0,1,0,1,0,1,1,0,0,1,13,5,100.0,1
30134.0,5524.666667,4,2,30134.0,0,4,0,1,0,1,0,1,0,1,3,1,30.134,1
0.0,3.6,1,1,218669.0,1,1,0,0,0,1,1,0,0,0,6,1,50.0,0
123279259.0,16437234.533333,1,0,123279259.0,0,1,0,0,0,0,0,0,0,0,23,3,12327925.9,0
55815539.0,10232850.816667,3,0,55815539.0,0,3,1,1,0,1,1,1,0,1,12,8,20.0,1
0.0,4.4,2,2,735751034.0,1,2,1,1,0,0,1,1,0,1,15,4,200.0,0
0.0,3.3,3,3,1027379391.0,1,3,0,0,0,0,1,1,0,0,9,1,10.0,0
307499078.0,55560248.333333,5,1,307499078.0,0,5,0,1,0,0,1,1,0,1,22,6,1000.0,1
0.0,200.0,1,1,149335758.0,1,1,0,0,0,1,1,0,0,0,10,3,20.0,0
30838.0,5674.633333,3,2,30838.0,0,3,0,1,0,1,0,1,0,1,7,0,308.38,1
2151.0,286.8,3,0,2151.0,0,3,0,0,0,0,1,1,0,0,12,2,100.0,0
0.0,342.2,1,1,6742824.0,1,1,0,0,0,1,1,0,0,0,14,1,100.0,0
0.0,4150344.0,2,2,1886520.0,1,2,0,0,0,1,1,1,0,0,2,2,1.0,0
19192.4,21113.84,1,1,78159.0,1,1,0,0,0,0,1,0,1,0,6,2,10.0,0
627053.0,115984.416667,1,0,627053.0,0,1,0,1,0,1,0,0,0,1,16,0,6270.53,1
0.0,2478.8,2,2,584436867.0,1,2,0,0,0,1,0,1,0,0,11,2,58443686.7,0
0.0,1214.4,3,3,399069426.0,1,3,1,0,0,0,1,1,0,0,15,5,10.0,0
2076869.0,380759.316667,1,0,2076869.0,0,1,0,0,0,0,0,0,0,1,2,5,207686.9,1
0.0,1.1,1,1,372474.0,1,1,0,0,0,0,1,0,0,0,4,1,1.0,0
233382068.0,176758.666667,3,2,233382068.0,0,3,0,0,0,0,1,1,0,0,18,6,10.0,0
4863458.0,648461.066667,1,0,4863458.0,0,1,0,0,0,0,1,0,0,0,12,3,10.0,1
9853661.0,1807292.816667,1,0,9853661.0,0,1,0,1,1,1,1,0,0,1,16,3,100.0,1
0.0,13.5,4,4,39104783.0,1,4,0,0,0,1,1,1,0,0,9,1,20.0,0
0.0,1.1,1,1,9758.0,1,1,0,0,0,0,1,0,0,0,3,2,1.0,0
2173437.0,398463.75,1,0,2173437.0,0,1,0,1,0,1,1,0,0,1,19,2,100.0,1
140487.0,25755.95,1,0,140487.0,0,1,0,0,0,0,1,0,0,1,6,2,100.0,1
0.0,1302.4,1,1,277095.0,1,1,0,1,0,0,0,0,0,1,2,3,277.095,1
506904247.0,0.295368,3,2,506904247.0,0,3,0,0,0,1,0,1,0,0,16,4,50690424.7,0
0.0,255.0,3,3,1012252394.0,1,3,0,0,0,1,1,1,0,0,11,5,10.0,0
4053377.0,507431.333333,5,2,4053377.0,0,5,0,0,0,1,1,1,0,0,9,3,10.0,1
6390887.0,1171663.616667,3,0,6390887.0,0,3,0,1,0,1,1,1,0,1,10,8,10.0,1
0.0,1.1,1,1,3402.0,1,1,0,0,0,0,1,0,0,0,2,1,1.0,0
13060348.0,2394397.133333,6,2,13060348.0,0,6,0,1,0,0,0,1,0,1,21,6,13060.348,1
0.0,1969.5,1,1,640694460.0,1,1,0,0,0,1,0,0,0,0,16,6,64069446.0,0
7581.0,1389.95,4,3,7581.0,0,4,0,1,0,1,0,1,0,1,12,1,7.581,1
59603.0,6793.6,2,1,59603.0,0,2,0,0,0,1,1,1,0,0,13,7,10.0,1
68283966.0,75112362.6,1,0,68283966.0,0,1,0,0,0,0,0,0,0,0,36,0,68283966.0,0
0.0,21024932.5,1,1,19113575.0,1,1,0,0,0,0,1,0,0,0,8,1,1.0,0
6260865.0,834782.0,1,0,6260865.0,0,1,0,0,0,0,0,0,0,0,17,4,626086.5,0
0.0,27.0,4,4,24561479.0,1,4,0,0,0,1,1,1,0,0,20,2,20.0,0
12219008.0,2816.6,3,2,12219008.0,0,3,0,0,0,0,1,1,0,0,9,5,1000.0,0
0.0,10873293.2,1,1,9884812.0,1,1,0,1,0,1,0,0,0,1,19,5,9884.812,1
0.0,3.6,1,1,90568.0,1,1,0,0,0,1,1,0,0,0,9,3,20.0,0
0.0,1.829337,1,1,40091.0,1,1,0,0,0,0,1,0,0,0,7,1,1.0,0
0.0,16.8,1,1,1587504.0,1,1,0,0,0,1,1,0,0,0,14,2,20.0,0
0.0,3050.3,1,1,7334080.0,1,1,0,1,0,0,0,0,0,1,3,3,7334.08,1
21149.1,23267.31,1,1,37656854.0,1,1,0,0,0,0,0,0,1,0,10,3,3765685.4,0
222585780.0,7327749.8,4,2,222585780.0,0,4,0,0,0,1,0,1,0,0,23,7,22258578.0,1
0.0,140.3,2,2,899087.0,1,2,0,0,0,1,1,1,0,0,19,1,100.0,0
0.0,23.034375,1,1,103.0,1,1,0,0,0,1,1,0,0,0,8,2,10.3,0
21363.0,3917.15,3,0,21363.0,0,3,1,1,0,1,1,1,0,1,12,3,10.0,1
4077803.0,0.878505,3,2,4077803.0,0,3,0,0,0,0,1,1,0,0,3,4,10.0,0
276610844.0,48893645.35,4,3,276610844.0,0,4,1,1,0,0,1,1,0,1,15,2,1000.0,1
529562005.0,97086378.483333,1,0,529562005.0,0,1,1,1,0,1,1,0,0,1,12,0,10.0,1
955.0,176.483333,1,0,955.0,0,1,1,1,0,1,0,0,0,1,14,2,0.955,0
9018175.0,1703207.483333,1,0,9018175.0,0,1,0,1,0,1,1,0,0,1,6,3,1000.0,1
3776.0,692.466667,2,1,3776.0,0,2,1,1,0,1,0,1,0,1,4,2,3.776,1
13247.0,2429.316667,2,0,13247.0,0,2,0,1,0,1,0,1,0,1,7,2,13.247,1
0.0,6583550.6,2,2,2992523.0,1,2,0,0,0,1,1,1,0,0,14,2,100.0,0
58758878.0,1.921697,2,1,58758878.0,0,2,0,0,0,1,1,1,0,0,12,2,10.0,0
230874.0,253963.6,1,1,22014801.0,1,1,0,0,0,0,0,0,1,0,4,3,2201480.1,0
487.0,89.483333,3,1,487.0,0,3,1,1,1,1,1,1,0,1,6,3,0.487,0
11188.0,2059.033333,1,0,11188.0,0,1,0,1,0,1,1,0,0,1,13,0,10.0,1
5340009.0,5796523.6,1,0,724069.0,0,1,1,0,0,1,0,0,1,0,9,1,72406.9,1
27444.0,5032.7,2,1,27444.0,0,2,1,1,0,1,1,1,0,1,15,0,10.0,1
0.0,1.424464,1,1,35618012.0,1,1,0,0,0,0,1,0,0,0,19,2,1.0,0
0.0,650226.5,1,1,591115.0,1,1,0,0,0,0,0,0,0,1,3,2,59111.5,1
1265387.0,231997.616667,3,1,1265387.0,0,3,1,1,0,1,1,1,0,1,15,3,100.0,1
0.0,1.1,1,1,1404.0,1,1,0,0,0,0,1,0,0,0,9,1,1.0,0
0.0,203.5,5,5,4546822.0,1,5,0,0,0,0,0,1,0,0,16,3,454682.2,0
0.0,523.460257,1,1,1980.0,1,1,1,1,0,1,1,0,0,1,12,1,1.98,1
0.0,50.6,1,1,949373.0,1,1,0,1,0,0,0,0,0,1,1,3,949.373,0
0.0,1.1,1,1,32956.0,1,1,0,0,0,0,0,0,0,0,3,1,3295.6,0
4452924.0,816382.5,6,3,4452924.0,0,6,1,1,0,1,0,1,0,1,24,2,4452.924,1
0.0,17972.9,1,1,58584214.0,1,1,0,1,0,0,0,0,0,1,3,3,58584.214,1
570139.0,104525.483333,1,0,570139.0,0,1,0,1,0,0,1,0,0,1,18,3,10.0,1
0.0,200.0,1,1,154525.0,1,1,0,0,0,1,1,0,0,0,3,4,20.0,0
0.0,40.8,1,1,77906227.0,1,1,0,0,0,1,0,0,0,0,9,5,7790622.7,0
141577.0,25955.783333,1,0,141577.0,0,1,0,1,0,0,1,0,0,1,11,4,10.0,1
0.0,1.1,1,1,11141422.0,1,1,0,0,0,0,1,0,0,0,6,1,1.0,0
21652.0,3977.833333,3,2,21652.0,0,3,1,1,0,1,0,1,0,1,13,3,21.652,1
285131862.0,52274543.7,1,0,285131862.0,0,1,0,1,0,1,0,0,0,1,3,3,285131.862,1
14883218.0,11058.566667,6,4,14883218.0,0,6,0,0,0,1,1,1,0,0,21,1,10.0,0
4059.0,1.415709,2,0,4059.0,0,2,0,0,0,1,1,1,0,0,11,4,1.0,0
0.0,2585.0,1,1,797445.0,1,1,0,0,0,0,0,0,0,1,4,1,79744.5,1
64011288.0,8478447.8,4,2,64011288.0,0,4,0,0,0,1,1,1,0,0,12,3,10.0,1
948561.0,173903.05,1,0,948561.0,0,1,0,1,1,1,1,0,0,1,22,0,100.0,1
57351994.0,7646932.533333,1,0,57351994.0,0,1,0,0,0,0,0,0,0,0,28,3,5735199.4,0
63109.0,11569.983333,4,1,63109.0,0,4,0,1,0,0,1,1,0,1,10,0,100.0,1
0.0,623.7,1,1,8394355.0,1,1,0,0,0,0,0,0,0,1,4,3,839435.5,0
6289934.0,838657.866667,1,0,6289934.0,0,1,0,0,0,0,0,0,0,0,11,0,6289934.0,0
0.0,445896977.9,1,1,405360889.0,1,1,0,0,0,1,0,0,0,0,3,2,40536088.9,0
18175466.0,2823.5,6,5,18175466.0,0,6,0,0,0,1,1,1,0,0,17,7,100.0,0
0.0,3.6,1,1,45433.0,1,1,0,0,0,1,1,0,0,0,11,1,50.0,0
14036148.0,2573293.8,1,0,14036148.0,0,1,1,1,0,0,1,0,0,1,16,3,100.0,1
661190.0,121232.966667,1,0,661190.0,0,1,0,1,0,1,0,0,0,1,6,2,661.19,1
0.0,28240663.0,1,1,25673330.0,1,1,0,0,0,0,1,0,0,0,10,1,20.0,0
0.0,1.1,1,1,734785.0,1,1,0,0,0,0,0,0,0,0,4,2,73478.5,0
0.0,22241904.3,3,3,6739971.0,1,3,0,0,0,1,1,1,0,0,12,4,20.0,0
0.0,57729725.9,1,1,52481569.0,1,1,0,0,0,0,1,0,0,0,1,2,1.0,0
13.0,2.838412,1,0,13.0,0,1,0,0,0,1,0,0,0,0,9,3,1.3,0
0.0,12200382.7,1,1,11091257.0,1,1,0,0,0,0,0,0,0,0,28,3,1109125.7,1
47161361.0,10573.016667,2,1,47161361.0,0,2,0,1,0,0,1,1,0,1,6,5,10.0,0
9849018.0,1491123.625335,1,0,9849018.0,0,1,0,0,0,1,0,0,0,0,31,2,984901.8,1
0.0,33.0,1,1,22740156.0,1,1,0,0,0,0,0,0,0,1,3,2,2274015.6,0
0.0,1.1,1,1,10261723.0,1,1,0,0,0,0,0,0,0,0,7,1,1026172.3,0
0.0,445017716.0,1,1,404561560.0,1,1,0,0,0,0,0,0,0,0,11,3,40456156.0,1
721802720.0,0.864883,3,1,721802720.0,0,3,0,0,0,0,1,1,0,0,15,3,1.0,0
37115196.0,4948692.8,1,0,37115196.0,0,1,0,0,0,0,0,0,0,0,15,2,3711519.6,1
0.0,13.6,3,3,1193390160.0,1,3,0,0,0,1,1,1,0,0,2,4,50.0,0
23140611.0,3085414.8,1,0,23140611.0,0,1,0,0,0,0,0,0,0,0,9,2,2314061.1,0
0.0,169.2,1,1,179727905.0,1,1,0,0,0,1,1,0,0,0,13,2,20.0,0
0.0,6000868.5,1,1,5455335.0,1,1,0,0,0,0,0,0,0,0,32,4,545533.5,0
5991518.0,1098446.366667,6,2,5991518.0,0,6,1,1,0,1,0,1,0,1,16,8,5991.518,1
35287.0,6477.183333,3,1,35287.0,0,3,1,1,0,1,0,1,0,1,12,1,35.287,1
473221814.0,63096241.866667,1,0,473221814.0,0,1,0,0,0,0,0,0,0,0,9,4,47322181.4,0
294021.8,5969827.38,1,1,5133094.0,1,1,0,0,0,0,1,0,1,0,3,1,10.0,0
0.0,1.1,1,1,19668.0,1,1,0,0,0,0,1,0,0,0,7,1,1.0,0
0.0,1.1,1,1,12441234.0,1,1,0,0,0,0,1,0,0,0,11,1,1.0,0
214514864.0,0.369218,2,1,214514864.0,0,2,0,0,0,0,1,1,0,0,2,1,10.0,0
0.0,399827693.1,1,1,363479721.0,1,1,0,1,0,0,0,0,0,1,25,4,363479.721,1
170867515.0,31325711.083333,1,0,170867515.0,0,1,0,1,0,0,0,0,0,1,6,5,170867.515,1
0.0,1.1,1,1,174673311.0,1,1,0,0,0,0,1,0,0,0,1,1,1.0,0
0.0,0.647457,1,1,1220958.0,1,1,0,0,0,1,1,0,0,0,18,4,1.0,0
184890832.0,8587178.216667,3,2,184890832.0,0,3,0,1,0,1,0,1,0,1,19,2,184890.832,1
79788021.0,593.866667,2,1,79788021.0,0,2,0,0,0,1,1,1,0,0,15,6,1000.0,0
0.0,148.5,1,1,136733.0,1,1,0,0,0,0,1,0,0,0,15,1,10.0,0
0.0,1.1,1,1,42600022.0,1,1,0,0,0,0,1,0,0,0,8,2,1.0,0
6759433.0,448049.833333,4,3,6759433.0,0,4,0,0,0,0,1,1,0,0,8,6,100.0,1
9325913.9,1788623.356667,1,0,9297233.0,0,1,1,1,0,0,0,0,1,1,6,1,9297.233,1
29138.0,5357.666667,1,0,29138.0,0,1,1,1,0,1,0,0,0,1,9,1,29.138,1
2359442.0,314752.466667,1,0,2359442.0,0,1,0,0,0,1,1,0,0,0,10,2,10.0,1
0.0,29.75,1,1,105.0,1,1,0,1,0,1,1,0,0,1,10,3,0.105,0
77972517.0,14294963.45,8,2,77972517.0,0,8,1,1,0,1,1,1,0,1,5,8,20.0,1
0.0,12085932.1,1,1,10987211.0,1,1,1,1,0,0,0,0,0,1,5,5,10987.211,1
0.0,216.0,4,4,1205935843.0,1,4,1,0,0,1,1,1,0,0,15,3,10.0,0
5638456.0,751915.833333,1,0,5638456.0,0,1,0,0,0,1,0,0,0,0,9,3,563845.6,1
17825.0,3268.016667,3,2,17825.0,0,3,1,1,0,1,0,1,0,1,4,3,17.825,1
129833.4,142834.34,1,1,326303.0,1,1,0,0,0,0,1,0,1,0,8,2,10.0,0
385012381.0,412301.1,6,5,385012381.0,0,6,1,1,0,1,1,1,0,1,2,5,10.0,1
9188241.0,1684520.85,6,0,9188241.0,0,6,0,1,0,1,1,1,0,1,19,3,100.0,1
0.0,574.2,3,3,430431.0,1,3,0,0,0,0,1,1,0,0,3,5,100.0,0
0.0,448371201.3,1,1,407610183.0,1,1,0,1,0,1,0,0,0,1,17,1,407610.183,1
19176433.0,11242771.283333,1,0,12151804.0,0,1,1,1,0,0,0,0,1,1,10,2,12151.804,1
0.0,666.6,1,1,69115279.0,1,1,0,0,0,0,1,0,0,0,4,3,10.0,0
881354.0,161581.566667,1,0,881354.0,0,1,0,0,0,0,1,0,0,1,8,5,100.0,1
0.0,561.0,3,3,2544549880.0,1,3,0,0,0,1,0,1,0,0,10,6,254454988.0,0
21830.0,4002.266667,4,2,21830.0,0,4,1,1,1,1,1,1,0,1,7,0,10.0,1
0.0,151358.9,1,1,137599.0,1,1,0,1,0,0,0,0,0,1,2,1,137.599,0
0.0,929885256.3,1,1,845350233.0,1,1,0,1,0,0,0,0,0,1,10,1,845350.233,0
6163094.6,104912202.56,1,1,89211635.0,1,1,1,1,0,1,0,0,1,1,4,5,89211.635,1
0.0,2698.3,1,1,152483.0,1,1,0,0,0,0,1,0,0,0,2,1,100.0,1
2120325.0,3540509.5,1,1,1098320.0,1,1,1,1,0,1,1,0,1,1,16,3,100.0,1
657289117.0,120503005.283333,1,0,657289117.0,0,1,0,1,0,1,0,0,0,1,23,2,657289.117,1
0.0,1.1,1,1,4167.0,1,1,0,0,0,0,1,0,0,0,12,1,1.0,0
11161312.0,2046240.533333,1,0,11161312.0,0,1,0,0,0,0,0,0,0,1,17,3,1116131.2,1
5996210.0,1099305.166667,1,0,5996210.0,0,1,0,1,0,0,0,0,0,1,25,2,5996.21,1
0.0,3129.5,1,1,2845.0,1,1,0,0,0,0,1,0,0,0,8,2,1.0,0
91389460.0,12185261.333333,1,0,91389460.0,0,1,0,0,0,0,0,0,0,0,8,3,9138946.0,1
0.0,707807083.5,5,5,128692197.0,1,5,0,0,0,1,1,1,0,0,7,4,100.0,0
1476756.7,1942898.803333,1,0,868707.0,0,2,0,1,0,1,0,1,1,1,9,5,868.707,1
6006914.0,1105545.666667,8,2,6006914.0,0,8,0,1,0,1,0,1,0,1,19,3,6006.914,1
0.0,1.1,1,1,9181396.0,1,1,0,0,0,0,1,0,0,0,8,1,1.0,0
23912.0,2396.466667,2,1,23912.0,0,2,0,0,0,1,1,1,0,0,19,3,10.0,1
1751.9,1943.59,1,1,11912052.0,1,1,0,0,0,0,1,0,1,0,5,3,10.0,0
5734.0,1073.333333,3,2,5734.0,0,3,0,1,0,1,0,1,0,1,5,2,5.734,1
477123336.0,87472611.6,1,0,477123336.0,0,1,0,1,0,0,0,0,0,1,18,2,477123.336,1
11246.0,12535.6,1,1,20045039.0,1,1,0,0,0,0,0,0,1,0,3,3,2004503.9,0
10541.0,1958.616667,1,0,10541.0,0,1,1,1,0,1,1,0,0,1,15,1,10.541,1
745.0,203.011312,4,1,745.0,0,4,0,1,0,1,0,1,0,1,5,3,0.745,0
2843991.0,521399.35,5,3,2843991.0,0,5,0,1,0,1,1,1,0,1,21,7,10.0,1
0.0,2929917.1,1,1,2663561.0,1,1,0,1,0,1,1,0,0,1,5,2,100.0,1
2573.0,471.816667,2,0,2573.0,0,2,0,1,0,1,1,1,0,1,4,3,2.573,1
0.0,13.2,2,2,934201583.0,1,2,0,0,0,0,1,1,0,0,14,6,200.0,0
33947784.0,6223760.4,1,0,33947784.0,0,1,1,1,0,0,1,0,0,1,15,2,10.0,1
56603005.0,10144720.1,5,3,56603005.0,0,5,0,1,0,1,1,1,0,1,20,1,100.0,1
0.0,83165239.3,1,1,75604763.0,1,1,0,0,0,0,0,0,0,0,3,1,7560476.3,0
8834293.0,1619620.383333,1,0,8834293.0,0,1,0,1,0,0,0,0,0,1,19,5,8834.293,1
0.0,347859.6,1,1,316236.0,1,1,0,0,0,0,0,0,0,0,4,1,31623.6,0
0.0,251.9,3,3,1374.0,1,3,0,1,0,0,1,1,0,1,9,3,1.374,0
604373191.0,110801751.683333,1,0,604373191.0,0,1,0,1,0,0,0,0,0,1,22,2,604373.191,1
0.0,1.1,1,1,52409296.0,1,1,0,0,0,0,1,0,0,0,9,1,1.0,0
0.0,29.7,1,1,57506.0,1,1,0,0,0,0,0,0,0,1,3,2,5750.6,0
0.0,205.7,1,1,177914727.0,1,1,0,0,0,0,1,0,0,0,14,2,10.0,0
0.0,73.7,1,1,82635.0,1,1,0,0,0,0,0,0,0,1,1,3,8263.5,0
4585814.0,840732.566667,1,0,4585814.0,0,1,0,1,0,0,1,0,0,1,4,4,1000.0,1
446.0,59.466667,4,0,446.0,0,4,0,0,0,0,0,1,0,0,7,2,44.6,0
0.0,158.2,1,1,219789.0,1,1,0,0,0,1,1,0,0,0,3,1,20.0,0
0.0,2.2,1,1,77869.0,1,1,0,0,0,0,1,0,0,0,8,4,50.0,0
26111528.0,4786046.466667,3,1,26111528.0,0,3,1,1,0,0,1,1,0,1,15,6,100.0,1
0.0,1190.0,3,3,615308236.0,1,3,0,1,0,1,1,1,0,1,12,3,200.0,0
37782790.0,6926847.533333,6,2,37782790.0,0,6,0,1,0,1,1,1,0,1,9,5,100.0,1
26.0,4.325072,1,0,26.0,0,1,0,0,0,1,0,0,0,0,2,3,2.6,0
0.0,3.3,3,3,4125743.0,1,3,0,0,0,0,0,1,0,0,15,4,412574.3,0
0.0,1780.7,1,1,23961584.0,1,1,0,0,0,1,1,0,0,0,8,3,20.0,0
409343.0,75047.316667,1,0,409343.0,0,1,0,0,0,1,1,0,0,1,6,3,1000.0,1
20664588.0,471819.0,4,3,20664588.0,0,4,0,0,0,0,1,1,0,0,4,3,1000.0,1
2829.4,5541704.74,1,1,5035084.0,1,1,0,0,0,0,0,0,1,0,2,2,503508.4,0
1902718.0,348832.333333,3,1,1902718.0,0,3,0,1,0,1,1,1,0,1,6,1,100.0,1
0.0,74.516667,1,1,263.0,1,1,1,1,0,1,1,0,0,1,3,1,0.263,0
2286321.0,304842.8,1,0,2286321.0,0,1,0,0,0,0,0,0,0,0,15,0,2286321.0,0
22890615.0,4196613.75,6,0,22890615.0,0,6,0,1,0,1,1,1,0,1,30,3,10.0,1
321578.0,42877.566667,1,0,321578.0,0,1,0,0,0,1,0,0,0,0,8,2,32157.8,1
215105.7,426877.77,1,1,172965.0,1,1,0,0,0,0,1,0,1,0,2,2,100.0,0
63560800.0,11652823.333333,6,1,63560800.0,0,6,0,1,0,1,1,1,0,1,28,2,100.0,1
0.0,2.054042,3,3,184239310.0,1,3,0,0,0,0,1,1,0,0,3,1,10.0,0
3237978.0,1.413584,3,2,3237978.0,0,3,0,0,0,0,1,1,0,0,8,3,1.0,0
0.0,1.1,1,1,2449.0,1,1,0,0,0,0,1,0,0,0,7,1,1.0,0
9539229.0,1748858.65,1,0,9539229.0,0,1,0,1,0,0,1,0,0,1,16,3,100.0,1
0.0,1.1,1,1,216976689.0,1,1,0,0,0,0,0,0,0,0,7,1,21697668.9,0
2122280.0,389155.366667,1,0,2122280.0,0,1,1,1,0,1,1,0,0,1,5,4,100.0,1
94430.0,12590.666667,1,0,94430.0,0,1,0,0,0,0,1,0,0,0,4,5,1000.0,1
0.0,313.5,1,1,65560.0,1,1,0,0,0,0,1,0,0,0,5,2,10.0,0
1769239.0,324370.483333,8,2,1769239.0,0,8,0,1,0,1,1,1,0,1,9,1,100.0,1
2451467.0,1.581119,2,0,2451467.0,0,2,0,0,0,0,1,1,0,0,4,2,10.0,0
9271007.9,24362682.706667,1,0,1029924.0,0,2,1,1,0,1,1,1,1,1,10,1,100.0,1
0.0,39151.2,4,4,8898.0,1,4,0,1,0,1,1,1,0,1,12,1,8.898,1
4951.0,907.683333,1,0,4951.0,0,1,1,1,0,0,1,0,0,1,8,4,4.951,1
229152.0,42050.7,1,0,229152.0,0,1,0,0,0,1,1,0,0,1,15,3,100.0,1
2230.1,2469.61,1,1,393930.0,1,1,0,0,0,0,1,0,1,0,5,2,100.0,0
0.0,242.0,5,5,19695681.0,1,5,0,0,0,0,1,1,0,0,19,1,100.0,0
157978.0,29161.333333,1,0,157978.0,0,1,0,1,0,1,1,0,0,1,16,1,10.0,1
0.0,243.1,1,1,469692074.0,1,1,0,0,0,0,0,0,0,0,5,4,46969207.4,0
101977046.0,21806.966667,3,2,101977046.0,0,3,0,0,0,1,1,1,0,0,9,2,1000.0,0
0.0,763.6,2,2,205312232.0,1,2,0,0,0,1,1,1,0,0,7,2,200.0,0
261069964.0,47862826.833333,1,0,261069964.0,0,1,0,1,0,1,0,0,0,1,19,2,261069.964,1
65349947.0,11980824.616667,3,1,65349947.0,0,3,1,1,0,1,0,1,0,1,30,7,65349.947,1
0.0,182.6,1,1,3498169.0,1,1,0,0,0,0,1,0,0,0,8,1,10.0,0
241729.1,266322.21,1,1,49622.0,1,1,0,0,0,0,1,0,1,0,3,2,100.0,0
65552.0,12210.266667,1,0,65552.0,0,1,0,1,0,1,1,0,0,1,14,4,65.552,1
0.0,1658.8,4,4,4438721.0,1,4,0,0,0,0,1,1,0,0,19,3,100.0,0
0.0,205.2,1,1,10003.0,1,1,0,0,0,1,0,0,0,0,10,1,1000.3,0
18924.1,21292.81,1,1,47882117.0,1,1,0,0,0,0,1,0,1,0,10,1,100.0,0
372846.0,68355.1,1,0,372846.0,0,1,0,1,0,0,1,0,0,1,6,1,100.0,1
7655152.0,1403455.133333,3,0,7655152.0,0,3,1,1,0,1,0,1,0,1,17,1,7655.152,1
21.0,3.85,2,0,21.0,0,2,0,1,0,0,1,1,0,1,2,1,0.021,0
23141.0,4246.116667,2,1,23141.0,0,2,1,1,0,1,0,1,0,1,12,4,23.141,1
755090012.0,100678668.266667,1,0,755090012.0,0,1,0,0,0,0,0,0,0,0,8,3,75509001.2,0
8305948.0,1105076.5,4,1,8305948.0,0,4,0,0,0,1,1,1,0,0,8,2,100.0,1
0.0,1.1,1,1,26591930.0,1,1,0,0,0,0,1,0,0,0,8,1,1.0,0
0.0,30.8,1,1,70098349.0,1,1,0,0,0,0,1,0,0,0,4,2,10.0,0
518914.0,95134.233333,1,0,518914.0,0,1,0,1,1,0,1,0,0,1,11,3,100.0,1
0.0,1322619.1,1,1,1202381.0,1,1,0,0,0,0,0,0,0,1,1,1,120238.1,0
15099240.0,2725039.716667,2,1,15099240.0,0,2,0,1,0,0,1,1,0,1,9,7,100.0,1
0.0,8.8,2,2,2869178.0,1,2,0,0,0,0,1,1,0,0,11,1,100.0,0
5275065.0,549960.4,5,4,5275065.0,0,5,0,1,0,0,1,1,0,1,14,5,10.0,1
0.0,84.0,1,1,56065192.0,1,1,0,0,0,1,1,0,0,0,4,1,100.0,0
437055804.0,80126902.1,5,2,437055804.0,0,5,1,1,0,1,1,1,0,1,9,6,100.0,1
0.0,2625.6,1,1,23572.0,1,1,0,0,0,1,0,0,0,0,5,3,2357.2,1
9012.0,1652.3,4,1,9012.0,0,4,0,1,1,1,0,1,0,1,3,4,9.012,1
0.0,44.2,3,3,791317197.0,1,3,0,0,0,1,0,1,0,0,6,6,79131719.7,0
0.0,1.1,1,1,238900.0,1,1,0,0,0,0,0,0,0,0,1,2,23890.0,0
117.0,22.35,1,0,117.0,0,1,1,1,1,1,1,0,0,1,14,3,0.117,0
4076.0,748.066667,4,1,4076.0,0,4,1,1,1,1,1,1,0,1,9,4,4.076,1
1109.0,147.866667,2,1,1109.0,0,2,0,0,0,0,0,1,0,0,7,2,110.9,0
0.0,923766.8,1,1,839788.0,1,1,0,0,0,1,1,0,0,0,9,3,50.0,0
68654568.0,11336.033333,5,4,68654568.0,0,5,1,1,0,1,0,1,0,1,19,6,68654.568,0
3655812.0,687803.1,1,0,3655812.0,0,1,0,1,0,1,0,0,0,1,2,3,3655.812,1
0.0,1035284373.2,4,4,235291903.0,1,4,0,1,0,1,0,1,0,1,19,5,235291.903,1
17596231.0,5016943.983333,1,0,15968078.0,0,1,0,1,0,0,0,0,1,1,19,2,15968.078,1
0.0,1894.2,1,1,1856611.0,1,1,0,0,0,0,0,0,0,1,4,1,185661.1,1
12.0,2.937867,1,0,12.0,0,1,1,1,0,1,1,0,0,1,5,2,0.012,0
65363.0,11983.316667,1,0,65363.0,0,1,0,0,0,1,1,0,0,1,7,0,100.0,1
0.0,21991764.3,3,3,6664171.0,1,3,0,1,0,1,1,1,0,1,18,5,20.0,1
0.0,306.9,1,1,392219967.0,1,1,0,1,0,0,0,0,0,1,4,1,392219.967,0
1468.0,313.32029,3,1,1468.0,0,3,0,0,0,1,1,1,0,0,2,2,10.0,1
16765.0,6459.55,2,1,16765.0,0,2,1,1,0,1,0,1,0,1,8,3,16.765,1
339706.0,45294.133333,1,0,339706.0,0,1,0,0,0,0,1,0,0,0,16,2,1000.0,1
223690471.0,15586.066667,6,5,223690471.0,0,6,0,0,0,0,1,1,0,0,2,3,100.0,0
657.0,776.6,1,1,28209.0,1,1,0,0,0,0,1,0,1,0,2,1,10.0,0
481443892.0,44427794.833333,6,3,481443892.0,0,6,0,0,0,1,1,1,0,0,5,5,1000.0,1
474332088.0,31575095.7,5,2,474332088.0,0,5,0,0,0,1,1,1,0,0,20,4,10.0,1
0.0,1594594698.4,4,4,362407886.0,1,4,0,0,0,0,0,1,0,0,10,3,36240788.6,0
164019829.0,30070303.983333,5,2,164019829.0,0,5,0,1,0,1,1,1,0,1,12,7,20.0,1
582656808.0,106820414.8,1,0,582656808.0,0,1,1,1,1,0,0,0,0,1,10,4,582656.808,1
6025921.0,803456.133333,1,0,6025921.0,0,1,0,0,0,0,0,0,0,0,29,3,602592.1,1
0.0,1575264838.4,8,8,179007368.0,1,8,1,1,0,1,0,1,0,1,18,3,179007.368,1
3115365.0,571185.35,1,0,3115365.0,0,1,0,0,0,1,1,0,0,1,7,2,100.0,1
189.5,461.45,1,1,51651.0,1,1,0,0,0,0,1,0,1,0,7,3,10.0,0
7478888.0,1371179.466667,1,0,7478888.0,0,1,0,1,0,1,1,0,0,1,20,5,10.0,1
140120122.0,6444665.866667,5,2,140120122.0,0,5,0,1,0,1,1,1,0,1,18,5,1000.0,1
1115679.2,725287.436667,1,0,926403.0,0,2,0,1,0,1,0,1,1,1,10,3,926.403,1
0.0,1.1,1,1,68805136.0,1,1,0,0,0,0,0,0,0,0,11,1,6880513.6,0
145357240.0,26968121.158621,1,0,145357240.0,0,1,0,0,0,1,0,0,0,0,16,0,145357240.0,1
354705256.0,65029301.633333,3,1,354705256.0,0,3,0,1,0,1,1,1,0,1,6,4,100.0,1
0.0,110932.8,4,4,25212.0,1,4,1,1,0,1,1,1,0,1,13,3,10.0,1
3931187.0,721397.316667,1,0,3931187.0,0,1,0,1,0,1,0,0,0,1,11,1,3931.187,1
0.0,1.1,1,1,2648.0,1,1,0,0,0,0,1,0,0,0,9,1,1.0,0
29902742.0,1441.8,4,3,29902742.0,0,4,0,0,0,1,1,1,0,0,19,2,1000.0,0
0.0,1.1,1,1,47209.0,1,1,0,0,0,0,0,0,0,0,8,1,4720.9,0
0.0,4247.1,1,1,177541.0,1,1,0,1,0,0,0,0,0,1,2,3,177.541,1
28098377.6,10137363.126667,1,0,25321513.0,0,1,1,0,0,1,0,0,1,0,3,4,2532151.3,1
26674754.0,4890372.566667,4,1,26674754.0,0,4,0,1,0,1,1,1,0,1,16,2,10.0,1
4061859.0,541581.2,1,0,4061859.0,0,1,0,0,0,0,1,0,0,0,4,4,10.0,1
28643.0,5251.216667,2,1,28643.0,0,2,1,1,0,0,0,1,0,1,5,2,28.643,1
40008918.0,7334968.3,1,0,40008918.0,0,1,1,1,0,0,1,0,0,1,16,1,100.0,1
0.0,896.0,5,5,117443872.0,1,5,0,0,0,1,0,1,0,0,9,3,11744387.2,0
5.0,0.666667,1,0,5.0,0,1,0,0,0,0,0,0,0,0,5,1,0.5,0
0.0,10887.8,1,1,31959.0,1,1,0,0,0,0,0,0,0,1,2,3,3195.9,1
2047.0,375.283333,2,1,2047.0,0,2,1,1,0,0,0,1,0,1,2,1,2.047,1
4182.0,767.0,1,0,4182.0,0,1,0,1,0,1,0,0,0,1,13,3,4.182,1
50128140.0,1.733184,3,2,50128140.0,0,3,0,0,0,0,1,1,0,0,18,2,10.0,0
3734.0,685.266667,2,1,3734.0,0,2,1,1,0,1,1,1,0,1,15,3,3.734,1
0.0,1.1,1,1,12568503.0,1,1,0,0,0,0,0,0,0,0,8,1,1256850.3,0
0.0,1.1,1,1,2932.0,1,1,0,0,0,0,0,0,0,0,11,2,293.2,0
0.0,304.5,5,5,1278146.0,1,5,0,0,0,1,1,1,0,0,17,3,20.0,0
0.0,12335.4,3,3,3738.0,1,3,0,1,1,1,1,1,0,1,10,3,3.738,1
330593057.0,44079074.266667,1,0,330593057.0,0,1,0,0,0,0,0,0,0,0,40,4,33059305.7,0
0.0,4812.5,1,1,443583.0,1,1,0,0,0,0,0,0,0,1,1,2,44358.3,1
31103077.0,1.90688,3,2,31103077.0,0,3,0,0,0,0,1,1,0,0,12,3,10.0,0
0.0,1275.0,5,5,176533154.0,1,5,0,0,0,1,1,1,0,0,12,1,100.0,0
13046.0,2391.866667,4,2,13046.0,0,4,0,1,1,1,1,1,0,1,4,3,13.046,1
41178914.0,4982431.1,5,3,41178914.0,0,5,0,0,0,0,0,1,0,0,17,3,4117891.4,1
0.0,26.4,4,4,42200562.0,1,4,0,0,0,0,1,1,0,0,7,4,100.0,0
0.0,1.1,1,1,10645.0,1,1,0,0,0,0,0,0,0,1,1,2,1064.5,0
0.0,1.1,1,1,547378.0,1,1,0,0,0,0,1,0,0,0,12,1,1.0,0
0.0,1.1,1,1,5323.0,1,1,0,0,0,0,1,0,0,0,7,1,1.0,0
7363.0,0.941768,1,0,7363.0,0,1,0,0,0,0,1,0,0,0,17,3,1.0,0
0.0,108837214.2,1,1,98942922.0,1,1,0,0,0,0,0,0,0,1,2,3,9894292.2,0
3760893.0,691927.95,1,0,3760893.0,0,1,1,1,0,1,0,0,0,1,14,4,3760.893,1
0.0,1.2,1,1,31227877.0,1,1,0,0,0,1,1,0,0,0,13,4,10.0,0
137305272.0,18307425.6,2,0,137305272.0,0,2,0,0,0,1,0,1,0,0,18,1,13730527.2,1
81381.0,15101.05,1,0,81381.0,0,1,0,1,0,1,1,0,0,1,8,1,81.381,1
197811262.1,41823646.976667,1,0,195790083.0,0,1,0,1,0,1,0,0,1,1,7,1,195790.083,1
0.0,558.8,1,1,19168860.0,1,1,0,0,0,0,0,0,0,1,4,1,1916886.0,0
193514310.0,25801683.033333,2,1,193514310.0,0,2,0,0,0,0,0,1,0,0,19,5,19351431.0,1
0.0,1.1,1,1,13370835.0,1,1,0,0,0,0,1,0,0,0,9,1,1.0,0
0.0,75.9,1,1,598913213.0,1,1,0,1,0,0,1,0,0,1,18,2,10.0,0
385406069.0,70657779.316667,1,0,385406069.0,0,1,0,1,1,0,1,0,0,1,9,1,10.0,1
0.0,1.1,1,1,166786195.0,1,1,0,0,0,0,0,0,0,1,4,3,16678619.5,0
174836899.0,32053847.783333,5,1,174836899.0,0,5,0,1,0,1,0,1,0,1,14,5,174836.899,1
0.0,1502.8,3,3,1243988397.0,1,3,0,1,0,1,1,1,0,1,5,6,200.0,0
238685076.0,43763054.3,1,0,238685076.0,0,1,1,1,0,1,0,0,0,1,24,3,238685.076,1
0.0,2.2,1,1,7294648.0,1,1,0,0,0,0,0,0,0,1,4,3,729464.8,0
0.0,1116.0,4,4,2295519752.0,1,4,0,0,0,1,1,1,0,0,17,6,10.0,0
1175961.0,156843.0,1,0,1175961.0,0,1,0,0,0,1,1,0,0,0,10,0,100.0,1
0.0,1.115103,1,1,1284972.0,1,1,0,0,0,0,1,0,0,0,17,3,1.0,0
356332911.0,65327700.35,1,0,356332911.0,0,1,0,1,0,0,0,0,0,1,20,2,356332.911,1
23801540.0,4363619.366667,7,3,23801540.0,0,7,0,1,0,1,0,1,0,1,28,4,23801.54,1
0.0,2151.0,2,2,150012920.0,1,2,0,0,0,1,1,1,0,0,5,4,200.0,0
16949673.0,2862338.412172,1,0,16949673.0,0,1,0,0,0,1,0,0,0,0,38,4,1694967.3,1
226114684.0,6969.6,2,1,226114684.0,0,2,0,1,0,0,1,1,0,1,9,2,10.0,0
0.0,1111.0,5,5,47814024.0,1,5,0,0,0,0,1,1,0,0,5,1,100.0,0
431291.0,57532.766667,1,0,431291.0,0,1,0,0,0,1,1,0,0,0,17,2,1000.0,1
2493596.4,1141569.44,1,0,2141882.0,0,1,0,0,0,1,0,0,1,0,19,4,214188.2,1
0.0,2.062882,2,2,4407667.0,1,2,0,0,0,0,1,1,0,0,12,3,1.0,0
31652.0,5803.666667,4,1,31652.0,0,4,1,1,1,1,1,1,0,1,11,4,31.652,1
11247.0,2077.65,4,1,11247.0,0,4,0,1,0,1,1,1,0,1,4,4,11.247,1
0.0,22.4,5,5,57808117.0,1,5,0,0,0,1,1,1,0,0,14,4,100.0,0
659.0,120.816667,1,0,659.0,0,1,1,1,0,0,1,0,0,1,10,3,0.659,0
17425095.0,1.003028,1,0,17425095.0,0,1,0,0,0,0,1,0,0,0,11,2,10.0,0
0.0,1.1,1,1,249389809.0,1,1,0,0,0,0,1,0,0,0,9,1,1.0,0
157474172.0,28871827.066667,1,0,157474172.0,0,1,0,1,0,1,0,0,0,1,21,2,157474.172,1
10104.0,1853.9,2,0,10104.0,0,2,1,1,0,1,1,1,0,1,4,1,10.104,1
1237.0,291.887245,3,1,1237.0,0,3,1,1,0,1,0,1,0,1,8,2,1.237,1
57527449.0,2670641.583333,3,2,57527449.0,0,3,1,1,0,1,1,1,0,1,18,4,100.0,1
0.0,1151.6,1,1,399632.0,1,1,0,0,0,1,1,0,0,0,2,2,10.0,1
8729.0,1600.316667,3,1,8729.0,0,3,1,1,0,0,1,1,0,1,9,3,8.729,1
0.0,22.5,4,4,78999613.0,1,4,0,0,0,1,0,1,0,0,4,2,7899961.3,0
0.0,2680.7,1,1,150135.0,1,1,0,0,0,0,0,0,0,1,2,1,15013.5,1
48469521.0,7332.566667,6,3,48469521.0,0,6,0,1,0,1,1,1,0,1,21,6,10.0,0
64402680.0,11807158.0,1,0,64402680.0,0,1,0,1,0,0,0,0,0,1,22,0,644026.8,1
2167672.0,2384439.2,1,0,2167672.0,0,1,1,1,1,1,0,0,0,1,15,0,21676.72,1
44378164.1,34684213.776667,1,0,34724267.0,0,1,0,1,0,0,1,0,1,1,5,3,100.0,1
0.0,304656737.0,7,7,39565810.0,1,7,0,1,0,1,1,1,0,1,14,5,10.0,1
0.0,1.1,1,1,1313501.0,1,1,0,0,0,0,1,0,0,0,8,2,1.0,0
0.0,166.0,1,1,48782.0,1,1,0,0,0,1,1,0,0,0,10,1,10.0,0
0.0,826.1,1,1,10270.0,1,1,0,1,0,0,0,0,0,1,2,2,10.27,1
0.0,0.384083,2,2,13435555.0,1,2,0,0,0,1,1,1,0,0,2,1,10.0,0
656889.0,617.2,3,2,656889.0,0,3,0,0,0,0,0,1,0,0,15,7,65688.9,0
183101060.0,33568535.366667,3,0,183101060.0,0,3,1,1,0,1,0,1,0,1,25,1,183101.06,1
12413.5,14775.75,1,1,940166.0,1,1,0,0,0,0,1,0,1,0,5,2,100.0,1
23841085.0,4370875.583333,7,2,23841085.0,0,7,1,1,0,1,1,1,0,1,18,5,100.0,1
84739258.0,1.288432,2,1,84739258.0,0,2,0,0,0,1,0,1,0,0,4,2,8473925.8,0
0.0,2.2,2,2,40006.0,1,2,0,0,0,0,1,1,0,0,12,1,100.0,0
6341.0,1184.116667,4,2,6341.0,0,4,1,1,0,1,1,1,0,1,10,1,6.341,1
0.0,14.3,1,1,218364.0,1,1,0,0,0,0,1,0,0,0,2,1,50.0,0
1982.0,264.266667,1,0,1982.0,0,1,0,0,0,0,1,0,0,0,1,0,10.0,0
250817104.0,25830041.35,5,4,250817104.0,0,5,1,1,0,1,1,1,0,1,10,2,10.0,1
65694177.0,12482445.795117,1,0,65694177.0,0,1,0,0,0,1,0,0,0,0,34,4,6569417.7,1
2083137.0,381909.25,1,0,2083137.0,0,1,1,1,0,1,1,0,0,1,4,1,100.0,1
59021874.0,10821194.2,3,0,59021874.0,0,3,0,1,0,1,0,1,0,1,14,6,59021.874,1
157585.0,21012.233333,1,0,157585.0,0,1,0,0,0,1,1,0,0,0,4,2,100.0,1
0.0,1691.2,5,5,2206198.0,1,5,0,0,0,1,0,1,0,0,4,3,220619.8,0
417886.0,0.067781,3,1,417886.0,0,3,0,0,0,0,0,1,0,0,20,1,41788.6,0
7582383.0,1390129.55,4,1,7582383.0,0,4,0,1,0,1,0,1,0,1,23,2,7582.383,1
2022.0,371.3,1,0,2022.0,0,1,1,1,0,1,1,0,0,1,8,1,2.022,0
3253360.0,598762.233333,1,0,3253360.0,0,1,0,1,1,1,0,0,0,1,25,0,32533.6,1
49511363.0,9077084.116667,4,2,49511363.0,0,4,0,1,0,1,1,1,0,1,20,5,100.0,1
4142182.1,986995.826667,1,0,4059420.0,0,1,0,1,0,0,0,0,1,1,8,1,4059.42,1
30868.7,34087.57,1,1,65401.0,1,1,0,0,0,0,1,0,1,0,5,1,10.0,0
24096121.0,0.673949,2,0,24096121.0,0,2,0,0,0,0,1,1,0,0,1,4,1.0,0
6083.0,1127.716667,2,0,6083.0,0,2,1,1,0,1,1,1,0,1,6,0,10.0,1
5086443.0,933060.65,1,0,5086443.0,0,1,1,1,0,1,0,0,0,1,10,1,5086.443,1
2123.0,389.216667,4,0,2123.0,0,4,1,1,0,0,1,1,0,1,6,0,10.0,1
142992494.0,19065665.866667,1,0,142992494.0,0,1,0,0,0,0,0,0,0,0,11,2,14299249.4,1
0.0,1.1,1,1,3505966.0,1,1,0,0,0,0,0,0,0,0,6,1,350596.6,0
4179.0,766.65,3,2,4179.0,0,3,0,1,0,1,0,1,0,1,9,4,4.179,1
0.0,14976.5,1,1,4775163.0,1,1,0,1,0,0,0,0,0,1,1,1,4775.163,1
554.9,613.69,1,1,13566199.0,1,1,0,0,0,0,0,0,1,0,5,2,1356619.9,0
0.0,213.883333,1,1,1147.0,1,1,0,1,0,1,0,0,0,1,9,1,1.147,0
144054284.0,26409952.266667,1,0,144054284.0,0,1,1,1,0,1,1,0,0,1,12,0,10.0,1
0.0,2.415145,1,1,514805.0,1,1,0,0,0,0,1,0,0,0,12,2,10.0,0
598.0,109.833333,3,2,598.0,0,3,0,1,0,1,1,1,0,1,4,0,5.98,0
1123267.0,0.414025,3,1,1123267.0,0,3,0,0,0,0,0,1,0,0,18,1,112326.7,0
9131.0,1675.216667,2,1,9131.0,0,2,0,1,1,1,1,1,0,1,14,2,9.131,1
1795.0,5923.5,3,0,1795.0,0,3,0,1,0,1,0,1,0,1,9,0,17.95,1
0.0,563.3,1,1,16439355.0,1,1,0,0,0,1,1,0,0,0,11,4,100.0,0
245992816.0,45098684.133333,7,1,245992816.0,0,7,0,1,0,1,0,1,0,1,14,4,245992.816,1
21153900.0,3878216.4,5,0,21153900.0,0,5,0,1,0,1,1,1,0,1,22,7,100.0,1
72082297.0,1.013814,3,2,72082297.0,0,3,0,0,0,0,0,1,0,0,17,1,7208229.7,0
0.0,1.1,1,1,5103264.0,1,1,0,0,0,0,0,0,0,0,2,2,510326.4,0
1921.0,0.337509,1,0,1921.0,0,1,0,0,0,1,1,0,0,0,20,3,1.0,0
0.0,370033570.5,1,1,336394155.0,1,1,0,0,0,1,0,0,0,0,16,3,33639415.5,1
3874571.0,516609.466667,1,0,3874571.0,0,1,0,0,0,0,0,0,0,0,26,2,387457.1,1
491103222.0,43985732.266667,5,2,491103222.0,0,5,0,1,0,0,1,1,0,1,11,2,100.0,1
0.0,7.7,1,1,22065.0,1,1,0,1,0,0,0,0,0,1,1,1,22.065,0
265.0,50.983333,1,0,265.0,0,1,1,1,0,1,1,0,0,1,4,3,0.265,0
1319978.6,2000371.826667,1,0,528009.0,0,2,0,0,0,1,1,1,1,0,8,3,100.0,1
6161145.0,1.137107,3,0,6161145.0,0,3,0,0,0,1,1,1,0,0,1,3,1.0,0
0.0,1155.1,3,3,151941339.0,1,3,0,0,0,1,1,1,0,0,20,2,100.0,0
0.0,71.3,1,1,151087175.0,1,1,0,0,0,1,1,0,0,0,15,3,20.0,0
84990.0,15686.8,1,0,84990.0,0,1,0,1,0,1,1,0,0,1,4,1,84.99,1
0.0,4.5,4,4,66404713.0,1,4,0,0,0,1,1,1,0,0,10,3,20.0,0
0.0,2313.2,1,1,113250480.0,1,1,0,0,0,1,1,0,0,0,7,1,10.0,0
7951572.0,1467625.9,6,1,7951572.0,0,6,1,1,0,1,0,1,0,1,8,7,7951.572,1
387805815.0,0.330638,3,1,387805815.0,0,3,0,0,0,0,1,1,0,0,11,2,1.0,0
18831.0,3457.45,4,2,18831.0,0,4,1,1,0,1,0,1,0,1,8,3,18.831,1
0.0,4.4,1,1,11667222.0,1,1,0,0,0,0,0,0,0,1,2,3,1166722.2,0
0.0,107078.4,4,4,24336.0,1,4,1,1,0,1,1,1,0,1,6,4,24.336,1
152330.0,20310.666667,1,0,152330.0,0,1,0,0,0,0,1,0,0,0,14,2,10.0,1
0.0,1.2,1,1,161059.0,1,1,0,0,0,1,0,0,0,0,2,1,16105.9,0
261.0,334.4,1,1,15714.0,1,1,0,0,0,0,1,0,1,0,4,3,10.0,0
29093.0,5333.716667,4,2,29093.0,0,4,1,1,0,0,0,1,0,1,11,2,29.093,1
0.0,765.9,2,2,175291623.0,1,2,0,0,0,1,0,1,0,0,18,3,17529162.3,0
11162206.0,2046404.433333,1,0,11162206.0,0,1,0,1,0,0,0,0,0,1,9,2,11162.206,1
15892115.0,2913555.416667,7,2,15892115.0,0,7,0,1,0,1,1,1,0,1,18,8,10.0,1
254359.0,279794.9,1,0,254359.0,0,1,0,0,0,0,1,0,0,0,19,0,100.0,1
0.0,231.9,1,1,65260882.0,1,1,0,0,0,1,1,0,0,0,10,4,20.0,0
0.0,6746.8,4,4,2212607579.0,1,4,0,1,0,1,1,1,0,1,18,3,50.0,0
0.0,1125.0,4,4,1497218268.0,1,4,0,0,0,1,0,1,0,0,9,1,149721826.8,0
4091.0,751.716667,3,2,4091.0,0,3,1,1,0,1,0,1,0,1,5,1,4.091,1
0.0,1908.5,1,1,1735.0,1,1,0,0,0,0,0,0,0,0,3,1,173.5,0
0.0,1234572609.6,3,3,374112912.0,1,3,0,0,0,1,1,1,0,0,17,2,200.0,0
0.0,1.1,1,1,1492586.0,1,1,0,0,0,0,0,0,0,0,1,1,149258.6,0
0.0,3234.0,1,1,12776.0,1,1,0,0,0,0,0,0,0,1,4,1,1277.6,1
0.0,139853040.8,1,1,127139128.0,1,1,0,1,0,1,0,0,0,1,8,5,127139.128,1
0.0,1.1,1,1,65489.0,1,1,0,0,0,0,0,0,0,0,7,1,6548.9,0
0.0,99.0,1,1,1395497.0,1,1,0,0,0,0,0,0,0,1,2,2,139549.7,0
0.0,59085.4,1,1,53714.0,1,1,0,0,0,1,1,0,0,0,1,5,1000.0,1
0.0,148.5,1,1,161580.0,1,1,0,0,0,0,0,0,0,1,2,2,16158.0,0
7181.7,7976.87,1,1,20639.0,1,1,0,0,0,0,1,0,1,0,4,1,10.0,0
0.0,33.0,3,3,38754968.0,1,3,0,0,0,0,1,1,0,0,19,1,20.0,0
0.0,1.1,1,1,21726.0,1,1,0,0,0,0,1,0,0,0,5,1,50.0,0
148577.0,1.210678,1,0,148577.0,0,1,0,0,0,1,1,0,0,0,7,1,10.0,0
0.0,1.1,1,1,1063747.0,1,1,0,0,0,0,1,0,0,0,4,1,1.0,0
456348226.0,83663842.433333,3,0,456348226.0,0,3,0,1,0,1,1,1,0,1,6,7,10.0,1
118450527.0,21715930.95,8,0,118450527.0,0,8,0,1,0,1,1,1,0,1,17,7,10.0,1
439684.0,60650.033333,1,0,439684.0,0,1,0,0,0,1,1,0,0,0,4,4,1000.0,1
0.0,533.8,3,3,917690007.0,1,3,0,1,0,1,1,1,0,1,18,3,50.0,0
0.0,2745.6,1,1,59841.0,1,1,0,0,0,0,0,0,0,1,2,1,5984.1,1
964120.0,176755.333333,1,0,964120.0,0,1,1,1,0,0,0,0,0,1,14,1,964.12,1
90877.0,16669.983333,1,0,90877.0,0,1,0,1,0,1,1,0,0,1,15,0,908.77,1
539567.0,98920.716667,1,0,539567.0,0,1,0,1,0,1,1,0,0,1,23,0,100.0,1
24681.0,4536.65,2,1,24681.0,0,2,0,1,0,1,1,1,0,1,8,2,24.681,1
0.0,129.8,1,1,31161.0,1,1,0,0,0,0,1,0,0,0,4,2,50.0,0
0.0,599.2,5,5,189463015.0,1,5,0,0,0,1,0,1,0,0,16,5,18946301.5,0
15394870.0,2052649.333333,1,0,15394870.0,0,1,0,0,0,0,0,0,0,0,34,4,1539487.0,1
0.0,5.6,5,5,2262740.0,1,5,0,0,0,1,0,1,0,0,6,2,226274.0,0
283671410.0,52006435.166667,6,3,283671410.0,0,6,1,1,0,1,1,1,0,1,12,7,100.0,1
0.0,1.1,1,1,504570191.0,1,1,0,0,0,0,1,0,0,0,11,6,10.0,0
72556608.0,0.568354,3,2,72556608.0,0,3,0,0,0,0,1,1,0,0,12,3,1.0,0
25228546.0,3363806.133333,1,0,25228546.0,0,1,0,0,0,0,0,0,0,0,13,4,2522854.6,1
62.0,10.208887,4,3,62.0,0,4,0,0,0,1,1,1,0,0,4,2,6.2,0
121718932.0,0.415466,2,1,121718932.0,0,2,0,0,0,1,1,1,0,0,8,4,1.0,0
9010235.3,5253498.796667,1,0,7700671.0,0,2,1,1,0,1,0,1,1,1,17,0,77006.71,1
20674.0,3835.133333,3,0,20674.0,0,3,1,1,0,1,0,1,0,1,6,4,20.674,1
0.0,17.6,1,1,15265.0,1,1,0,0,0,0,1,0,0,0,6,2,10.0,0
576090287.0,105620053.616667,5,1,576090287.0,0,5,0,1,0,1,0,1,0,1,30,5,576090.287,1
257.0,34.266667,4,0,257.0,0,4,0,0,0,0,0,1,0,0,4,1,25.7,0
68113070.0,10865666.601068,1,0,68113070.0,0,1,0,0,0,1,0,0,0,0,23,0,68113070.0,1
88005061.0,16137529.783333,1,0,88005061.0,0,1,0,1,0,1,0,0,0,1,15,1,88005.061,1
0.0,94.8,1,1,1400618.0,1,1,0,0,0,1,1,0,0,0,4,2,100.0,0
9276.0,1700.7,3,1,9276.0,0,3,1,1,1,1,1,1,0,1,4,3,9.276,1
1724685.0,230702.4,1,0,1724685.0,0,1,0,0,0,1,0,0,0,0,14,4,172468.5,1
174837.0,0.808905,2,1,174837.0,0,2,0,0,0,0,0,1,0,0,3,4,17483.7,0
4275903.0,783917.15,1,0,4275903.0,0,1,0,1,0,1,1,0,0,1,14,0,1000.0,1
175738.0,32218.633333,1,0,175738.0,0,1,0,1,0,0,1,0,0,1,8,2,100.0,1
53150809.0,9744314.983333,1,0,53150809.0,0,1,0,1,0,0,0,0,0,1,13,2,53150.809,1
18019654.6,11298430.743333,1,0,15112487.0,0,2,0,1,0,1,1,1,1,1,14,0,100.0,1
111484366.0,2.156819,3,0,111484366.0,0,3,0,0,0,0,1,1,0,0,1,2,1.0,0
7776222.7,14110092.37,1,1,2525567.0,1,2,0,1,0,1,1,1,1,1,11,1,100.0,1
43480903.0,7971521.783333,1,0,43480903.0,0,1,1,1,1,1,0,0,0,1,24,3,43480.903,1
68413130.0,12542408.166667,6,2,68413130.0,0,6,1,1,0,1,1,1,0,1,4,4,10.0,1
0.0,481.2,1,1,18636864.0,1,1,0,0,0,1,0,0,0,0,9,2,1863686.4,0
220990764.0,39512524.7,4,3,220990764.0,0,4,1,1,0,0,1,1,0,1,8,4,10.0,1
0.0,7.2,1,1,61266684.0,1,1,0,0,0,1,1,0,0,0,11,3,50.0,0
217.0,50.079925,3,1,217.0,0,3,0,0,0,1,1,1,0,0,11,2,10.0,0
501902614.0,66920348.533333,1,0,501902614.0,0,1,0,0,0,0,0,0,0,0,27,0,501902614.0,1
0.0,43.7,2,2,168945327.0,1,2,0,0,0,1,1,1,0,0,3,2,50.0,0
0.0,12179.2,1,1,11072.0,1,1,0,0,0,1,1,0,0,0,12,2,50.0,0
17820618.0,3268971.6,1,0,17820618.0,0,1,0,1,0,1,0,0,0,1,15,4,17820.618,1
0.0,3.4,3,3,19418063.0,1,3,0,0,0,1,1,1,0,0,7,5,100.0,0
359831821.0,47977576.133333,1,0,359831821.0,0,1,0,0,0,0,0,0,0,0,11,4,35983182.1,1
167.6,196.46,1,1,7631865.0,1,1,0,0,0,0,1,0,1,0,7,1,10.0,0
11535.0,12689.6,1,1,111649.0,1,1,0,0,0,0,1,0,1,0,7,1,100.0,0
0.0,1.1,1,1,483986.0,1,1,0,0,0,0,1,0,0,0,5,2,20.0,0
0.0,1.1,1,1,95017920.0,1,1,0,0,0,0,1,0,0,0,12,1,50.0,0
1010538.0,134738.4,1,0,1010538.0,0,1,0,0,0,0,1,0,0,0,2,3,100.0,1
6036783.0,1106744.55,8,1,6036783.0,0,8,1,1,0,1,1,1,0,1,6,3,10.0,1
18272841.0,3350032.65,1,0,18272841.0,0,1,1,1,0,1,1,0,0,1,24,1,10.0,1
0.0,1.1,1,1,49148.0,1,1,0,0,0,0,0,0,0,0,9,1,4914.8,0
1624199.0,5278.266667,3,2,1624199.0,0,3,0,1,0,1,1,1,0,1,21,5,10.0,1
0.0,91.9,1,1,1196491.0,1,1,0,0,0,1,1,0,0,0,2,4,50.0,0
0.0,123870456.6,2,2,56304753.0,1,2,0,0,0,0,0,1,0,0,17,7,5630475.3,1
0.0,30.0,1,1,23457987.0,1,1,0,0,0,1,1,0,0,0,7,4,50.0,0
0.0,27.6,2,2,63989.0,1,2,0,0,0,1,1,1,0,0,10,5,100.0,0
0.0,1.1,1,1,1009729.0,1,1,0,0,0,0,0,0,0,0,10,1,100972.9,0
413287981.0,75769463.983333,1,0,413287981.0,0,1,1,1,0,1,1,0,0,1,18,1,10.0,1
11122.0,2039.233333,2,1,11122.0,0,2,1,1,1,1,0,1,0,1,6,2,11.122,1
6399724.0,1.221023,3,1,6399724.0,0,3,0,0,0,0,0,1,0,0,19,3,639972.4,0
253627679.0,46620075.216667,1,0,253517403.0,0,2,1,1,0,1,1,1,1,1,10,4,100.0,1
149991266.0,40659.3,2,1,149991266.0,0,2,0,0,0,1,1,1,0,0,12,4,100.0,0
29663.0,33663.3,1,1,6444689.0,1,1,0,0,0,0,1,0,1,0,10,3,100.0,0
624905.0,0.890907,1,0,624905.0,0,1,0,0,0,1,1,0,0,0,5,4,1.0,0
60002.0,11000.366667,1,0,60002.0,0,1,0,1,0,0,1,0,0,1,3,3,10.0,1
0.0,3309.283333,1,1,18019.0,1,1,1,1,0,1,0,0,0,1,6,4,18.019,1
0.0,40.5,4,4,1390428505.0,1,4,0,0,0,1,1,1,0,0,3,4,200.0,0
0.0,9798.2,3,3,782285564.0,1,3,0,0,0,1,1,1,0,0,15,5,10.0,0
0.0,6.9,2,2,651575645.0,1,2,0,0,0,1,1,1,0,0,7,2,200.0,0
2736400.0,364853.333333,1,0,2736400.0,0,1,0,0,0,0,1,0,0,0,17,0,100.0,1
447889282.0,82115029.133333,1,0,447889282.0,0,1,0,1,0,1,1,0,0,1,16,0,10.0,1
0.0,268047498.4,1,1,243679544.0,1,1,0,0,0,0,0,0,0,0,8,2,24367954.4,0
0.0,271792999.5,5,5,49416909.0,1,5,0,0,0,0,1,1,0,0,19,4,20.0,0
86261354.0,11501513.866667,1,0,86261354.0,0,1,0,0,0,0,0,0,0,0,30,0,86261354.0,1
0.0,1.1,1,1,41311.0,1,1,0,0,0,0,0,0,0,0,7,1,4131.1,0
0.0,1.1,1,1,71966.0,1,1,0,0,0,0,1,0,0,0,6,1,1.0,0
0.0,1458.6,1,1,10975656.0,1,1,0,0,0,0,0,0,0,1,2,1,1097565.6,1
26131369.0,4790750.983333,7,3,26131369.0,0,7,0,1,0,0,0,1,0,1,16,3,26131.369,1
112337.1,123573.01,1,1,27874180.0,1,1,0,0,0,0,1,0,1,0,8,3,100.0,0
0.0,204.6,1,1,4385006.0,1,1,0,0,0,0,0,0,0,1,3,2,438500.6,0
214480270.0,23257187.066667,5,3,214480270.0,0,5,0,1,0,0,1,1,0,1,11,2,100.0,1
2892120.0,2615074.0,1,0,996800.0,0,2,0,1,0,0,1,1,1,1,3,1,100.0,1
0.0,166.6,3,3,19179121.0,1,3,0,0,0,1,0,1,0,0,6,1,1917912.1,0
0.0,1.1,1,1,1632328.0,1,1,0,0,0,0,1,0,0,0,3,1,1.0,0
0.0,1795098.8,1,1,1631908.0,1,1,0,1,0,0,0,0,0,1,1,2,1631.908,1
3863173.0,515089.733333,1,0,3863173.0,0,1,0,0,0,0,0,0,0,0,19,1,386317.3,1
8631179.7,14613551.37,1,0,3892573.0,0,2,0,1,0,0,1,1,1,1,13,3,100.0,1
30982774.0,2823294.066667,4,3,30982774.0,0,4,0,0,0,1,0,1,0,0,16,6,3098277.4,1
0.0,2.2,2,2,140261472.0,1,2,0,0,0,0,1,1,0,0,5,5,20.0,0
0.0,13.5,4,4,1834623.0,1,4,0,0,0,1,1,1,0,0,9,1,20.0,0
0.0,921.433333,1,1,5026.0,1,1,0,1,0,0,0,0,0,1,15,1,5.026,1
0.0,131969.2,4,4,29993.0,1,4,0,1,0,1,1,1,0,1,3,2,29.993,1
0.0,4874.1,1,1,93832.0,1,1,0,0,0,0,0,0,0,1,4,3,9383.2,1
0.0,28.6,1,1,149109.0,1,1,0,0,0,0,0,0,0,1,1,2,14910.9,0
0.0,452349748.4,4,4,102806761.0,1,4,0,1,0,1,0,1,0,1,4,5,102806.761,1
0.0,21.6,1,1,20172.0,1,1,0,0,0,1,0,0,0,0,6,4,2017.2,0
10113.0,1888.45,2,1,10113.0,0,2,1,1,0,1,1,1,0,1,6,0,10.0,1
334.9,379.39,1,1,6222123.0,1,1,0,0,0,0,1,0,1,0,2,3,10.0,0
0.0,1227624.2,1,1,1116022.0,1,1,0,0,0,0,0,0,0,0,3,1,111602.2,0
12159422.9,15332004.156667,1,0,6198530.0,0,2,0,0,0,1,0,1,1,0,5,1,619853.0,1
0.0,2376.5,3,3,365298923.0,1,3,0,1,0,1,1,1,0,1,10,2,50.0,0
8045064.0,1474930.4,8,5,8045064.0,0,8,0,1,0,1,1,1,0,1,5,1,20.0,1
0.0,61.2,3,3,872166654.0,1,3,0,0,0,1,1,1,0,0,8,4,10.0,0
0.0,16497.8,1,1,9373073.0,1,1,0,0,0,0,0,0,0,1,3,1,937307.3,1
0.0,5779.4,1,1,11935.0,1,1,0,0,0,0,0,0,0,1,3,3,1193.5,1
2168070.0,398239.6,1,0,2168070.0,0,1,1,1,0,1,1,0,0,1,16,0,10.0,1
3631791.0,665838.35,5,1,3631791.0,0,5,0,1,0,1,1,1,0,1,19,4,100.0,1
609794.0,111795.566667,1,0,609794.0,0,1,1,1,0,0,1,0,0,1,8,3,10.0,1
0.0,1.2,1,1,285273730.0,1,1,0,0,0,1,1,0,0,0,3,5,50.0,0
0.0,1.1,1,1,5943521.0,1,1,0,0,0,0,1,0,0,0,8,1,1.0,0
22768521.0,4174400.85,1,0,22768521.0,0,1,0,1,0,1,1,0,0,1,11,5,10.0,1
0.0,10067.2,4,4,676050492.0,1,4,0,1,0,0,1,1,0,1,8,2,10.0,0
0.0,467744.2,1,1,425222.0,1,1,0,0,0,0,1,0,0,0,7,1,1.0,0
0.0,47.116667,1,1,257.0,1,1,0,1,0,0,1,0,0,1,5,4,0.257,0
0.0,3901.7,1,1,37228704.0,1,1,0,0,0,0,0,0,0,1,2,1,3722870.4,0
0.0,1.1,1,1,52510648.0,1,1,0,0,0,0,1,0,0,0,2,1,1.0,0
0.0,108592489.5,3,3,32906815.0,1,3,0,0,0,0,1,1,0,0,12,4,10.0,0
7344417.0,899950.516667,4,3,7344417.0,0,4,1,1,0,1,0,1,0,1,9,3,7344.417,1
28183260.0,5166931.0,1,0,28183260.0,0,1,0,1,0,0,1,0,0,1,11,1,100.0,1
0.0,412.5,5,5,100875896.0,1,5,0,0,0,0,0,1,0,0,10,3,10087589.6,0
81758.3,206504.43,1,1,105973.0,1,1,0,0,0,0,0,0,1,0,6,2,10597.3,0
23455559.0,3127407.866667,1,0,23455559.0,0,1,0,0,0,0,0,0,0,0,11,4,2345555.9,1
56.0,7.466667,3,0,56.0,0,3,0,0,0,0,1,1,0,0,1,3,5.6,0
0.0,2.4,1,1,85159.0,1,1,0,0,0,1,1,0,0,0,8,1,50.0,0
311491515.0,54768566.542833,1,0,311491515.0,0,1,0,0,0,1,0,0,0,0,30,3,31149151.5,1
0.0,23785152.6,2,2,10811433.0,1,2,0,0,0,0,1,1,0,0,20,1,100.0,0
10873548.0,1449806.4,1,0,10873548.0,0,1,0,0,0,0,0,0,0,0,13,4,1087354.8,1
0.0,263868907.5,3,3,79960275.0,1,3,0,0,0,0,1,1,0,0,3,1,1.0,0
4497366.0,976796.6,1,0,4358966.0,0,2,0,1,0,1,0,1,1,1,8,5,4358.966,1
581207.0,106554.616667,1,0,581207.0,0,1,1,1,0,0,0,0,0,1,23,0,5812.07,1
0.0,304.5,5,5,78138005.0,1,5,0,0,0,1,1,1,0,0,8,4,20.0,0
2302604.0,422145.466667,8,3,2302604.0,0,8,0,1,0,1,1,1,0,1,10,3,100.0,1
0.0,10813125.4,2,2,4915057.0,1,2,0,0,0,0,1,1,0,0,15,4,100.0,0
7395436.0,1355830.133333,1,0,7395436.0,0,1,0,1,0,1,0,0,0,1,12,4,7395.436,1
0.0,180.4,4,4,235429.0,1,4,0,0,0,0,1,1,0,0,14,3,20.0,0
0.0,1.1,1,1,6445.0,1,1,0,0,0,0,0,0,0,0,6,1,644.5,0
0.0,9804.3,1,1,357036.0,1,1,0,1,0,0,0,0,0,1,4,3,357.036,1
23454199.0,4299939.383333,1,0,23454199.0,0,1,0,1,0,1,0,0,0,1,19,1,23454.199,1
240273.0,82518316.1,1,1,37388189.0,1,2,1,1,0,1,1,1,1,1,3,4,100.0,1
0.0,1.1,1,1,1531758.0,1,1,0,1,0,0,0,0,0,1,3,1,1531.758,0
7457.7,8771.07,1,1,257125.0,1,1,0,0,0,0,1,0,1,0,10,3,10.0,0
0.0,542670829.8,6,6,82222853.0,1,6,0,0,0,1,0,1,0,0,9,3,8222285.3,1
418.0,113.297989,2,0,418.0,0,2,0,1,0,1,1,1,0,1,6,1,0.418,0
0.0,662.0,1,1,33117982.0,1,1,0,0,0,1,1,0,0,0,5,2,20.0,0
0.0,1.2,1,1,323966.0,1,1,0,0,0,1,1,0,0,0,7,2,50.0,0
0.0,158.4,4,4,9065426.0,1,4,0,0,0,0,1,1,0,0,8,5,20.0,0
4558427.0,608969.333333,5,1,4558427.0,0,5,0,0,0,0,1,1,0,0,12,2,1000.0,1
0.0,3600.3,3,3,903872182.0,1,3,0,1,0,0,1,1,0,1,7,6,50.0,0
8689170.0,1619946.069383,1,0,8689170.0,0,1,0,0,0,1,0,0,0,0,9,2,868917.0,1
0.0,1.1,1,1,721828.0,1,1,0,0,0,0,0,0,0,0,8,1,72182.8,0
0.0,78287563.2,7,7,10167216.0,1,7,0,1,0,1,1,1,0,1,27,5,20.0,1
12992497.0,2381993.283333,8,4,12992497.0,0,8,0,1,0,1,0,1,0,1,17,6,12992.497,1
0.0,1820541.8,1,1,1655038.0,1,1,0,1,0,0,1,0,0,1,10,3,10.0,1
0.0,126.5,5,5,166112802.0,1,5,0,0,0,0,0,1,0,0,12,5,16611280.2,0
0.0,1.1,1,1,146680.0,1,1,0,0,0,0,1,0,0,0,3,1,1.0,0
296576316.0,39543508.8,1,0,296576316.0,0,1,0,0,0,0,0,0,0,0,15,2,29657631.6,1
0.0,1.1,1,1,231946.0,1,1,0,0,0,0,0,0,0,0,7,1,23194.6,0
0.0,2128769923.5,3,3,645081795.0,1,3,0,1,0,1,0,1,0,1,4,6,645081.795,0
19465.0,3568.783333,4,3,19465.0,0,4,1,1,0,1,1,1,0,1,11,0,10.0,1
0.0,115.0,2,2,2118775.0,1,2,0,0,0,1,0,1,0,0,16,1,211877.5,0
0.0,1219.9,1,1,6311941.0,1,1,0,0,0,0,0,0,0,1,4,3,631194.1,0
2670875.0,489660.416667,4,2,2670875.0,0,4,1,1,0,0,1,1,0,1,6,3,20.0,1
0.0,64115349.1,1,1,58286681.0,1,1,0,0,0,0,1,0,0,0,16,3,10.0,0
55178419.0,6556781.566667,6,5,55178419.0,0,6,0,0,0,0,1,1,0,0,8,6,100.0,1
88897.0,16297.783333,1,0,88897.0,0,1,0,1,0,0,0,0,0,1,2,5,88.897,1
0.0,1.2,1,1,22642432.0,1,1,0,0,0,1,1,0,0,0,5,2,20.0,0
72543.0,1369.633333,2,1,72543.0,0,2,0,0,0,1,1,1,0,0,19,1,10.0,1
0.0,66467077.6,7,7,8632088.0,1,7,1,1,0,0,0,1,0,1,17,8,8632.088,1
11648717.0,2135610.316667,5,2,11648717.0,0,5,1,1,0,1,0,1,0,1,21,7,11648.717,1
0.0,16.5,1,1,66557376.0,1,1,0,0,0,0,0,0,0,1,3,3,6655737.6,0
0.0,12.0,1,1,861219.0,1,1,0,0,0,1,0,0,0,0,3,4,86121.9,0
1305249.0,239295.65,1,0,1305249.0,0,1,1,1,0,0,1,0,0,1,19,3,100.0,1
0.0,74032912.8,2,2,33651324.0,1,2,0,0,0,1,0,1,0,0,13,2,3365132.4,0
40756758.0,3518521.483333,5,3,40756758.0,0,5,0,1,0,1,0,1,0,1,17,3,40756.758,1
0.0,1737115.6,1,1,1579196.0,1,1,0,0,0,0,1,0,0,0,11,1,1.0,0
280524.0,51429.4,1,0,280524.0,0,1,0,1,0,0,0,0,0,1,9,2,280.524,1
5982104.0,797613.866667,1,0,5982104.0,0,1,0,0,0,0,1,0,0,0,7,3,10.0,1
0.0,1.1,1,1,374883937.0,1,1,0,0,0,0,0,0,0,0,12,1,37488393.7,0
2303910.0,422482.7,6,2,2303910.0,0,6,1,1,0,1,0,1,0,1,9,3,2303.91,1
0.0,1587436210.8,6,6,240520638.0,1,6,0,1,0,0,1,1,0,1,6,2,10.0,1
0.0,5.5,1,1,16596023.0,1,1,0,1,0,0,0,0,0,1,3,2,16596.023,0
0.0,190492728.8,1,1,173175208.0,1,1,0,1,0,1,0,0,0,1,11,5,173175.208,1
0.0,7026.8,1,1,6388.0,1,1,0,1,0,1,1,0,0,1,7,3,6.388,1
43196990.0,7919517.966667,1,0,43196990.0,0,1,1,1,1,1,0,0,0,1,24,4,43196.99,1
0.0,3474.6,1,1,18744.0,1,1,0,1,1,1,0,0,0,1,13,2,18.744,1
25469.0,4669.416667,1,0,25469.0,0,1,0,1,0,1,1,0,0,1,11,2,25.469,1
54931.0,7324.133333,1,0,54931.0,0,1,0,0,0,0,1,0,0,0,1,0,10.0,1
0.0,4383.5,1,1,2046945.0,1,1,0,0,0,0,1,0,0,0,7,1,20.0,1
0.0,60.0,1,1,78065945.0,1,1,0,0,0,1,0,0,0,0,3,1,7806594.5,0
14068556.0,2580128.866667,8,2,14068556.0,0,8,1,1,0,1,0,1,0,1,18,1,14068.556,1
6614598.0,1212676.4,1,0,6614598.0,0,1,0,1,0,1,1,0,0,1,7,2,100.0,1
0.0,1.1,1,1,6346.0,1,1,0,0,0,0,1,0,0,0,1,1,1.0,0
2054.0,376.566667,2,0,2054.0,0,2,0,1,0,0,0,1,0,1,13,1,2.054,0
0.0,21.6,1,1,28845299.0,1,1,0,0,0,1,1,0,0,0,8,3,50.0,0
0.0,11.033333,1,1,58.0,1,1,0,1,0,1,1,0,0,1,14,0,0.58,0
60587490.4,37149611.473333,1,0,51120240.0,0,1,0,1,0,1,0,0,1,1,4,2,51120.24,1
55416732.0,10159755.2,6,1,55416732.0,0,6,0,1,0,1,0,1,0,1,25,8,55416.732,1
0.0,954016.8,1,1,867288.0,1,1,1,1,0,1,1,0,0,1,8,4,100.0,1
40537841.0,5405045.466667,1,0,40537841.0,0,1,0,0,0,0,0,0,0,0,35,4,4053784.1,1
0.0,16164.5,1,1,287336.0,1,1,0,0,0,0,0,0,0,1,2,3,28733.6,1
0.0,2973.8,3,3,1630267482.0,1,3,1,1,0,1,0,1,0,1,8,2,1630267.482,0
0.0,2.131923,2,2,21712533.0,1,2,0,0,0,0,1,1,0,0,1,4,1.0,0
232809.5,256669.05,1,1,655705.0,1,1,0,0,0,0,0,0,1,0,3,1,65570.5,0
124122256.0,22755747.333333,1,0,124122256.0,0,1,1,1,0,1,0,0,0,1,22,5,124122.256,1
478005196.0,87634295.933333,7,0,478005196.0,0,7,0,1,0,1,1,1,0,1,7,6,100.0,1
190452.0,25393.6,1,0,190452.0,0,1,0,0,0,0,1,0,0,0,10,4,1000.0,1
0.0,34.1,1,1,135450.0,1,1,0,0,0,0,0,0,0,1,1,1,13545.0,0
525505253.0,96342629.716667,5,0,525505253.0,0,5,1,1,0,0,0,1,0,1,20,6,525505.253,1
173549166.0,23945.533333,4,3,173549166.0,0,4,0,1,0,0,1,1,0,1,15,1,10.0,0
410659783.0,75287626.883333,1,0,410659783.0,0,1,0,1,1,0,1,0,0,1,13,4,100.0,1
6168722.0,934733.368386,1,0,6168722.0,0,1,0,0,0,1,0,0,0,0,32,3,616872.2,1
0.0,2.4,1,1,17653.0,1,1,0,0,0,1,1,0,0,0,8,3,100.0,0
21992434.0,3779133.683333,3,2,21992434.0,0,3,0,1,0,1,1,1,0,1,19,2,10.0,1
3678055.0,3044921.183333,1,0,1522954.0,0,1,1,1,0,0,0,0,1,1,9,5,1522.954,1
0.0,2635.2,1,1,5036327.0,1,1,0,0,0,1,0,0,0,0,6,4,503632.7,1
0.0,471094.8,1,1,428268.0,1,1,0,1,0,1,1,0,0,1,10,1,10.0,1
0.0,1.1,1,1,3629468.0,1,1,0,0,0,0,1,0,0,0,12,1,1.0,0
5575.0,1022.583333,4,0,5575.0,0,4,0,1,0,1,1,1,0,1,15,1,5.575,1
4248313.0,566441.733333,1,0,4248313.0,0,1,0,0,0,0,1,0,0,0,12,1,10.0,1
6654746.0,1149229.203576,1,0,6654746.0,0,1,0,0,0,1,0,0,0,0,33,3,665474.6,1
1768.0,235.733333,4,2,1768.0,0,4,0,0,0,0,0,1,0,0,7,2,176.8,0
0.0,6.0,1,1,1415335.0,1,1,0,0,0,1,1,0,0,0,13,2,50.0,0
0.0,94.5,4,4,781512935.0,1,4,0,1,0,1,1,1,0,1,3,5,200.0,0
740907.0,135917.25,1,0,740907.0,0,1,0,1,0,1,0,0,0,1,10,3,740.907,1
0.0,617.1,3,3,187.0,1,3,0,0,0,1,1,1,0,0,2,2,18.7,0
205067.2,247909.42,1,1,20305.0,1,1,0,0,0,0,1,0,1,0,9,1,100.0,0
0.0,7.2,1,1,491501391.0,1,1,0,1,0,1,1,0,0,1,2,6,200.0,0
551185392.0,101050655.2,1,0,551185392.0,0,1,1,1,1,0,0,0,0,1,10,1,551185.392,1
0.0,1.1,1,1,397799877.0,1,1,0,0,0,0,0,0,0,0,10,1,39779987.7,0
0.0,18.0,4,4,31715530.0,1,4,0,0,0,1,1,1,0,0,19,3,20.0,0
67798190.0,6383341.933333,5,1,67798190.0,0,5,0,0,0,0,1,1,0,0,23,5,100.0,1
4608137.0,1003178.966667,1,0,4258115.0,0,2,1,0,0,1,0,1,1,0,12,4,425811.5,1
393594700.0,72162075.033333,1,0,393594700.0,0,1,0,1,0,1,1,0,0,1,6,0,100.0,1
2742.0,1.738655,1,0,2742.0,0,1,0,0,0,1,0,0,0,0,17,3,274.2,0
0.0,1.1,1,1,43777462.0,1,1,0,0,0,0,1,0,0,0,8,1,1.0,0
13703852.0,1827689.066667,1,0,13703852.0,0,1,0,0,0,1,1,0,0,0,10,4,10.0,1
120559.0,16261.333333,1,0,120559.0,0,1,0,0,0,1,0,0,0,0,20,2,12055.9,1
0.0,15.6,1,1,16383.0,1,1,0,0,0,1,0,0,0,0,11,2,1638.3,0
0.0,8786.8,1,1,6959876.0,1,1,0,0,0,0,0,0,0,1,3,3,695987.6,1
0.0,178.0,1,1,64540250.0,1,1,0,0,0,1,1,0,0,0,2,2,20.0,0
16315888.0,2992189.233333,1,0,16315888.0,0,1,0,1,0,1,1,0,0,1,21,0,100.0,1
0.0,13.2,3,3,715999060.0,1,3,1,0,0,0,1,1,0,0,5,2,200.0,0
0.0,1.1,1,1,4302798.0,1,1,0,0,0,0,0,0,0,0,6,1,430279.8,0
0.0,8014.6,1,1,7286.0,1,1,0,0,0,0,1,0,0,0,11,1,1.0,0
30936897.0,5671765.25,1,0,30936897.0,0,1,1,1,0,1,1,0,0,1,3,3,10.0,1
0.0,2334.0,5,5,19547186.0,1,5,0,0,0,1,1,1,0,0,13,5,20.0,0
2030299.0,372221.583333,1,0,2030299.0,0,1,0,1,0,1,0,0,0,1,18,0,20302.99,1
0.0,323.0,3,3,1596681540.0,1,3,0,0,0,1,1,1,0,0,12,4,50.0,0
47634552.0,8733313.3,1,0,47634552.0,0,1,1,1,0,1,0,0,0,1,5,4,47634.552,1
686253.0,125865.85,1,0,686253.0,0,1,0,1,0,1,1,0,0,1,11,0,10.0,1
3573790.0,655195.033333,1,0,3573790.0,0,1,0,1,0,1,0,0,0,1,6,1,3573.79,1
1705.0,389.062381,2,1,1705.0,0,2,0,1,0,1,1,1,0,1,5,1,1.705,0
6981102.0,19084325.4,1,0,507028.0,0,1,0,1,0,1,0,0,1,1,15,0,5070.28,1
2310274.0,423762.533333,1,0,2310274.0,0,1,0,1,0,1,1,0,0,1,18,5,100.0,1
0.0,3.3,1,1,394572662.0,1,1,0,0,0,0,0,0,0,1,2,2,39457266.2,0
0.0,467165513.1,1,1,424695921.0,1,1,0,1,0,1,1,0,0,1,18,6,200.0,0
130456617.0,17394215.6,1,0,130456617.0,0,1,0,0,0,0,0,0,0,0,32,4,13045661.7,0
660425.0,1.387892,2,0,660425.0,0,2,0,0,0,0,1,1,0,0,17,4,1.0,0
170430175.0,22724023.333333,1,0,170430175.0,0,1,0,0,0,0,0,0,0,0,13,3,17043017.5,1
12.0,2.16842,1,0,12.0,0,1,0,0,0,1,1,0,0,0,4,1,1.2,0
827.0,110.266667,3,0,827.0,0,3,0,0,0,0,1,1,0,0,3,3,82.7,0
0.0,1422.3,3,3,113831382.0,1,3,0,0,0,0,1,1,0,0,18,3,100.0,0
0.0,1174.8,4,4,706362062.0,1,4,0,0,0,0,0,1,0,0,8,3,70636206.2,0
0.0,659.6,3,3,1046972254.0,1,3,0,0,0,1,1,1,0,0,14,2,50.0,0
8710233.0,1392797.6,1,0,8610018.0,0,2,0,0,0,1,0,1,1,0,6,4,861001.8,1
537605957.0,98561094.116667,4,2,537605957.0,0,4,0,1,0,1,1,1,0,1,17,6,20.0,1
0.0,697.9,1,1,73336716.0,1,1,0,0,0,1,1,0,0,0,11,6,200.0,0
0.0,216.7,1,1,24645332.0,1,1,0,0,0,0,0,0,0,1,1,3,2464533.2,0
60666636.0,13072.133333,5,4,60666636.0,0,5,0,0,0,0,1,1,0,0,18,5,1000.0,0
278300741.0,0.963759,3,2,278300741.0,0,3,0,0,0,1,1,1,0,0,2,4,10.0,0
159548.0,307.15,2,1,159548.0,0,2,0,1,0,1,0,1,0,1,4,4,159.548,0
0.0,392.7,3,3,126154768.0,1,3,0,0,0,0,1,1,0,0,5,2,100.0,0
1239127.0,227319.083333,1,0,1239127.0,0,1,1,1,0,1,1,0,0,1,4,1,100.0,1
6841.0,1258.883333,1,0,6841.0,0,1,1,1,0,1,0,0,0,1,15,1,6.841,1
23039542.0,4223916.033333,1,0,23039542.0,0,1,0,1,0,0,1,0,0,1,12,2,10.0,1
0.0,65.8,2,2,14729391.0,1,2,0,0,0,1,1,1,0,0,5,3,20.0,0
116494614.0,3959261.2,6,5,116494614.0,0,6,0,0,0,0,1,1,0,0,17,5,10.0,1
2090468.0,383252.466667,1,0,2090468.0,0,1,0,1,0,0,0,0,0,1,20,3,2090.468,1
0.0,8.8,4,4,4023820.0,1,4,0,0,0,0,1,1,0,0,9,2,20.0,0
39164933.0,5172919.133333,3,2,39164933.0,0,3,0,0,0,1,1,1,0,0,7,4,1000.0,1
0.0,325.6,1,1,62487.0,1,1,0,0,0,0,0,0,0,1,2,2,6248.7,0
32291762.0,4305568.266667,1,0,32291762.0,0,1,0,0,0,0,0,0,0,0,11,2,3229176.2,1
17704391.0,546743.566667,2,1,17704391.0,0,2,0,0,0,0,1,1,0,0,23,4,1000.0,1
39127.0,7174.183333,4,1,39127.0,0,4,0,1,0,1,1,1,0,1,7,2,39.127,1
172422298.0,20166212.166667,5,2,172422298.0,0,5,0,0,0,1,1,1,0,0,21,4,10.0,1
0.0,20.4,3,3,751979501.0,1,3,0,0,0,1,1,1,0,0,11,1,200.0,0
0.0,4053.5,1,1,160968.0,1,1,0,0,0,0,1,0,0,0,14,4,20.0,1
0.0,41665416.1,1,1,37877651.0,1,1,0,0,0,1,1,0,0,0,14,1,50.0,0
0.0,9627.2,1,1,17088333.0,1,1,0,0,0,0,0,0,0,1,3,3,1708833.3,1
2375.0,435.516667,4,2,2375.0,0,4,0,1,1,1,1,1,0,1,10,0,23.75,1
260248483.5,47772249.15,1,0,260226683.0,0,1,0,1,0,1,1,0,1,1,15,3,100.0,1
4596006.7,2346696.403333,1,0,4049187.0,0,2,1,1,0,1,0,1,1,1,8,4,4049.187,1
3757793.0,1486.466667,6,5,3757793.0,0,6,0,1,0,0,1,1,0,1,19,4,10.0,0
602636741.0,110483428.916667,1,0,602636741.0,0,1,1,1,0,1,1,0,0,1,20,3,10.0,1
974645463.0,178685001.55,1,0,974645463.0,0,1,1,1,0,0,1,0,0,1,5,2,100.0,1
0.0,12.1,1,1,44228.0,1,1,0,0,0,0,1,0,0,0,2,2,10.0,0
0.0,327726611.3,1,1,297933283.0,1,1,0,1,0,1,1,0,0,1,24,3,100.0,1
14823518.0,2717644.966667,1,0,14823518.0,0,1,0,1,0,0,1,0,0,1,8,5,10.0,1
35358170.0,6482332.566667,8,1,35358170.0,0,8,0,1,0,1,0,1,0,1,30,6,35358.17,1
161017267.0,35557663.283333,1,0,155528376.0,0,1,1,1,0,1,1,0,1,1,13,3,100.0,1
0.0,1637.9,1,1,28268.0,1,1,0,0,0,0,0,0,0,1,2,2,2826.8,1
1128867.0,206958.95,1,0,1128867.0,0,1,0,1,0,0,0,0,0,1,25,2,1128.867,1
878586162.0,161074129.7,1,0,878586162.0,0,1,0,1,1,0,0,0,0,1,12,4,878586.162,1
6394056.0,0.680454,1,0,6394056.0,0,1,0,0,0,0,1,0,0,0,12,4,10.0,0
0.0,6205.6,2,2,135029174.0,1,2,0,1,0,1,1,1,0,1,6,2,200.0,0
391378.0,52187.533333,1,0,391378.0,0,1,0,0,0,1,0,0,0,0,1,0,391378.0,1
27264.0,4998.4,2,1,27264.0,0,2,0,1,1,0,1,1,0,1,12,1,10.0,1
171523963.0,31411207.1,3,2,171523963.0,0,3,0,1,0,1,1,1,0,1,13,7,10.0,1
0.0,278.8,3,3,122004686.0,1,3,0,0,0,1,0,1,0,0,17,4,12200468.6,0
35123750.0,6621186.166667,1,0,35057630.0,0,2,1,1,0,1,1,1,1,1,16,2,100.0,1
0.0,346.8,1,1,114450728.0,1,1,0,0,0,1,1,0,0,0,9,2,50.0,0
0.0,5009.4,1,1,4554.0,1,1,0,0,0,0,1,0,0,0,11,1,1.0,0
0.0,49.5,5,5,34815216.0,1,5,0,0,0,0,1,1,0,0,3,3,20.0,0
22147609.0,4601662.083333,1,0,21655548.0,0,2,0,1,0,0,1,1,1,1,12,2,100.0,1
0.0,343.2,2,2,288077792.0,1,2,0,0,0,0,0,1,0,0,14,1,28807779.2,0
0.0,1.1,1,1,1950.0,1,1,0,0,0,0,1,0,0,0,1,1,1.0,0
136176556.0,15252165.433333,6,3,136176556.0,0,6,0,0,0,0,1,1,0,0,4,1,1000.0,1
0.0,39662.7,1,1,36057.0,1,1,0,0,0,0,1,0,0,0,9,2,1.0,0
0.0,303814615.5,5,5,55239021.0,1,5,0,0,0,0,1,1,0,0,18,6,1000.0,0
4001906.0,739250.866667,6,1,4001906.0,0,6,0,1,0,1,0,1,0,1,9,4,4001.906,1
0.0,9966268.4,1,1,9060244.0,1,1,0,0,0,1,1,0,0,0,2,2,50.0,0
0.0,422720.1,1,1,384291.0,1,1,0,1,0,0,1,0,0,1,4,5,100.0,1
478928526.0,75498335.604735,1,0,478928526.0,0,1,0,0,0,1,0,0,0,0,13,1,47892852.6,1
1792363.0,328601.883333,3,2,1792363.0,0,3,0,1,0,1,1,1,0,1,29,2,20.0,1
6139245.0,1125528.25,3,1,6139245.0,0,3,0,1,0,0,1,1,0,1,19,7,100.0,1
0.0,148.5,3,3,175647633.0,1,3,0,0,0,0,0,1,0,0,19,4,17564763.3,0
88787641.0,16278190.983333,1,0,88787641.0,0,1,1,1,0,1,1,0,0,1,18,1,100.0,1
170123695.5,34391836.8,1,0,168959154.0,0,2,0,1,0,1,0,1,1,1,10,4,168959.154,1
0.0,104.5,1,1,5955805.0,1,1,0,0,0,0,0,0,0,0,11,2,595580.5,0
0.0,713.7,1,1,33103.0,1,1,0,0,0,1,1,0,0,0,4,3,20.0,0
23574.0,7050.533333,2,1,23574.0,0,2,0,0,0,0,1,1,0,0,8,5,100.0,1
2163378.0,396710.8,1,0,2163378.0,0,1,1,1,0,1,0,0,0,1,16,2,2163.378,1
0.0,3.3,1,1,1406010.0,1,1,0,0,0,0,0,0,0,1,1,2,140601.0,0
27391259.0,3652167.866667,1,0,27391259.0,0,1,0,0,0,0,0,0,0,0,35,3,2739125.9,1
62679101.0,11491177.616667,6,1,62679101.0,0,6,0,1,0,1,1,1,0,1,9,8,100.0,1
0.0,16.8,5,5,249665782.0,1,5,0,0,0,1,1,1,0,0,13,3,20.0,0
0.0,375.7,1,1,99690353.0,1,1,0,0,0,1,1,0,0,0,7,2,50.0,0
6199.0,1136.583333,2,0,6199.0,0,2,1,1,0,1,1,1,0,1,3,4,6.199,1
0.0,5.6,5,5,78049606.0,1,5,0,0,0,1,1,1,0,0,3,4,20.0,0
0.0,1.808738,1,1,5548.0,1,1,0,0,0,0,0,0,0,0,12,2,554.8,0
1026.1,2470.71,1,1,353879.0,1,1,0,0,0,0,1,0,1,0,5,3,10.0,1
14496441.0,1932858.8,1,0,14496441.0,0,1,0,0,0,0,0,0,0,0,15,3,1449644.1,0
387.5,428.45,1,1,12510875.0,1,1,0,0,0,0,0,0,1,0,7,1,1251087.5,0
482804582.0,81509341.503084,1,0,482804582.0,0,1,0,0,0,1,0,0,0,0,27,2,48280458.2,1
0.0,6341364.7,1,1,5764877.0,1,1,0,1,0,0,0,0,0,1,12,1,5764.877,1
22436.5,24681.25,1,1,65055.0,1,1,0,0,0,0,1,0,1,0,3,1,10.0,0
329.3,1601.93,1,1,6265285.0,1,1,0,0,0,0,1,0,1,0,5,1,100.0,0
225775004.0,36278095.338967,1,0,225775004.0,0,1,0,0,0,1,0,0,0,0,30,3,22577500.4,1
26963.0,4943.216667,3,1,26963.0,0,3,0,1,0,0,0,1,0,1,14,3,26.963,1
6131764.0,1124200.433333,7,2,6131764.0,0,7,0,1,0,1,0,1,0,1,22,1,6131.764,1
0.0,20.4,1,1,52231610.0,1,1,0,0,0,1,1,0,0,0,4,2,100.0,0
2980195.0,0.285672,3,2,2980195.0,0,3,0,0,0,0,0,1,0,0,3,1,298019.5,0
13542008.0,1805601.066667,1,0,13542008.0,0,1,0,0,0,0,1,0,0,0,1,2,1000.0,1
0.0,13.2,1,1,111879986.0,1,1,0,0,0,1,1,0,0,0,11,3,50.0,0
0.0,124218128.1,3,3,37641857.0,1,3,0,0,0,0,0,1,0,0,11,1,3764185.7,1
0.0,1.1,1,1,1193833.0,1,1,0,0,0,0,1,0,0,0,7,1,1.0,0
5376745.0,716899.333333,1,0,5376745.0,0,1,0,0,0,0,0,0,0,0,34,4,537674.5,0
0.0,5718.9,3,3,1733.0,1,3,1,1,0,1,1,1,0,1,7,3,1.733,0
13386162.0,2454164.7,1,0,13386162.0,0,1,0,0,0,1,1,0,0,1,20,2,100.0,1
19878152.0,3644328.866667,3,2,19878152.0,0,3,0,1,0,1,1,1,0,1,6,6,10.0,1
424940578.0,0.973263,3,2,424940578.0,0,3,0,0,0,0,1,1,0,0,4,3,10.0,0
437.0,80.616667,2,0,437.0,0,2,0,1,0,1,1,1,0,1,13,0,4.37,0
36821891.0,3581007.533333,6,3,36821891.0,0,6,0,0,0,1,1,1,0,0,6,6,100.0,1
26780042.0,11420073.466667,1,0,19653082.0,0,2,1,0,0,1,1,1,1,0,7,5,100.0,1
3014041.0,552574.283333,1,0,3014041.0,0,1,0,0,0,1,1,0,0,1,13,2,100.0,1
44745043.0,8203267.883333,3,2,44745043.0,0,3,0,1,0,1,1,1,0,1,10,6,100.0,1
0.0,23133.0,1,1,21030.0,1,1,0,0,0,0,1,0,0,0,9,3,1.0,0
0.0,3.3,1,1,258137.0,1,1,0,0,0,0,0,0,0,1,1,2,25813.7,0
57354.0,7944.2,1,0,57354.0,0,1,0,0,0,1,1,0,0,0,15,1,100.0,1
332278158.0,60917662.3,3,0,332278158.0,0,3,0,1,0,0,0,1,0,1,10,4,332278.158,1
22406847.0,3678270.483333,3,1,22406847.0,0,3,0,1,0,1,1,1,0,1,8,7,100.0,1
390753445.0,71638736.883333,1,0,390753445.0,0,1,0,1,0,1,1,0,0,1,19,2,10.0,1
3777954.0,692628.5,1,0,3777954.0,0,1,0,1,0,1,1,0,0,1,23,5,100.0,1
115777002.0,50773749.4,1,0,88915215.0,0,1,0,1,0,0,0,0,1,1,13,2,88915.215,1
0.0,108.0,4,4,52302430.0,1,4,0,0,0,1,0,1,0,0,20,1,5230243.0,0
0.0,29.6,1,1,177120.0,1,1,0,0,0,1,1,0,0,0,15,1,10.0,0
2505685.0,334095.133333,1,0,2505685.0,0,1,0,0,0,1,1,0,0,0,4,1,10.0,1
0.0,22337973.9,3,3,6769083.0,1,3,0,0,0,0,0,1,0,0,14,3,676908.3,0
0.0,1.1,1,1,292164111.0,1,1,0,0,0,0,1,0,0,0,5,1,1.0,0
267348413.0,143239602.466667,1,0,169536561.0,0,1,1,0,0,1,0,0,1,0,6,5,16953656.1,1
0.0,1.1,1,1,37685.0,1,1,0,0,0,0,1,0,0,0,5,2,1.0,0
385572887.0,7271770.166667,6,3,385572887.0,0,6,0,0,0,0,1,1,0,0,23,4,1000.0,1
122219895.0,22406987.15,1,0,122219895.0,0,1,1,1,1,1,0,0,0,1,11,2,122219.895,1
79524.0,10610.8,1,0,79524.0,0,1,0,0,0,1,1,0,0,0,14,3,1000.0,1
6448183.0,1182168.883333,6,2,6448183.0,0,6,0,1,0,1,1,1,0,1,7,5,20.0,1
4640270.0,850726.166667,4,1,4640270.0,0,4,0,1,0,1,1,1,0,1,13,2,100.0,1
0.0,824.5,1,1,162121690.0,1,1,0,0,0,1,1,0,0,0,8,4,50.0,0
0.0,77.0,1,1,693349991.0,1,1,0,0,0,0,0,0,0,0,5,1,69334999.1,0
7871.0,17316.2,2,0,7871.0,0,2,1,1,0,1,1,1,0,1,12,0,10.0,1
0.0,34.5,2,2,681598438.0,1,2,0,1,0,1,1,1,0,1,4,4,200.0,0
3575066.0,655428.766667,1,0,3575066.0,0,1,0,1,0,0,1,0,0,1,5,3,1000.0,1
97.0,24.526881,1,0,97.0,0,1,0,1,0,1,1,0,0,1,2,0,0.97,0
38886131.2,7712877.003333,1,0,38674589.0,0,2,1,1,0,1,0,1,1,1,16,1,38674.589,1
205690912.0,37710002.333333,7,3,205690912.0,0,7,0,1,0,1,1,1,0,1,24,4,20.0,1
343711.0,378082.1,1,0,343711.0,0,1,0,0,0,0,1,0,0,0,16,0,100.0,1
0.0,1.1,1,1,111849.0,1,1,0,0,0,0,1,0,0,0,4,1,1.0,0
0.0,1.1,1,1,596033.0,1,1,0,0,0,0,1,0,0,0,4,1,1.0,0
0.0,1.1,1,1,219611294.0,1,1,0,0,0,0,0,0,0,0,3,1,21961129.4,0
0.0,2.2,2,2,568567829.0,1,2,1,0,0,0,0,1,0,0,4,3,56856782.9,0
0.0,94.8,1,1,88174594.0,1,1,0,0,0,1,1,0,0,0,8,4,100.0,0
0.0,62.4,1,1,771732027.0,1,1,0,0,0,1,1,0,0,0,12,6,10.0,0
3177548.0,339877.533333,2,1,3177548.0,0,2,0,0,0,0,1,1,0,0,7,7,100.0,1
33628.0,6165.133333,3,2,33628.0,0,3,1,1,0,0,1,1,0,1,10,4,10.0,1
741.0,147.77565,1,0,741.0,0,1,0,1,0,1,1,0,0,1,2,1,0.741,0
12399.0,2273.85,2,0,12399.0,0,2,1,1,0,1,0,1,0,1,4,0,123.99,1
1129.0,217.483333,3,1,1129.0,0,3,0,1,0,1,0,1,0,1,14,4,1.129,0
7368.0,1372.7,2,0,7368.0,0,2,0,1,0,1,0,1,0,1,5,1,7.368,1
1818027.0,333305.45,8,2,1818027.0,0,8,1,1,0,1,1,1,0,1,30,7,10.0,1
0.0,1500.4,4,4,1669361810.0,1,4,0,1,0,0,0,1,0,1,12,1,1669361.81,0
3197211.8,1063642.946667,1,0,3023580.0,0,1,1,1,0,0,1,0,1,1,8,1,100.0,1
0.0,225.0,4,4,1155135362.0,1,4,0,0,0,1,1,1,0,0,17,3,200.0,0
30231.0,5550.95,4,3,30231.0,0,4,0,1,0,1,0,1,0,1,3,2,30.231,1
0.0,1.1,1,1,1481246.0,1,1,0,0,0,0,1,0,0,0,12,1,1.0,0
75671157.0,778447.4,6,3,75671157.0,0,6,0,0,0,1,1,1,0,0,4,5,10.0,1
468259241.0,85847537.516667,5,1,468259241.0,0,5,0,1,0,1,1,1,0,1,23,5,100.0,1
0.0,2006769006.0,2,2,912167730.0,1,2,0,0,0,1,1,1,0,0,13,4,50.0,0
153612778.0,1065027.5,3,2,153612778.0,0,3,0,0,0,1,1,1,0,0,17,6,100.0,1
0.0,19210645.3,1,1,17464223.0,1,1,0,1,0,1,1,0,0,1,12,1,100.0,1
0.0,1.1,1,1,29535.0,1,1,0,0,0,0,0,0,0,1,3,1,2953.5,0
326150858.0,43486781.066667,1,0,326150858.0,0,1,0,0,0,0,0,0,0,0,22,0,326150858.0,1
589108399.0,108003207.083333,6,3,589108399.0,0,6,1,1,0,1,0,1,0,1,26,6,589108.399,1
2473444.7,4403853.836667,1,0,702119.0,0,1,1,0,0,1,0,0,1,0,15,3,70211.9,1
2010.0,485.661177,3,1,2010.0,0,3,0,1,0,1,1,1,0,1,12,1,2.01,1
9810712.4,18522473.206667,1,0,3729316.0,0,2,1,1,0,1,1,1,1,1,17,3,100.0,1
0.0,105.6,1,1,154685908.0,1,1,0,0,0,0,0,0,0,1,2,3,15468590.8,0
0.0,6287.6,4,4,458678932.0,1,4,0,0,0,0,1,1,0,0,18,4,50.0,0
0.0,9.0,4,4,15905671.0,1,4,0,0,0,1,1,1,0,0,17,1,20.0,0
165296692.0,6928437.45,5,3,165296692.0,0,5,0,1,0,0,1,1,0,1,5,4,100.0,1
0.0,1.1,1,1,81252417.0,1,1,0,0,0,0,1,0,0,0,5,1,1.0,0
2408321.0,441527.516667,7,2,2408321.0,0,7,0,1,0,1,1,1,0,1,6,1,20.0,1
7.0,1.698179,1,0,7.0,0,1,0,1,0,1,1,0,0,1,4,3,0.007,0
258437722.0,45295184.216667,3,2,258437722.0,0,3,1,1,0,1,1,1,0,1,8,4,100.0,1
0.0,1.1,1,1,1313.0,1,1,0,0,0,0,0,0,0,0,4,1,131.3,0
1666.2,1862.52,1,1,1031769.0,1,1,0,0,0,0,1,0,1,0,10,2,100.0,0
0.0,1.1,1,1,19659.0,1,1,0,0,0,0,1,0,0,0,2,1,1.0,0
186311195.0,0.204425,3,2,186311195.0,0,3,0,0,0,1,0,1,0,0,4,1,18631119.5,0
0.0,118.8,1,1,137219.0,1,1,0,0,0,0,0,0,0,1,3,1,13721.9,0
702.0,93.6,4,1,702.0,0,4,0,0,0,0,1,1,0,0,8,2,70.2,0
35591.0,6546.316667,4,2,35591.0,0,4,0,1,0,1,1,1,0,1,10,0,10.0,1
3704305.0,679184.983333,1,0,3704305.0,0,1,0,0,0,1,0,0,0,1,10,3,370430.5,1
5349690.0,713292.0,1,0,5349690.0,0,1,0,0,0,0,1,0,0,0,4,3,100.0,1
172103161.0,31552659.883333,1,0,172103161.0,0,1,1,1,0,1,1,0,0,1,16,4,10.0,1
97576679.0,17889058.016667,1,0,97576679.0,0,1,1,1,0,1,1,0,0,1,8,3,10.0,1
7.0,1.283333,1,0,7.0,0,1,0,1,0,0,1,0,0,1,10,2,0.007,0
23310.0,4275.6,4,3,23310.0,0,4,0,1,1,1,1,1,0,1,4,3,10.0,1
0.0,1.1,1,1,1810855.0,1,1,0,0,0,0,1,0,0,0,8,1,1.0,0
576133.0,109497.783333,1,0,576133.0,0,1,0,1,1,1,1,0,0,1,11,2,100.0,1
169613.0,31096.016667,1,0,169613.0,0,1,0,0,0,1,0,0,0,1,13,2,16961.3,1
188098988.0,25079865.066667,1,0,188098988.0,0,1,0,0,0,0,0,0,0,0,17,1,18809898.8,1
0.0,0.409047,2,2,374205.0,1,2,0,0,0,0,1,1,0,0,19,2,10.0,0
0.0,158.4,4,4,1731108529.0,1,4,0,0,0,0,1,1,0,0,8,3,200.0,0
4167483.0,764039.65,7,2,4167483.0,0,7,0,1,0,1,1,1,0,1,13,4,20.0,1
15148.0,2777.133333,3,1,15148.0,0,3,0,1,1,0,1,1,0,1,15,1,10.0,1
503112.0,67531.4,1,0,503112.0,0,1,0,0,0,1,1,0,0,0,9,3,1000.0,1
1134.6,1249.16,1,1,150122.0,1,1,0,0,0,0,1,0,1,0,9,3,10.0,0
26586429.0,4874178.65,2,0,26586429.0,0,2,0,1,0,0,1,1,0,1,25,3,1000.0,1
4752245.0,635848.466667,1,0,4752245.0,0,1,0,0,0,1,0,0,0,0,15,1,475224.5,1
0.0,385192295.4,1,1,350174814.0,1,1,0,0,0,0,0,0,0,0,19,1,35017481.4,1
23.0,3.066667,3,1,23.0,0,3,0,0,0,0,0,1,0,0,7,1,2.3,0
468220536.0,78038315.443347,1,0,468220536.0,0,1,0,0,0,1,0,0,0,0,18,0,468220536.0,1
0.0,1.1,1,1,2877696.0,1,1,0,0,0,0,1,0,0,0,11,1,1.0,0
0.0,1.2,1,1,120633.0,1,1,0,0,0,1,1,0,0,0,14,2,100.0,0
1849.0,265.425739,3,0,1849.0,0,3,0,0,0,1,1,1,0,0,9,1,10.0,0
147214756.0,10456006.333333,3,2,147214756.0,0,3,1,1,0,1,1,1,0,1,10,1,1000.0,1
515.0,573.1,1,1,536241.0,1,1,0,0,0,0,1,0,1,0,5,2,100.0,0
0.0,745331.4,1,1,677574.0,1,1,0,0,0,1,1,0,0,0,14,1,10.0,0
410.0,94.464023,4,1,410.0,0,4,0,0,0,1,1,1,0,0,4,2,41.0,0
0.0,107235684.6,3,3,32495662.0,1,3,0,0,0,1,1,1,0,0,8,4,100.0,0
78765500.0,14440342.166667,5,2,78765500.0,0,5,0,1,0,1,1,1,0,1,14,7,10.0,1
0.0,1.1,1,1,3592.0,1,1,0,0,0,0,1,0,0,0,10,1,1.0,0
182792157.4,45969039.023333,1,0,178262337.0,0,1,0,1,0,1,0,0,1,1,15,4,178262.337,1
0.0,1.584346,1,1,21290121.0,1,1,0,0,0,0,1,0,0,0,13,3,1.0,0
749.6,1437.26,1,1,47886377.0,1,1,0,0,0,0,1,0,1,0,5,3,10.0,0
46.0,8.433333,1,0,46.0,0,1,0,1,0,0,1,0,0,1,6,0,0.46,0
187768013.0,34424215.816667,4,3,187768013.0,0,4,0,1,0,1,0,1,0,1,30,5,187768.013,1
162072.0,29759.8,1,0,162072.0,0,1,0,1,0,1,0,0,0,1,1,5,162.072,1
47949488.0,7047248.266667,1,0,47354973.0,0,1,1,0,0,1,0,0,1,0,10,3,4735497.3,1
0.0,11.0,2,2,642345776.0,1,2,0,0,0,0,1,1,0,0,9,6,50.0,0
0.0,953128283.8,7,7,123782894.0,1,7,1,1,0,1,1,1,0,1,14,1,100.0,1
0.0,26.4,1,1,123371523.0,1,1,0,0,0,0,1,0,0,0,15,2,20.0,0
25541.0,1172.766667,2,1,25541.0,0,2,0,0,0,1,1,1,0,0,20,2,10.0,1
9441309.0,8949745.05,1,0,2880523.0,0,1,0,1,0,1,0,0,1,1,15,0,28805.23,1
0.0,3.6,1,1,652899.0,1,1,0,0,0,1,0,0,0,0,3,2,65289.9,0
0.0,1398.1,1,1,6887731.0,1,1,0,0,0,0,0,0,0,0,15,2,688773.1,0
11722616.0,2149146.266667,3,0,11722616.0,0,3,0,1,0,0,0,1,0,1,21,6,11722.616,1
634166887.0,116263929.583333,1,0,634166887.0,0,1,1,1,0,1,0,0,0,1,21,1,634166.887,1
0.0,45174.8,1,1,41068.0,1,1,0,0,0,1,1,0,0,0,5,1,50.0,1
0.0,6.6,1,1,182759.0,1,1,0,0,0,0,1,0,0,0,12,4,100.0,0
0.0,5316.3,1,1,30320.0,1,1,0,0,0,0,1,0,0,0,7,1,100.0,1
0.0,343.2,3,3,1963116021.0,1,3,0,0,0,0,1,1,0,0,11,4,50.0,0
0.0,162.8,1,1,188350962.0,1,1,0,0,0,0,1,0,0,0,10,4,10.0,0
0.0,264.0,2,2,73258305.0,1,2,0,0,0,0,1,1,0,0,16,2,20.0,0
3734634.0,497951.2,1,0,3734634.0,0,1,0,0,0,0,1,0,0,0,19,4,1000.0,1
0.0,1201892478.6,6,6,182104921.0,1,6,1,1,0,1,1,1,0,1,17,1,10.0,1
0.0,1.1,1,1,1977.0,1,1,0,0,0,0,1,0,0,0,8,1,1.0,0
55056306.0,10093656.1,5,0,55056306.0,0,5,0,1,0,0,1,1,0,1,16,5,100.0,1
124469978.0,16595997.066667,1,0,124469978.0,0,1,0,0,0,0,0,0,0,0,25,0,124469978.0,0
0.0,1.1,1,1,94393.0,1,1,0,0,0,0,1,0,0,0,7,1,1.0,0
1679576.0,307922.866667,7,1,1679576.0,0,7,0,1,0,1,1,1,0,1,13,7,100.0,1
0.0,1.1,1,1,1250804.0,1,1,0,0,0,0,1,0,0,0,12,1,1.0,0
859681.6,163476.693333,1,0,838442.0,0,2,1,0,0,1,0,1,1,0,15,1,83844.2,1
0.0,1.1,1,1,55711491.0,1,1,0,0,0,0,1,0,0,0,9,2,1.0,0
0.0,275920585.6,4,4,62709224.0,1,4,0,0,0,0,0,1,0,0,7,3,6270922.4,0
0.0,4.8,1,1,28847.0,1,1,0,0,0,1,1,0,0,0,11,2,50.0,0
12858.0,2357.5,3,2,12858.0,0,3,0,1,0,1,1,1,0,1,6,0,10.0,1
0.0,1.1,1,1,61824434.0,1,1,0,0,0,0,0,0,0,0,4,1,6182443.4,0
42300256.0,7755046.933333,1,0,42300256.0,0,1,1,1,0,0,1,0,0,1,11,5,100.0,1
88674837.0,26542149.15,1,0,79324750.0,0,2,1,1,0,0,0,1,1,1,18,1,79324.75,1
24722322.0,4532432.7,6,3,24722322.0,0,6,0,1,0,1,1,1,0,1,7,6,100.0,1
0.0,126.0,1,1,2814155.0,1,1,0,0,0,1,0,0,0,0,9,1,281415.5,0
0.0,435.2,3,3,1203121724.0,1,3,0,0,0,1,1,1,0,0,15,3,10.0,0
379613.1,417579.91,1,1,46826725.0,1,1,0,0,0,0,1,0,1,0,5,3,100.0,0
0.0,269.5,1,1,69758.0,1,1,0,0,0,0,0,0,0,1,2,1,6975.8,0
0.0,106238464.2,3,3,32193474.0,1,3,0,0,0,1,1,1,0,0,6,3,1.0,0
2109383.0,0.978118,3,0,2109383.0,0,3,0,0,0,1,1,1,0,0,4,2,10.0,0
0.0,56.1,1,1,404921366.0,1,1,1,0,0,0,1,0,0,0,16,3,200.0,0
0.0,264.1,1,1,55656491.0,1,1,0,0,0,1,1,0,0,0,6,1,100.0,0
5732725.0,0.082164,1,0,5732725.0,0,1,0,0,0,1,1,0,0,0,7,1,1.0,0
1769985.0,234716.033333,4,2,1769985.0,0,4,0,0,0,1,1,1,0,0,15,2,10.0,1
0.0,1.1,1,1,7444.0,1,1,0,0,0,0,1,0,0,0,4,1,1.0,0
0.0,1173119.2,1,1,1066472.0,1,1,0,0,0,0,0,0,0,1,4,2,106647.2,0
221190.0,40778.2,1,0,221190.0,0,1,0,0,0,1,1,0,0,1,16,1,1000.0,1
0.0,1.1,1,1,32675.0,1,1,0,0,0,0,0,0,0,0,5,2,3267.5,0
3925801.0,719732.383333,1,0,3925801.0,0,1,0,1,0,1,1,0,0,1,2,2,100.0,1
0.0,16.8,1,1,613006813.0,1,1,0,0,0,1,1,0,0,0,18,1,50.0,0
0.0,22474909.6,4,4,5107934.0,1,4,0,1,0,0,1,1,0,1,29,4,100.0,1
153899751.0,0.658488,3,2,153899751.0,0,3,0,0,0,0,1,1,0,0,19,1,1.0,0
2214626.0,406021.666667,1,0,2214626.0,0,1,0,1,0,1,1,0,0,1,22,5,10.0,1
0.0,672573.0,1,1,611430.0,1,1,0,1,0,0,0,0,0,1,3,1,611.43,1
65311883.0,8708251.066667,1,0,65311883.0,0,1,0,0,0,0,0,0,0,0,40,0,65311883.0,0
2383839.0,437039.15,7,3,2383839.0,0,7,1,1,0,1,1,1,0,1,29,3,20.0,1
406551024.0,2.110987,3,2,406551024.0,0,3,0,0,0,0,0,1,0,0,18,2,40655102.4,0
38358998.0,5114533.066667,1,0,38358998.0,0,1,0,0,0,0,0,0,0,0,10,3,3835899.8,1
9295334.0,1239377.866667,1,0,9295334.0,0,1,0,0,0,0,0,0,0,0,13,4,929533.4,0
659544662.0,120916521.366667,1,0,659544662.0,0,1,1,1,0,0,0,0,0,1,9,2,659544.662,1
0.0,99.0,2,2,2329501.0,1,2,0,0,0,0,0,1,0,0,3,3,232950.1,0
5364.4,5903.04,1,1,33083.0,1,1,0,0,0,0,1,0,1,0,7,3,100.0,0
0.0,22.0,4,4,1499747927.0,1,4,0,1,0,0,1,1,0,1,5,5,10.0,0
420185033.0,77033923.716667,4,1,420185033.0,0,4,0,1,0,1,1,1,0,1,26,6,10.0,1
0.0,52572829.1,1,1,47793481.0,1,1,0,0,0,0,0,0,0,1,4,1,4779348.1,0
0.0,67090.1,1,1,60991.0,1,1,0,0,0,0,0,0,0,0,15,1,6099.1,0
5.0,1.266604,1,0,5.0,0,1,1,1,0,1,1,0,0,1,6,0,0.05,0
113685305.0,15158040.666667,1,0,113685305.0,0,1,0,0,0,0,0,0,0,0,18,4,11368530.5,1
0.0,9.9,1,1,1355650.0,1,1,0,0,0,0,1,0,0,0,3,3,10.0,0
195026262.0,161460.333333,5,3,195026262.0,0,5,0,0,0,0,1,1,0,0,3,7,10.0,1
1505253.0,275975.85,4,1,1505253.0,0,4,0,1,0,1,0,1,0,1,11,6,1505.253,1
142258502.0,4263549.766667,6,4,142258502.0,0,6,0,1,0,0,1,1,0,1,19,4,1000.0,1
36027725.0,4805100.133333,3,1,36027725.0,0,3,0,0,0,1,1,1,0,0,8,3,10.0,1
190521.0,25415.6,1,0,190521.0,0,1,0,0,0,1,0,0,0,0,12,4,19052.1,1
0.0,261047.6,1,1,237316.0,1,1,0,0,0,1,1,0,0,0,9,1,50.0,0
0.0,4395.6,4,4,796183653.0,1,4,0,0,0,0,0,1,0,0,4,3,79618365.3,0
19641095.0,3600867.416667,5,1,19641095.0,0,5,1,1,0,0,0,1,0,1,18,6,19641.095,1
40.0,8.428926,1,0,40.0,0,1,0,1,0,1,1,0,0,1,8,0,0.4,0
0.0,1.1,1,1,76552537.0,1,1,0,0,0,0,0,0,0,0,2,1,7655253.7,0
63298498.0,11604724.633333,1,0,63298498.0,0,1,1,1,0,0,1,0,0,1,12,5,100.0,1
21329465.0,505483.7,6,4,21329465.0,0,6,0,1,0,1,1,1,0,1,7,5,10.0,1
35315980.0,6474606.333333,4,2,35315980.0,0,4,0,1,0,1,1,1,0,1,11,5,100.0,1
2874596.0,383279.466667,1,0,2874596.0,0,1,0,0,0,0,0,0,0,0,23,1,287459.6,0
10271565.0,28118.633333,2,1,10271565.0,0,2,0,0,0,1,0,1,0,0,19,6,1027156.5,1
0.0,16291.0,1,1,2378739.0,1,1,0,0,0,0,0,0,0,1,2,3,237873.9,1
902100229.0,165387215.483333,1,0,902100229.0,0,1,0,1,0,1,0,0,0,1,3,5,902100.229,1
0.0,73549.3,1,1,66863.0,1,1,0,0,0,1,1,0,0,0,4,4,100.0,0
19498.5,21579.25,1,1,10632.0,1,1,0,0,0,0,0,0,1,0,5,2,1063.2,0
76927309.1,14586521.326667,1,0,76751608.0,0,1,1,1,0,1,0,0,1,1,4,2,76751.608,1
0.0,64680.0,2,2,29400.0,1,2,0,0,0,1,1,1,0,0,15,4,20.0,0
0.0,2026.0,4,4,37358306.0,1,4,0,0,0,1,1,1,0,0,4,1,20.0,0
3372414.0,3202046.1,1,0,1023532.0,0,2,0,1,0,0,0,1,1,1,15,0,10235.32,1
1463172.0,279580.7,7,2,1463172.0,0,7,1,1,0,1,0,1,0,1,17,2,1463.172,1
0.0,76.8,1,1,1963336.0,1,1,0,0,0,1,1,0,0,0,9,3,20.0,0
37614499.0,6895994.083333,1,0,37614499.0,0,1,1,1,0,1,1,0,0,1,4,1,10.0,1
761307662.0,139573071.366667,1,0,761307662.0,0,1,0,1,0,0,0,0,0,1,13,3,761307.662,1
0.0,57.5,2,2,103634551.0,1,2,0,0,0,1,0,1,0,0,10,3,10363455.1,0
10415043.0,0.85995,3,2,10415043.0,0,3,0,0,0,0,0,1,0,0,15,4,1041504.3,0
94257509.0,7442741.116667,6,3,94257509.0,0,6,0,1,0,1,1,1,0,1,14,1,1000.0,1
0.0,883.2,1,1,1445036.0,1,1,0,0,0,1,0,0,0,0,11,4,144503.6,0
59684104.0,10942085.733333,1,0,59684104.0,0,1,0,1,0,0,0,0,0,1,13,5,59684.104,1
8682775.0,1157703.333333,1,0,8682775.0,0,1,0,0,0,0,0,0,0,0,34,4,868277.5,0
0.0,464067340.0,4,4,105469850.0,1,4,0,1,0,0,0,1,0,1,3,3,105469.85,1
19641482.0,15881.783333,4,3,19641482.0,0,4,1,1,0,1,1,1,0,1,12,3,10.0,0
1314.0,251.0,2,1,1314.0,0,2,1,1,0,1,1,1,0,1,14,2,1.314,0
16095350.0,2146046.666667,1,0,16095350.0,0,1,0,0,0,0,0,0,0,0,18,0,16095350.0,0
0.0,14572.8,1,1,201889561.0,1,1,0,0,0,0,0,0,0,1,4,3,20188956.1,0
79897423.0,31357.433333,6,5,79897423.0,0,6,0,1,0,1,1,1,0,1,15,4,10.0,0
0.0,1.1,1,1,54505543.0,1,1,0,0,0,0,1,0,0,0,9,1,1.0,0
0.0,2134.0,1,1,35084.0,1,1,0,0,0,0,0,0,0,1,2,3,3508.4,1
0.0,551.2,3,3,1631794.0,1,3,0,0,0,1,1,1,0,0,20,1,100.0,0
0.0,5026.4,3,3,760938291.0,1,3,0,0,0,1,1,1,0,0,17,5,10.0,0
0.0,70.4,1,1,12695294.0,1,1,0,1,0,0,0,0,0,1,3,2,12695.294,0
177382510.0,1.389755,3,1,177382510.0,0,3,0,0,0,1,1,1,0,0,10,3,10.0,0
5035426.0,669271.366667,3,2,5035426.0,0,3,0,0,0,1,0,1,0,0,6,5,503542.6,1
1628481.0,66749.066667,4,3,1628481.0,0,4,0,0,0,0,1,1,0,0,23,4,100.0,1
16426470.0,3011521.5,3,0,16426470.0,0,3,1,1,0,1,1,1,0,1,17,5,20.0,1
0.0,12666.5,1,1,1091789.0,1,1,0,0,0,0,0,0,0,1,2,3,109178.9,1
4698470.0,626462.666667,1,0,4698470.0,0,1,0,0,0,0,0,0,0,0,11,2,469847.0,1
345626435.0,0.744737,3,1,345626435.0,0,3,0,0,0,0,1,1,0,0,10,3,10.0,0
140490.0,1805388.2,1,1,750386.0,1,2,0,1,0,1,0,1,1,1,8,4,750.386,1
0.0,1.1,1,1,9791.0,1,1,0,0,0,0,0,0,0,0,12,1,979.1,0
0.0,790.9,1,1,244077169.0,1,1,0,0,0,0,0,0,0,1,2,2,24407716.9,0
0.0,563.8,1,1,287590.0,1,1,0,0,0,1,1,0,0,0,10,2,50.0,0
350344.0,53238.166667,2,1,350344.0,0,2,1,1,0,0,1,1,0,1,8,6,350.344,1
0.0,17.6,2,2,2458579.0,1,2,0,0,0,0,0,1,0,0,8,2,245857.9,0
0.0,2282264.6,1,1,2074786.0,1,1,0,0,0,0,0,0,0,0,5,1,207478.6,0
19384621.0,2584616.133333,1,0,19384621.0,0,1,0,0,0,0,0,0,0,0,15,2,1938462.1,1
0.0,12.0,1,1,111710.0,1,1,0,0,0,1,0,0,0,0,3,3,11171.0,0
0.0,44.0,5,5,34703796.0,1,5,0,0,0,0,0,1,0,0,18,2,3470379.6,0
0.0,0.360652,3,3,1577548.0,1,3,0,0,0,0,1,1,0,0,4,1,1.0,0
12256498.0,10689.55,3,2,12256498.0,0,3,1,1,0,1,1,1,0,1,19,7,1000.0,0
0.0,9.9,1,1,11664053.0,1,1,0,0,0,0,0,0,0,1,4,2,1166405.3,0
106934889.0,19420351.85,2,1,106934889.0,0,2,0,1,0,1,1,1,0,1,17,5,10.0,1
0.0,1040683105.0,2,2,473037775.0,1,2,0,0,0,1,1,1,0,0,2,2,200.0,0
0.0,958.8,3,3,1568362927.0,1,3,0,0,0,1,0,1,0,0,10,2,156836292.7,0
0.0,27380568.6,1,1,24891426.0,1,1,0,0,0,0,0,0,0,0,16,1,2489142.6,1
0.0,1.1,1,1,17884591.0,1,1,0,0,0,0,1,0,0,0,3,1,1.0,0
8743544.0,1165808.166667,1,0,8743544.0,0,1,0,0,0,1,0,0,0,0,10,4,874354.4,1
95963811.0,18059157.597575,1,0,95963811.0,0,1,0,0,0,1,0,0,0,0,15,0,95963811.0,1
0.0,123812.7,1,1,112557.0,1,1,0,0,0,1,1,0,0,0,1,2,10.0,1
0.0,2.4,1,1,7274074.0,1,1,0,0,0,1,0,0,0,0,8,2,727407.4,0
7478233.0,1371010.283333,1,0,7478233.0,0,1,0,1,0,1,1,0,0,1,18,2,100.0,1
59275.0,10867.083333,1,0,59275.0,0,1,0,0,0,0,1,0,0,1,16,0,100.0,1
0.0,991.1,1,1,62512.0,1,1,0,1,0,0,0,0,0,1,3,2,62.512,1
5442.0,1.166266,2,0,5442.0,0,2,0,0,0,0,0,1,0,0,11,1,544.2,0
311325621.0,1076071.833333,6,5,311325621.0,0,6,0,0,0,1,1,1,0,0,18,5,1000.0,1
0.0,1544.4,4,4,711879595.0,1,4,0,1,0,0,1,1,0,1,16,2,200.0,0
0.0,281.6,4,4,112586631.0,1,4,0,0,0,0,0,1,0,0,15,2,11258663.1,0
516320345.0,0.161341,3,1,516320345.0,0,3,0,0,0,1,1,1,0,0,14,1,1.0,0
0.0,14903803.2,8,8,1693614.0,1,8,0,1,0,1,1,1,0,1,25,5,20.0,1
135330.7,149139.87,1,1,8701724.0,1,1,0,0,0,0,0,0,1,0,6,2,870172.4,0
2931616.0,537464.933333,4,1,2931616.0,0,4,1,1,0,1,1,1,0,1,15,7,20.0,1
0.0,428.8,1,1,1245873.0,1,1,0,0,0,1,1,0,0,0,6,4,20.0,0
0.0,1.1,1,1,700512.0,1,1,0,0,0,0,1,0,0,0,12,2,1.0,0
229.0,55.482281,1,0,229.0,0,1,1,1,0,1,1,0,0,1,2,1,0.229,0
28764.0,5273.5,3,2,28764.0,0,3,0,1,0,1,1,1,0,1,6,2,10.0,1
0.0,108548030.8,1,1,98680028.0,1,1,1,1,0,1,1,0,0,1,22,2,10.0,1
14337135.3,7690337.13,1,0,12496459.0,0,1,1,1,0,1,1,0,1,1,13,3,100.0,1
7124260.0,1306114.433333,1,0,7124260.0,0,1,0,1,0,1,1,0,0,1,24,5,10.0,1
15454415.0,2060588.666667,1,0,15454415.0,0,1,0,0,0,0,0,0,0,0,21,1,1545441.5,1
108974053.0,15824317.139845,1,0,108974053.0,0,1,0,0,0,1,0,0,0,0,19,0,108974053.0,1
198662101.0,36421578.883333,1,0,198662101.0,0,1,0,1,0,1,1,0,0,1,21,2,10.0,1
0.0,105.6,1,1,11357282.0,1,1,0,0,0,0,0,0,0,0,2,4,1135728.2,0
0.0,271.683333,1,1,1471.0,1,1,0,1,0,1,0,0,0,1,5,3,1.471,1
1724565.0,229942.0,1,0,1724565.0,0,1,0,0,0,0,0,0,0,0,1,2,172456.5,1
8917.0,1668.183333,4,2,8917.0,0,4,1,1,0,1,0,1,0,1,6,4,8.917,1
0.0,1.1,1,1,67200636.0,1,1,0,0,0,0,0,0,0,0,11,1,6720063.6,0
9961528.0,4118146.633333,1,0,7878917.0,0,1,0,1,0,1,0,0,1,1,7,3,7878.917,1
166698365.0,0.129778,2,1,166698365.0,0,2,0,0,0,1,1,1,0,0,8,2,1.0,0
183316322.0,33607992.366667,1,0,183316322.0,0,1,1,1,0,0,0,0,0,1,3,2,183316.322,1
18937.0,3475.883333,4,1,18937.0,0,4,1,1,0,1,1,1,0,1,10,1,18.937,1
0.0,5880.0,4,4,1200367842.0,1,4,0,0,0,1,1,1,0,0,13,4,50.0,0
0.0,139.7,1,1,17700589.0,1,1,0,0,0,0,1,0,0,0,15,1,10.0,0
439904680.0,80649381.933333,7,4,439904680.0,0,7,1,1,0,1,0,1,0,1,19,4,439904.68,1
0.0,234.3,3,3,11033792.0,1,3,0,0,0,0,0,1,0,0,16,3,1103379.2,0
1066800.0,0.661759,2,1,1066800.0,0,2,0,0,0,1,1,1,0,0,6,1,10.0,0
0.0,13.2,1,1,53000521.0,1,1,0,0,0,1,1,0,0,0,5,1,50.0,0
7055.0,1296.116667,3,1,7055.0,0,3,0,1,0,1,1,1,0,1,10,4,7.055,1
0.0,6.6,3,3,39291877.0,1,3,0,0,0,0,1,1,0,0,6,5,100.0,0
438249063.0,80345664.15,6,1,438249063.0,0,6,0,1,0,1,1,1,0,1,18,6,100.0,1
0.0,579.7,1,1,30607834.0,1,1,0,0,0,0,0,0,0,0,14,2,3060783.4,0
134414592.0,24642675.7,1,0,134414592.0,0,1,0,1,0,1,0,0,0,1,10,4,134414.592,1
257009.0,34267.866667,1,0,257009.0,0,1,0,0,0,0,1,0,0,0,7,2,100.0,1
0.0,8.8,2,2,26662639.0,1,2,0,0,0,0,1,1,0,0,12,5,100.0,0
126481724.0,23188319.466667,1,0,126481724.0,0,1,1,1,0,1,0,0,0,1,18,0,1264817.24,1
0.0,1.1,1,1,7478766.0,1,1,0,0,0,0,1,0,0,0,6,2,1.0,0
116964338.0,21443578.466667,1,0,116964338.0,0,1,0,1,1,1,0,0,0,1,14,2,116964.338,1
0.0,4.4,1,1,72064.0,1,1,0,0,0,0,0,0,0,1,4,3,7206.4,0
0.0,55.0,5,5,256480074.0,1,5,0,0,0,0,1,1,0,0,15,5,20.0,0
0.0,8.8,1,1,1488259.0,1,1,0,0,0,0,0,0,0,1,3,3,148825.9,0
1293846.0,237205.1,5,1,1293846.0,0,5,1,1,0,0,0,1,0,1,26,6,1293.846,1
0.0,31.5,4,4,367150999.0,1,4,0,0,0,1,0,1,0,0,9,1,36715099.9,0
3644148.0,668093.8,1,0,3644148.0,0,1,0,0,0,0,1,0,0,1,15,2,100.0,1
0.0,2.4,1,1,65630042.0,1,1,0,0,0,1,1,0,0,0,2,3,100.0,0
53815.0,9866.283333,4,0,53815.0,0,4,1,1,1,1,1,1,0,1,10,0,100.0,1
0.0,2125.2,4,4,852111550.0,1,4,1,1,0,0,1,1,0,1,3,1,10.0,0
1799.0,330.416667,2,0,1799.0,0,2,0,1,0,1,1,1,0,1,13,0,10.0,0
248628104.0,17236.633333,4,3,248628104.0,0,4,0,0,0,1,0,1,0,0,25,1,24862810.4,0
0.0,147.2,3,3,23275033.0,1,3,0,0,0,1,1,1,0,0,5,2,20.0,0
0.0,20.9,1,1,76430.0,1,1,0,0,0,0,0,0,0,1,2,1,7643.0,0
11062211.0,2028082.016667,8,3,11062211.0,0,8,1,1,0,1,1,1,0,1,15,8,100.0,1
0.0,1.1,1,1,249825.0,1,1,0,0,0,0,0,0,0,0,12,1,24982.5,0
1305096.0,0.285374,3,2,1305096.0,0,3,0,0,0,0,0,1,0,0,20,2,130509.6,0
431827.0,61205.633333,1,0,431827.0,0,1,0,0,0,1,1,0,0,0,2,0,10.0,1
128.0,23.466667,1,0,128.0,0,1,0,1,0,0,1,0,0,1,13,2,0.128,0
13521651.0,1923680.52491,1,0,13521651.0,0,1,0,0,0,1,0,0,0,0,9,0,13521651.0,1
197509934.0,26334657.866667,1,0,197509934.0,0,1,0,0,0,0,0,0,0,0,21,0,197509934.0,0
2014566.0,369347.1,7,1,2014566.0,0,7,1,1,0,1,1,1,0,1,20,1,100.0,1
0.0,266.8,2,2,64587000.0,1,2,0,0,0,1,0,1,0,0,20,2,6458700.0,0
0.0,61.6,5,5,66627746.0,1,5,0,0,0,1,1,1,0,0,19,5,100.0,0
0.0,161.7,1,1,815347.0,1,1,0,0,0,0,0,0,0,1,2,3,81534.7,0
582.7,1072.17,1,1,3419863.0,1,1,0,0,0,0,1,0,1,0,2,2,10.0,0
155147957.0,28443793.116667,3,1,155147957.0,0,3,0,1,0,1,1,1,0,1,13,4,10.0,1
24577374.0,28670487.3,1,0,2614024.0,0,2,0,1,0,1,1,1,1,1,18,0,100.0,1
0.0,5.397809,2,2,25.0,1,2,0,1,0,1,0,1,0,1,2,2,0.025,0
0.0,8775.8,1,1,7978.0,1,1,0,0,0,0,0,0,0,0,9,1,797.8,0
0.0,1.1,1,1,1807510.0,1,1,0,0,0,0,0,0,0,0,9,1,180751.0,0
15929.0,2921.916667,2,1,15929.0,0,2,0,1,0,1,1,1,0,1,12,2,10.0,1
799893.0,960559.05,1,0,503925.0,0,2,1,1,0,0,0,1,1,1,18,3,503.925,1
0.0,1.1,1,1,56813.0,1,1,0,0,0,0,1,0,0,0,5,1,1.0,0
757279588.0,138834591.133333,1,0,757279588.0,0,1,0,1,0,0,1,0,0,1,9,4,100.0,1
0.0,7950914.4,1,1,7228104.0,1,1,0,0,0,1,1,0,0,0,12,5,100.0,1
5953417.0,1091461.883333,1,0,5953417.0,0,1,0,1,0,1,1,0,0,1,1,4,1000.0,1
0.0,89331.0,3,3,27070.0,1,3,1,1,1,1,0,1,0,1,14,3,27.07,1
50369.0,9312.616667,1,0,50369.0,0,1,0,1,0,1,1,0,0,1,5,5,50.369,1
0.0,20176.2,1,1,39948.0,1,1,0,0,0,0,0,0,0,1,4,3,3994.8,1
0.0,0.378179,1,1,82137885.0,1,1,0,0,0,0,1,0,0,0,3,1,1.0,0
201528377.0,26870450.266667,1,0,201528377.0,0,1,0,0,0,0,0,0,0,0,12,3,20152837.7,1
0.0,6.9,2,2,854171679.0,1,2,0,0,0,1,1,1,0,0,2,4,10.0,0
0.0,104.5,5,5,174956210.0,1,5,0,0,0,0,0,1,0,0,7,3,17495621.0,0
0.0,77998542.6,6,6,11817961.0,1,6,0,0,0,0,0,1,0,0,6,3,1181796.1,1
998535.0,183427.55,1,0,998535.0,0,1,0,0,0,1,1,0,0,1,13,1,100.0,1
0.0,1.688845,3,3,38230439.0,1,3,0,0,0,0,1,1,0,0,17,1,1.0,0
0.0,29967.3,3,3,9081.0,1,3,1,1,0,1,0,1,0,1,10,4,9.081,1
0.0,513.4,3,3,1906589679.0,1,3,0,0,0,1,1,1,0,0,4,2,10.0,0
0.0,1.1,1,1,679736.0,1,1,0,0,0,0,1,0,0,0,1,2,1.0,0
2281937.0,418355.116667,1,0,2281937.0,0,1,0,1,0,0,1,0,0,1,12,4,10.0,1
0.0,3.3,1,1,3.0,1,1,0,1,0,1,1,0,0,1,6,2,0.003,0
8913.0,1634.05,2,0,8913.0,0,2,1,1,0,0,0,1,0,1,9,2,8.913,1
246059.0,34955.866667,1,0,246059.0,0,1,0,0,0,1,1,0,0,0,20,4,10.0,1
0.0,1536.7,1,1,1397.0,1,1,0,0,0,0,0,0,0,0,13,3,139.7,0
5750458.4,2320396.206667,1,0,5290076.0,0,1,0,1,0,1,0,0,1,1,19,4,5290.076,1
0.0,350.533333,1,1,1912.0,1,1,0,1,0,0,1,0,0,1,7,4,1.912,0
0.0,8391478.7,1,1,7628617.0,1,1,0,0,0,1,0,0,0,0,30,2,762861.7,1
168028.3,184837.73,1,1,2471029.0,1,1,0,0,0,0,1,0,1,0,8,2,100.0,0
0.0,3120771.5,1,1,2837065.0,1,1,0,0,0,0,1,0,0,1,2,3,100.0,1
0.0,1.1,1,1,330899.0,1,1,0,0,0,0,1,0,0,0,11,1,1.0,0
219349.0,29246.533333,1,0,219349.0,0,1,0,0,0,0,0,0,0,0,16,0,219349.0,1
8569144.0,1142552.533333,1,0,8569144.0,0,1,0,0,0,0,0,0,0,0,35,4,856914.4,0
0.0,3902.8,1,1,159924.0,1,1,0,0,0,0,0,0,0,1,3,3,15992.4,1
7787565.0,445939.85,4,2,7787565.0,0,4,0,1,0,1,0,1,0,1,18,4,7787.565,1
28247837.0,5178771.116667,6,0,28247837.0,0,6,0,1,0,1,1,1,0,1,16,1,10.0,1
0.0,89.0,1,1,55686.0,1,1,0,0,0,1,1,0,0,0,9,2,10.0,0
0.0,151.8,1,1,1279419.0,1,1,0,0,0,0,1,0,0,0,14,4,20.0,0
0.0,1.1,1,1,363379.0,1,1,0,0,0,0,0,0,0,0,4,1,36337.9,0
159196386.0,0.80135,3,2,159196386.0,0,3,0,0,0,1,1,1,0,0,4,1,1.0,0
0.0,3.3,1,1,44218.0,1,1,0,1,0,0,0,0,0,1,2,1,44.218,0
1051268.0,192761.966667,1,0,1051268.0,0,1,0,1,0,1,1,0,0,1,11,2,10.0,1
54668781.0,10023994.95,3,0,54668781.0,0,3,0,1,0,1,0,1,0,1,23,6,54668.781,1
0.0,111528398.3,1,1,101389453.0,1,1,0,1,0,0,0,0,0,1,15,5,101389.453,1
0.0,6.6,1,1,6.0,1,1,0,0,0,0,1,0,0,0,12,2,0.6,0
0.0,4413.2,4,4,1003.0,1,4,1,1,0,1,0,1,0,1,4,1,1.003,0
536804.0,1.590157,2,1,536804.0,0,2,0,0,0,1,1,1,0,0,3,1,10.0,0
21524.0,3946.066667,4,1,21524.0,0,4,1,1,0,0,0,1,0,1,9,1,21.524,1
0.0,115.0,2,2,269643490.0,1,2,0,0,0,1,1,1,0,0,12,5,50.0,0
0.0,3588.8,1,1,19572.0,1,1,0,1,1,1,1,0,0,1,7,0,100.0,1
0.0,292.5,4,4,191215429.0,1,4,0,0,0,1,1,1,0,0,5,4,100.0,0
0.0,493.9,1,1,4707584.0,1,1,0,0,0,0,1,0,0,0,10,4,20.0,0
0.0,8.4,1,1,12885394.0,1,1,0,0,0,1,1,0,0,0,4,1,50.0,0
4558.0,2.445195,1,0,4558.0,0,1,0,0,0,0,0,0,0,0,5,4,455.8,0
0.0,8034.4,4,4,1826.0,1,4,0,0,0,0,1,1,0,0,4,2,10.0,0
48095676.5,10171545.816667,1,0,47603311.0,0,2,1,1,0,0,0,1,1,1,17,5,47603.311,1
1785144.0,428193.15,1,0,1748447.0,0,1,1,1,0,0,0,0,1,1,16,3,1748.447,1
144260881.0,29199060.283333,1,0,141760466.0,0,1,0,1,0,1,0,0,1,1,13,1,141760.466,1
0.0,168.3,1,1,61083763.0,1,1,1,0,0,0,0,0,0,0,16,1,6108376.3,0
57956826.0,10625654.6,8,1,57956826.0,0,8,0,1,0,1,0,1,0,1,25,5,57956.826,1
179144403.0,204470.633333,5,4,179144403.0,0,5,0,1,0,1,0,1,0,1,13,7,179144.403,1
0.0,2096.6,2,2,562219353.0,1,2,0,0,0,0,0,1,0,0,8,1,56221935.3,0
0.0,15924.7,1,1,14477.0,1,1,0,0,0,0,0,0,0,1,1,2,1447.7,1
0.0,217.8,1,1,487501385.0,1,1,0,0,0,0,1,0,0,0,18,4,200.0,0
0.0,946.0,4,4,1446181047.0,1,4,1,0,0,0,1,1,0,0,4,4,200.0,0
0.0,3466983.3,1,1,3151803.0,1,1,0,1,0,1,1,0,0,1,5,2,100.0,1
245985262.0,45097298.033333,7,2,245985262.0,0,7,0,1,0,0,1,1,0,1,29,6,10.0,1
0.0,63193.9,1,1,57449.0,1,1,0,0,0,1,1,0,0,0,6,2,20.0,1
1354.0,248.233333,2,1,1354.0,0,2,1,1,0,0,1,1,0,1,9,1,1.354,1
107432616.0,5435602.266667,6,3,107432616.0,0,6,0,0,0,1,0,1,0,0,5,5,10743261.6,1
46925.0,775.766667,2,1,46925.0,0,2,0,0,0,1,0,1,0,0,19,7,4692.5,1
159420041.0,29227008.516667,1,0,159420041.0,0,1,0,1,0,1,0,0,0,1,18,5,159420.041,1
2270548.0,391022.047642,1,0,2270548.0,0,1,0,0,0,1,0,0,0,0,36,3,227054.8,1
28761.9,10473238.49,1,1,9492364.0,1,1,0,0,0,0,0,0,1,0,3,2,949236.4,0
0.0,916060615.8,2,2,416391189.0,1,2,0,0,0,0,1,1,0,0,14,6,10.0,0
0.0,1.1,1,1,24460045.0,1,1,0,0,0,0,1,0,0,0,2,1,1.0,0
0.0,1.1,1,1,50482.0,1,1,0,0,0,0,0,0,0,0,5,2,5048.2,0
17191101.0,21272485.85,1,0,717661.0,0,2,0,1,0,0,1,1,1,1,20,1,100.0,1
0.0,2.2,1,1,64163553.0,1,1,0,0,0,0,1,0,0,0,5,2,10.0,0
0.0,37.2,1,1,558113817.0,1,1,0,1,0,1,1,0,0,1,12,4,10.0,0
0.0,9.6,1,1,546121.0,1,1,0,0,0,1,0,0,0,0,12,2,54612.1,0
244401408.0,32586854.4,1,0,244401408.0,0,1,0,0,0,0,0,0,0,0,11,4,24440140.8,1
1441.0,310.395664,4,1,1441.0,0,4,0,0,0,1,1,1,0,0,11,1,100.0,1
49283154.0,58288407.1,1,1,3706307.0,1,1,0,1,0,0,1,0,1,1,19,5,100.0,1
4467336.0,704515.726714,1,0,4467336.0,0,1,0,0,0,1,0,0,0,0,16,0,4467336.0,1
0.0,4503371.4,3,3,1364658.0,1,3,0,0,0,0,1,1,0,0,24,2,10.0,1
0.0,23.1,1,1,3365581.0,1,1,0,1,0,0,0,0,0,1,2,2,3365.581,0
0.0,3540.0,1,1,355482.0,1,1,0,0,0,1,0,0,0,0,13,4,35548.2,1
0.0,42.9,1,1,234.0,1,1,1,1,0,0,0,0,0,1,9,4,0.234,0
138216530.0,25339868.966667,1,0,138216530.0,0,1,1,1,0,1,1,0,0,1,3,0,10.0,1
389582866.0,0.188967,2,1,389582866.0,0,2,0,0,0,0,1,1,0,0,7,2,10.0,0
4693089.0,860460.95,1,0,4693089.0,0,1,1,1,0,1,1,0,0,1,23,3,10.0,1
172569433.0,30469013.916667,2,1,172569433.0,0,2,0,1,0,1,1,1,0,1,2,2,1000.0,1
14680040.0,2.205233,3,2,14680040.0,0,3,0,0,0,0,1,1,0,0,18,4,1.0,0
0.0,41.7,1,1,176321260.0,1,1,0,0,0,1,1,0,0,0,15,1,10.0,0
6461507.0,1186359.716667,1,0,6461507.0,0,1,1,1,0,1,0,0,0,1,8,2,6461.507,1
4360580.0,910608.666667,1,0,4259553.0,0,1,0,1,0,1,0,0,1,1,4,3,4259.553,1
5519.0,1011.916667,3,1,5519.0,0,3,0,1,0,1,1,1,0,1,13,3,5.519,1
4926718.3,3852877.713333,1,0,3854554.0,0,2,1,1,0,1,1,1,1,1,12,3,100.0,1
0.0,108.8,1,1,127833085.0,1,1,0,0,0,1,1,0,0,0,8,4,10.0,0
0.0,9.0,4,4,760968423.0,1,4,0,0,0,1,1,1,0,0,11,4,200.0,0
0.0,2690.6,1,1,178605181.0,1,1,0,1,0,0,0,0,0,1,2,2,178605.181,0
11684.0,2142.166667,2,1,11684.0,0,2,0,1,0,1,1,1,0,1,5,4,10.0,1
626571482.0,83542864.266667,1,0,626571482.0,0,1,0,0,0,0,0,0,0,0,34,3,62657148.2,1
249910649.0,1.948581,1,0,249910649.0,0,1,0,0,0,0,1,0,0,0,18,1,10.0,0
0.0,93632.0,4,4,21280.0,1,4,0,1,0,1,1,1,0,1,7,2,10.0,1
55573108.6,7647929.793333,1,0,55469554.0,0,1,0,0,0,1,0,0,1,0,18,4,5546955.4,1
15.0,2.75,1,0,15.0,0,1,0,1,0,0,1,0,0,1,4,2,0.015,0
0.0,1063.5,5,5,106486.0,1,5,0,0,0,1,1,1,0,0,4,2,20.0,1
3250383.0,597248.85,1,0,3250383.0,0,1,1,1,0,1,1,0,0,1,3,3,100.0,1
167123750.0,30639359.866667,1,0,167123750.0,0,1,0,1,1,1,0,0,0,1,24,4,167123.75,1
4742.0,877.666667,3,1,4742.0,0,3,0,1,0,1,1,1,0,1,7,4,4.742,1
12283.0,2258.183333,3,1,12283.0,0,3,1,1,1,1,1,1,0,1,15,2,12.283,1
9890515.0,10879566.5,1,0,9890515.0,0,1,0,0,0,1,1,0,0,0,5,0,10.0,1
651.0,156.277335,3,1,651.0,0,3,0,1,0,1,0,1,0,1,1,1,0.651,0
0.0,2059.2,1,1,22625605.0,1,1,0,0,0,0,0,0,0,1,4,3,2262560.5,0
0.0,498.4,5,5,24630293.0,1,5,0,0,0,1,1,1,0,0,11,5,100.0,0
68299.0,12521.683333,1,0,68299.0,0,1,0,1,0,1,1,0,0,1,13,5,68.299,1
20041968.0,11363.033333,4,3,20041968.0,0,4,0,0,0,0,1,1,0,0,11,5,1000.0,0
4755.7,5232.37,1,1,14134.0,1,1,0,0,0,0,1,0,1,0,10,1,10.0,0
20346098.0,2661426.9,4,3,20346098.0,0,4,0,1,0,0,1,1,0,1,5,7,10.0,1
5882820.0,784376.0,1,0,5882820.0,0,1,0,0,0,0,0,0,0,0,37,0,5882820.0,1
0.0,6045.0,2,2,358017125.0,1,2,0,0,0,1,1,1,0,0,17,5,10.0,0
0.0,1.1,1,1,1258780.0,1,1,0,0,0,0,1,0,0,0,11,1,1.0,0
21120822.0,1.185946,1,0,21120822.0,0,1,0,0,0,0,0,0,0,0,20,2,2112082.2,0
0.0,872.4,4,4,45268026.0,1,4,0,0,0,1,1,1,0,0,16,2,100.0,0
167528224.0,227922.383333,5,3,167528224.0,0,5,0,1,0,0,1,1,0,1,22,6,1000.0,1
377772951.0,69258375.35,4,0,377772951.0,0,4,0,1,0,1,1,1,0,1,19,1,10.0,1
0.0,259.6,1,1,11719627.0,1,1,0,0,0,0,1,0,0,0,8,1,100.0,0
579351441.0,106214505.45,5,2,579351441.0,0,5,0,1,0,1,0,1,0,1,28,8,579351.441,1
0.0,388.1,1,1,37704.0,1,1,0,0,0,1,1,0,0,0,2,3,20.0,0
10364.0,1902.566667,4,2,10364.0,0,4,0,1,0,1,0,1,0,1,12,3,10.364,1
19856.0,3640.466667,3,1,19856.0,0,3,1,1,1,1,1,1,0,1,13,3,10.0,1
0.0,1528821350.1,3,3,463279197.0,1,3,0,1,0,1,0,1,0,1,17,2,463279.197,0
0.0,1.1,1,1,18087564.0,1,1,0,0,0,0,0,0,0,0,12,1,1808756.4,0
0.0,15.6,1,1,24415283.0,1,1,0,0,0,1,1,0,0,0,2,1,50.0,0
0.0,358.6,1,1,252716667.0,1,1,0,1,0,0,1,0,0,1,11,2,10.0,0
4583912.0,840383.866667,1,0,4583912.0,0,1,0,1,0,0,0,0,0,1,7,4,4583.912,1
0.0,23.1,1,1,133204.0,1,1,0,0,0,0,0,0,0,1,4,3,13320.4,0
5485869.0,1005742.65,4,1,5485869.0,0,4,0,1,0,0,1,1,0,1,4,6,100.0,1
13793358.9,2976659.14,1,0,13630546.0,0,1,1,1,0,1,0,0,1,1,4,5,13630.546,1
1391.4,7138554.94,1,1,6488204.0,1,1,0,0,0,0,1,0,1,0,9,3,100.0,0
5310680.0,973624.666667,1,0,5310680.0,0,1,0,1,0,0,1,0,0,1,25,5,100.0,1
628710147.0,83828019.6,1,0,628710147.0,0,1,0,0,0,0,0,0,0,0,25,0,628710147.0,0
0.0,4.4,4,4,14718745.0,1,4,0,0,0,0,0,1,0,0,7,5,1471874.5,0
1411.4,2017.84,1,1,14517684.0,1,1,0,0,0,0,0,0,1,0,10,3,1451768.4,0
232825380.0,1.527402,3,0,232825380.0,0,3,0,0,0,1,1,1,0,0,16,2,10.0,0
507735758.0,93084889.966667,6,1,507735758.0,0,6,0,1,0,1,1,1,0,1,26,3,10.0,1
7415611.0,1359538.683333,3,0,7415611.0,0,3,0,1,0,1,1,1,0,1,25,2,100.0,1
0.0,125.4,2,2,34612023.0,1,2,0,0,0,0,0,1,0,0,13,3,3461202.3,0
0.0,5.6,5,5,7603192.0,1,5,0,0,0,1,1,1,0,0,11,4,100.0,0
0.0,4358.2,1,1,2015597.0,1,1,0,1,0,0,0,0,0,1,3,1,2015.597,1
3083364.0,565283.4,1,0,3083364.0,0,1,0,1,0,0,1,0,0,1,2,3,10.0,1
117181432.0,21483262.533333,1,0,117181432.0,0,1,0,1,0,0,0,0,0,1,10,4,117181.432,1
386181319.0,70799908.483333,1,0,386181319.0,0,1,0,1,0,0,1,0,0,1,16,1,10.0,1
14711348.0,1961513.066667,1,0,14711348.0,0,1,0,0,0,0,0,0,0,0,26,4,1471134.8,1
0.0,294.8,4,4,843777747.0,1,4,0,0,0,0,1,1,0,0,13,4,10.0,0
0.0,64.6,3,3,730568395.0,1,3,0,1,0,1,0,1,0,1,17,1,730568.395,0
0.0,129451517.8,1,1,117683198.0,1,1,0,1,1,0,0,0,0,1,10,2,117683.198,1
0.0,1541.1,3,3,13222.0,1,3,0,0,0,0,0,1,0,0,6,1,1322.2,1
132049.0,24208.983333,1,0,132049.0,0,1,0,1,0,0,0,0,0,1,17,1,132.049,1
17245038.0,166865778.2,1,1,67225562.0,1,2,1,1,0,1,0,1,1,1,9,2,67225.562,1
3449611.0,0.128121,2,0,3449611.0,0,2,0,0,0,0,0,1,0,0,12,2,344961.1,0
0.0,0.897757,3,3,480506514.0,1,3,0,0,0,0,0,1,0,0,4,2,48050651.4,0
24179890.0,3710469.903827,1,0,24179890.0,0,1,0,0,0,1,0,0,0,0,37,4,2417989.0,1
283.0,52.965855,3,1,283.0,0,3,0,0,0,1,1,1,0,0,1,3,28.3,0
431.8,571.78,1,1,127961.0,1,1,0,0,0,0,0,0,1,0,7,1,12796.1,0
39370180.0,7217868.333333,4,1,39370180.0,0,4,1,1,0,1,1,1,0,1,30,7,20.0,1
157832369.0,28936482.516667,1,0,157832369.0,0,1,1,1,0,1,1,0,0,1,17,4,100.0,1
0.0,4.8,1,1,177045220.0,1,1,0,0,0,1,1,0,0,0,8,6,200.0,0
25343492.0,3379132.266667,1,0,25343492.0,0,1,0,0,0,0,0,0,0,0,34,4,2534349.2,0
306293.0,40839.066667,1,0,306293.0,0,1,0,0,0,0,0,0,0,0,17,0,306293.0,1
0.0,7.2,1,1,9378688.0,1,1,0,0,0,1,0,0,0,0,5,3,937868.8,0
13691968.0,2512262.333333,6,1,13691968.0,0,6,1,1,0,1,0,1,0,1,7,2,13691.968,1
0.0,7334.8,4,4,1667.0,1,4,0,1,0,1,1,1,0,1,3,1,1.667,0
7447371.0,1365580.45,5,2,7447371.0,0,5,0,1,0,1,0,1,0,1,20,7,7447.371,1
0.0,1534.5,1,1,179089759.0,1,1,0,0,0,0,0,0,0,1,2,1,17908975.9,0
5203800.0,954032.0,4,2,5203800.0,0,4,0,1,0,1,1,1,0,1,24,3,20.0,1
0.0,352.1,1,1,5746008.0,1,1,0,0,0,1,1,0,0,0,5,1,100.0,0
0.0,1.1,1,1,754377.0,1,1,0,0,0,0,1,0,0,0,3,1,1.0,0
1284.0,236.0,2,0,1284.0,0,2,1,1,0,1,0,1,0,1,6,4,1.284,0
67572708.5,35694854.866667,1,0,59097610.0,0,1,1,1,0,1,0,0,1,1,7,3,59097.61,1
7227.0,1325.75,4,1,7227.0,0,4,0,1,0,1,1,1,0,1,5,1,7.227,1
0.0,1.1,1,1,743186.0,1,1,0,0,0,0,1,0,0,0,6,2,1.0,0
290368981.0,53234315.183333,7,2,290368981.0,0,7,1,1,0,1,1,1,0,1,22,2,20.0,1
0.0,116.6,1,1,155925.0,1,1,0,0,0,0,1,0,0,0,4,1,20.0,0
22118902.0,24461633.033333,1,0,3567549.0,0,2,0,1,0,1,0,1,1,1,15,0,35675.49,1
0.0,1.1,1,1,3434.0,1,1,0,0,0,0,1,0,0,0,2,1,1.0,0
2212067.0,1.339353,1,0,2212067.0,0,1,0,0,0,0,1,0,0,0,5,3,1.0,0
12460720.0,2284465.333333,1,0,12460720.0,0,1,1,1,0,0,0,0,0,1,8,3,12460.72,1
0.0,1.1,1,1,581288.0,1,1,0,0,0,0,1,0,0,0,6,1,1.0,0
907.0,120.933333,3,2,907.0,0,3,0,0,0,0,0,1,0,0,12,3,90.7,0
0.0,1.1,1,1,200554653.0,1,1,0,0,0,0,1,0,0,0,11,1,1.0,0
11906.0,2182.866667,1,0,11906.0,0,1,1,1,0,1,1,0,0,1,11,0,10.0,1
4398473.0,806386.716667,1,0,4398473.0,0,1,0,1,0,0,0,0,0,1,18,5,4398.473,1
3857140.0,707196.433333,1,0,3857140.0,0,1,0,1,0,1,0,0,0,1,15,1,3857.14,1
117142.0,1.742172,1,0,117142.0,0,1,0,0,0,0,1,0,0,0,10,1,10.0,0
0.0,1.1,1,1,357928163.0,1,1,0,0,0,0,0,0,0,0,7,2,35792816.3,0
240652211.0,44119702.316667,4,1,240652211.0,0,4,0,1,0,1,0,1,0,1,4,3,240652.211,1
36032405.0,1.619515,1,0,36032405.0,0,1,0,0,0,0,1,0,0,0,14,1,10.0,0
2396902.0,319587.133333,1,0,2396902.0,0,1,0,0,0,1,0,0,0,0,2,2,239690.2,1
0.0,19872661.6,1,1,18066056.0,1,1,1,1,0,0,1,0,0,1,18,1,100.0,1
2450799.0,326773.2,1,0,2450799.0,0,1,0,0,0,0,0,0,0,0,19,3,245079.9,0
141713389.0,25980846.483333,1,0,141713389.0,0,1,1,1,0,1,0,0,0,1,22,2,141713.389,1
125711304.0,3167.933333,2,1,125711304.0,0,2,0,1,0,1,1,1,0,1,18,4,1000.0,0
106470415.0,19519577.283333,6,2,106470415.0,0,6,0,1,0,1,1,1,0,1,24,5,20.0,1
0.0,11338.8,1,1,79104.0,1,1,0,0,0,0,0,0,0,1,4,1,7910.4,1
4952475.0,660330.0,1,0,4952475.0,0,1,0,0,0,0,0,0,0,0,36,4,495247.5,0
543507.0,99642.95,1,0,543507.0,0,1,0,0,0,0,1,0,0,1,8,3,10.0,1
0.0,26952948.0,3,3,8167560.0,1,3,0,1,0,0,1,1,0,1,2,2,1000.0,1
160.0,38.814589,3,1,160.0,0,3,0,1,0,1,1,1,0,1,8,0,1.6,0
5502211.0,1008778.983333,5,1,5502211.0,0,5,0,1,0,1,0,1,0,1,7,1,5502.211,1
0.0,0.654616,2,2,181773839.0,1,2,0,0,0,0,0,1,0,0,17,4,18177383.9,0
0.0,4.4,4,4,1098882.0,1,4,0,0,0,0,1,1,0,0,3,3,100.0,0
3850516.0,705927.933333,1,0,3850516.0,0,1,0,1,1,0,1,0,0,1,4,1,10.0,1
379733086.0,50631078.133333,1,0,379733086.0,0,1,0,0,0,0,0,0,0,0,21,3,37973308.6,0
2477613.0,454395.65,1,0,2477613.0,0,1,0,1,0,1,0,0,0,1,8,1,2477.613,1
207303668.0,541.133333,4,3,207303668.0,0,4,0,0,0,1,0,1,0,0,17,4,20730366.8,0
0.0,1.1,1,1,9453.0,1,1,0,0,0,0,1,0,0,0,9,2,1.0,0
2187315.0,647628.05,1,0,1963119.0,0,1,1,1,0,1,0,0,1,1,11,1,1963.119,1
0.0,2375.0,5,5,81419812.0,1,5,0,0,0,1,1,1,0,0,19,5,100.0,0
62612.0,2474.4,3,2,62612.0,0,3,0,1,0,1,0,1,0,1,24,7,62.612,1
45406801.0,46664.933333,5,4,45406801.0,0,5,0,1,0,0,0,1,0,1,18,3,45406.801,1
0.0,80.3,1,1,24931.0,1,1,0,0,0,0,0,0,0,1,4,3,2493.1,0
0.0,1.360622,1,1,8376483.0,1,1,0,0,0,0,0,0,0,0,17,2,837648.3,0
0.0,10.2,3,3,1134705115.0,1,3,0,1,0,1,1,1,0,1,10,5,50.0,0
17859.0,3274.15,4,2,17859.0,0,4,0,1,1,0,0,1,0,1,11,0,178.59,1
0.0,1.1,1,1,236362.0,1,1,0,0,0,0,0,0,0,0,9,1,23636.2,0
0.0,2631.6,1,1,65484495.0,1,1,0,0,0,1,0,0,0,0,14,2,6548449.5,0
0.0,90.2,2,2,200734865.0,1,2,0,0,0,0,1,1,0,0,16,3,200.0,0
24539358.0,0.797547,3,1,24539358.0,0,3,0,0,0,0,0,1,0,0,18,2,2453935.8,0
3204052.0,587410.033333,4,0,3204052.0,0,4,1,1,0,1,1,1,0,1,12,8,100.0,1
0.0,1.2,1,1,4449626.0,1,1,0,0,0,1,0,0,0,0,13,4,444962.6,0
28248872.0,5181476.266667,8,4,28248872.0,0,8,1,1,0,1,0,1,0,1,21,4,28248.872,1
0.0,241.283333,2,2,1249.0,1,2,0,1,0,1,0,1,0,1,11,3,1.249,0
0.0,1.1,1,1,46022.0,1,1,0,0,0,0,0,0,0,1,4,1,4602.2,0
20688475.0,32617.25,6,5,20688475.0,0,6,0,1,0,1,1,1,0,1,5,4,1000.0,1
391715.0,52455.766667,1,0,391715.0,0,1,0,0,0,1,0,0,0,0,4,3,39171.5,1
9710061.0,1780178.45,4,0,9710061.0,0,4,0,1,0,1,0,1,0,1,4,7,9710.061,1
0.0,2101.0,1,1,251787933.0,1,1,0,0,0,0,0,0,0,1,3,1,25178793.3,0
0.0,435745645.5,5,5,79226481.0,1,5,0,0,0,0,0,1,0,0,18,4,7922648.1,0
0.0,54.0,4,4,1746365696.0,1,4,1,0,0,1,0,1,0,0,8,3,174636569.6,0
0.0,136.4,4,4,51643566.0,1,4,0,0,0,0,0,1,0,0,13,5,5164356.6,0
0.0,6.6,3,3,1020083363.0,1,3,0,1,0,0,1,1,0,1,13,3,10.0,0
3342926.0,615253.166667,6,1,3342926.0,0,6,1,1,0,1,0,1,0,1,30,1,3342.926,1
492281355.0,90251581.75,1,0,492281355.0,0,1,0,1,0,0,0,0,0,1,24,0,4922813.55,1
62497736.0,11457918.266667,8,3,62497736.0,0,8,0,1,0,0,1,1,0,1,13,6,10.0,1
0.0,414.0,4,4,320747923.0,1,4,0,0,0,1,0,1,0,0,16,4,32074792.3,0
999420412.0,1099362453.2,1,0,999420412.0,0,1,1,1,1,0,1,0,0,1,12,0,10.0,1
101464743.0,13528632.4,1,0,101464743.0,0,1,0,0,0,0,0,0,0,0,14,1,10146474.3,0
751669.0,100222.533333,1,0,751669.0,0,1,0,0,0,0,1,0,0,0,6,0,100.0,1
0.0,94.8,1,1,606646020.0,1,1,0,0,0,1,1,0,0,0,7,3,50.0,0
3549372.0,4935058.7,1,0,1991430.0,0,1,0,1,0,0,0,0,1,1,9,1,1991.43,1
259335.0,34578.2,1,0,259335.0,0,1,0,0,0,1,1,0,0,0,10,0,10.0,1
0.0,1.1,1,1,6437948.0,1,1,0,0,0,0,1,0,0,0,8,2,1.0,0
0.0,14258.2,1,1,12962.0,1,1,1,1,0,1,1,0,0,1,12,1,12.962,1
0.0,2.4,1,1,8243928.0,1,1,0,0,0,1,0,0,0,0,8,2,824392.8,0
0.0,3385099476.0,4,4,769340790.0,1,4,0,0,0,1,0,1,0,0,2,2,76934079.0,0
35782995.0,6560227.35,1,0,35782995.0,0,1,0,1,0,1,0,0,0,1,19,1,35782.995,1
0.0,801.9,1,1,5250565.0,1,1,0,0,0,0,0,0,0,1,1,3,525056.5,0
3088010.0,566135.166667,1,0,3088010.0,0,1,0,1,0,0,1,0,0,1,6,5,10.0,1
30733913.0,0.454331,1,0,30733913.0,0,1,0,0,0,0,0,0,0,0,5,1,3073391.3,0
126080751.0,19289502.361672,1,0,126080751.0,0,1,0,0,0,1,0,0,0,0,33,1,12608075.1,1
2450270.4,415775.34,1,0,2411548.0,0,2,1,0,0,1,0,1,1,0,6,0,2411548.0,1
5877352.0,783646.933333,1,0,5877352.0,0,1,0,0,0,0,0,0,0,0,4,1,587735.2,1
9066945.3,1752633.63,1,0,9034087.0,0,1,0,1,0,0,0,0,1,1,14,3,9034.087,1
7404294.0,1359987.5,1,0,7404294.0,0,1,0,1,0,1,1,0,0,1,8,1,100.0,1
0.0,435.6,2,2,12590409.0,1,2,0,0,0,0,1,1,0,0,5,5,100.0,0
341037747.0,2.072903,3,2,341037747.0,0,3,0,0,0,0,1,1,0,0,13,3,1.0,0
75574468.0,13855961.233333,3,0,75574468.0,0,3,0,1,0,1,0,1,0,1,20,5,75574.468,1
0.0,2059.2,1,1,1160503.0,1,1,0,0,0,0,0,0,0,1,1,1,116050.3,1
2239.8,2468.18,1,1,280281.0,1,1,0,0,0,0,1,0,1,0,5,1,10.0,0
0.0,72.633333,1,1,358.0,1,1,0,1,0,1,0,0,0,1,6,4,0.358,0
14273199.0,613823.533333,4,2,14273199.0,0,4,0,0,0,0,1,1,0,0,17,1,10.0,1
0.0,1.1,1,1,18510532.0,1,1,0,0,0,0,0,0,0,1,3,3,1851053.2,0
0.0,313.5,1,1,1883358.0,1,1,0,0,0,0,0,0,0,1,2,2,188335.8,0
325713813.0,2.158032,2,1,325713813.0,0,2,0,0,0,1,1,1,0,0,19,4,10.0,0
0.0,4846.916667,1,1,26435.0,1,1,1,1,0,1,1,0,0,1,14,0,100.0,1
0.0,1.1,1,1,2344380.0,1,1,0,0,0,0,1,0,0,0,8,1,1.0,0
883575.0,117810.1,1,0,883575.0,0,1,0,0,0,1,1,0,0,0,10,5,10.0,1
0.0,3.3,3,3,2549109.0,1,3,0,0,0,0,1,1,0,0,10,1,100.0,0
0.0,1.2,1,1,192172014.0,1,1,0,0,0,1,1,0,0,0,7,3,100.0,0
0.0,1.1,1,1,366222.0,1,1,0,0,0,0,0,0,0,0,10,1,36622.2,0
0.0,1.1,1,1,130191032.0,1,1,0,0,0,0,1,0,0,0,1,1,1.0,0
28092.0,5173.9,4,1,28092.0,0,4,1,1,0,1,0,1,0,1,5,4,28.092,1
0.0,19163.1,3,3,5807.0,1,3,0,1,0,1,1,1,0,1,15,2,5.807,1
134408.0,17921.066667,1,0,134408.0,0,1,0,0,0,0,0,0,0,0,15,1,13440.8,1
0.0,156.2,2,2,535570715.0,1,2,0,0,0,0,1,1,0,0,17,1,10.0,0
0.0,1.1,1,1,2806967.0,1,1,0,0,0,0,1,0,0,0,5,1,1.0,0
20687709.0,1769693.6,6,2,20687709.0,0,6,0,0,0,0,1,1,0,0,19,7,10.0,1
9274717.0,1701510.883333,1,0,9274717.0,0,1,0,1,0,1,0,0,0,1,6,0,92747.17,1
981031.0,181701.083333,1,0,981031.0,0,1,1,1,0,1,0,0,0,1,3,1,981.031,1
0.0,350058800.3,1,1,318235273.0,1,1,0,1,0,0,0,0,0,1,13,6,318235.273,0
1569.0,352.023357,3,1,1569.0,0,3,1,1,0,1,1,1,0,1,2,2,1.569,0
2128.0,283.733333,3,0,2128.0,0,3,0,0,0,0,0,1,0,0,2,3,212.8,0
1853742.0,339852.7,1,0,1853742.0,0,1,0,1,0,0,1,0,0,1,15,4,100.0,1
0.0,92.4,1,1,84.0,1,1,0,1,0,1,1,0,0,1,6,3,0.084,0
195710175.0,35880217.05,1,0,195710175.0,0,1,1,1,0,1,0,0,0,1,19,0,1957101.75,1
92773910.0,9298066.316667,5,3,92773910.0,0,5,0,1,0,1,0,1,0,1,24,2,92773.91,1
1405.0,317.665433,4,2,1405.0,0,4,0,1,0,1,1,1,0,1,7,3,1.405,0
1886368.0,345836.133333,6,1,1886368.0,0,6,0,1,0,1,1,1,0,1,21,4,20.0,1
0.0,7604.8,4,4,1617676601.0,1,4,0,0,0,1,1,1,0,0,11,2,10.0,0
696399.0,93026.2,1,0,696399.0,0,1,0,0,0,1,1,0,0,0,3,2,1000.0,1
139183.0,18557.833333,1,0,139183.0,0,1,0,0,0,1,1,0,0,0,19,5,10.0,1
4408687.0,587824.933333,1,0,4408687.0,0,1,0,0,0,0,1,0,0,0,10,0,1000.0,1
785617.0,104748.933333,1,0,785617.0,0,1,0,0,0,0,1,0,0,0,2,4,100.0,1
1292.0,217.933319,3,1,1292.0,0,3,0,0,0,1,1,1,0,0,12,1,10.0,0
0.0,1.1,1,1,2594.0,1,1,0,0,0,0,0,0,0,0,9,1,259.4,0
281899882.5,52293091.1,1,0,281677540.0,0,2,0,1,0,1,1,1,1,1,10,0,100.0,1
101703029.0,1.535212,3,2,101703029.0,0,3,0,0,0,0,1,1,0,0,2,1,1.0,0
4553768.0,834913.766667,1,0,4553768.0,0,1,0,1,0,1,1,0,0,1,10,1,10.0,1
2517102.0,447156.150581,1,0,2517102.0,0,1,0,0,0,1,0,0,0,0,23,2,251710.2,1
61196327.3,12446881.996667,1,0,60753331.0,0,1,0,1,0,1,0,0,1,1,3,3,60753.331,1
244480674.0,32597423.2,1,0,244480674.0,0,1,0,0,0,0,0,0,0,0,18,1,24448067.4,0
0.0,92.4,1,1,1987964.0,1,1,0,0,0,1,0,0,0,0,12,4,198796.4,0
118816096.0,1414864.1,6,5,118816096.0,0,6,0,1,0,1,1,1,0,1,14,4,1000.0,1
242713451.0,266984796.1,1,0,242713451.0,0,1,0,1,0,1,1,0,0,1,23,0,100.0,1
104256059.0,19113611.416667,1,0,104256059.0,0,1,0,1,0,1,1,0,0,1,18,2,10.0,1
2379475.0,437224.683333,3,0,2379475.0,0,3,1,1,0,1,0,1,0,1,14,3,2379.475,1
1854.3,2215.73,1,1,11315924.0,1,1,0,0,0,0,1,0,1,0,8,1,100.0,0
8854332.0,1623366.2,1,0,8854332.0,0,1,0,1,0,1,0,0,0,1,8,4,8854.332,1
0.0,52.8,2,2,898966740.0,1,2,0,1,0,0,1,1,0,1,4,3,200.0,0
74718640.0,15649564.333333,1,0,72944870.0,0,1,1,1,0,0,0,0,1,1,12,2,72944.87,1
0.0,4222.9,1,1,298048379.0,1,1,0,1,0,0,0,0,0,1,4,2,298048.379,0
97147557.0,17427683.734793,1,0,97147557.0,0,1,0,0,0,1,0,0,0,0,12,1,9714755.7,1
0.0,98620038.0,4,4,22413645.0,1,4,0,0,0,0,0,1,0,0,10,4,2241364.5,0
0.0,1.1,1,1,1209.0,1,1,0,0,0,0,1,0,0,0,4,1,1.0,0
30370763.0,4049435.066667,1,0,30370763.0,0,1,0,0,0,0,0,0,0,0,29,3,3037076.3,0
0.0,75848.3,1,1,68953.0,1,1,0,1,0,1,1,0,0,1,16,2,68.953,1
2358656.0,313547.2,2,1,2358656.0,0,2,0,0,0,0,0,1,0,0,20,7,235865.6,1
225.0,51.869869,4,0,225.0,0,4,0,0,0,1,1,1,0,0,2,2,10.0,0
0.0,208199062.5,1,1,189271875.0,1,1,1,1,0,1,1,0,0,1,20,2,100.0,1
109237630.0,14565017.333333,1,0,109237630.0,0,1,0,0,0,0,0,0,0,0,21,4,10923763.0,0
0.0,11.2,5,5,159585.0,1,5,0,0,0,1,1,1,0,0,8,1,20.0,0
0.0,3239.05,2,2,17403.0,1,2,1,1,0,1,1,1,0,1,3,3,17.403,1
2328432.0,426880.2,5,1,2328432.0,0,5,0,1,0,1,1,1,0,1,7,5,10.0,1
0.0,9.9,3,3,1303033733.0,1,3,0,0,0,0,1,1,0,0,14,2,200.0,0
575423422.0,105494420.833333,1,0,575423422.0,0,1,0,1,0,1,1,0,0,1,9,1,10.0,1
337918773.0,61951776.05,8,3,337918773.0,0,8,1,1,0,1,1,1,0,1,16,1,10.0,1
0.0,1360022504.5,5,5,247276819.0,1,5,0,0,0,1,1,1,0,0,4,3,100.0,0
0.0,16239.3,1,1,1425407.0,1,1,0,0,0,0,0,0,0,1,3,2,142540.7,1
57685.0,10581.583333,1,0,57685.0,0,1,0,0,0,1,1,0,0,1,11,5,10.0,1
0.0,1.1,1,1,1350253.0,1,1,0,0,0,0,0,0,0,0,12,1,135025.3,0
9332823.0,1711017.55,5,2,9332823.0,0,5,1,1,0,0,1,1,0,1,28,2,20.0,1
73.0,13.383333,1,0,73.0,0,1,1,1,0,0,0,0,0,1,4,1,0.073,0
93672508.0,118939839.333333,1,0,1157466.0,0,2,1,1,0,0,0,1,1,1,16,2,1157.466,1
0.0,8988260.6,1,1,8171146.0,1,1,0,0,0,0,0,0,0,0,9,1,817114.6,0
0.0,1.1,1,1,40345.0,1,1,0,0,0,0,1,0,0,0,12,1,1.0,0
0.0,2054.6,1,1,20190200.0,1,1,0,0,0,1,1,0,0,0,13,4,20.0,0
133021529.0,17736203.866667,1,0,133021529.0,0,1,0,0,0,0,0,0,0,0,26,0,133021529.0,1
0.0,21107.9,1,1,21050.0,1,1,0,0,0,0,0,0,0,1,1,2,2105.0,1
4216568.0,773038.466667,5,2,4216568.0,0,5,1,1,0,1,1,1,0,1,23,3,10.0,1
3586.0,3947.9,1,1,24670.0,1,1,0,0,0,0,0,0,1,0,5,3,2467.0,0
2156497.0,395367.783333,3,1,2156497.0,0,3,0,1,0,1,1,1,0,1,16,2,100.0,1
263510270.0,37391276.550479,1,0,263510270.0,0,1,0,0,0,1,0,0,0,0,35,2,26351027.0,1
0.0,3517151619.3,3,3,1065803521.0,1,3,0,0,0,0,0,1,0,0,12,1,106580352.1,0
305438772.0,55988730.966667,4,1,305438772.0,0,4,1,1,0,0,1,1,0,1,21,2,100.0,1
63891888.0,0.732308,3,1,63891888.0,0,3,0,0,0,1,1,1,0,0,8,1,10.0,0
0.0,39.6,1,1,231346643.0,1,1,0,1,0,0,0,0,0,1,3,1,231346.643,0
4981639.0,914112.383333,1,0,4981639.0,0,1,0,1,0,1,0,0,0,1,7,0,49816.39,1
596764661.0,109407009.716667,4,2,596764661.0,0,4,0,1,0,1,0,1,0,1,16,3,596764.661,1
24859654.0,239372.666667,5,4,24859654.0,0,5,0,0,0,1,1,1,0,0,23,3,10.0,1
178936448.0,155905.383333,6,4,178936448.0,0,6,1,1,0,0,1,1,0,1,25,6,100.0,0
18959.0,21162.9,1,1,85571.0,1,1,0,0,0,0,0,0,1,0,6,2,8557.1,0
0.0,143.0,5,5,13301167.0,1,5,0,0,0,0,0,1,0,0,17,2,1330116.7,0
2691.7,2967.47,1,1,2948517.0,1,1,0,0,0,0,1,0,1,0,2,3,100.0,0
0.0,201.9,1,1,156942916.0,1,1,0,0,0,1,1,0,0,0,3,3,50.0,0
0.0,4959.9,1,1,39711744.0,1,1,0,0,0,0,0,0,0,1,2,2,3971174.4,0
294305.0,39350.066667,1,0,294305.0,0,1,0,0,0,1,1,0,0,0,17,2,10.0,1
0.0,158.4,1,1,311529662.0,1,1,0,0,0,1,1,0,0,0,6,6,50.0,0
8483.0,2.264149,1,0,8483.0,0,1,0,0,0,1,1,0,0,0,10,2,1.0,0
0.0,2593.3,1,1,52460.0,1,1,0,0,0,1,1,0,0,0,8,1,50.0,1
5503520.0,1008978.666667,7,1,5503520.0,0,7,1,1,0,0,0,1,0,1,22,6,5503.52,1
0.0,207.0,2,2,1250534663.0,1,2,0,0,0,1,0,1,0,0,17,1,125053466.3,0
0.0,1.1,1,1,1115247.0,1,1,0,0,0,0,0,0,0,0,1,2,111524.7,0
0.0,158018.3,1,1,143653.0,1,1,0,0,0,0,0,0,0,1,1,1,14365.3,0
0.0,7662.6,1,1,1854103.0,1,1,0,1,0,0,0,0,0,1,1,3,1854.103,1
0.0,9873139.1,1,1,8975581.0,1,1,0,0,0,0,0,0,0,1,1,1,897558.1,0
0.0,41826902.7,1,1,38024457.0,1,1,0,0,0,0,0,0,0,1,3,2,3802445.7,0
6348.0,1163.8,3,1,6348.0,0,3,1,1,0,0,0,1,0,1,7,1,6.348,1
1160839.0,212981.683333,8,2,1160839.0,0,8,1,1,0,1,0,1,0,1,4,7,1160.839,1
146470457.0,27041620.516667,1,0,146299577.0,0,2,1,1,0,1,0,1,1,1,4,1,146299.577,1
0.0,7486.6,1,1,9602189.0,1,1,0,0,0,0,0,0,0,1,4,2,960218.9,1
0.0,1.1,1,1,6314940.0,1,1,0,0,0,0,1,0,0,0,9,1,1.0,0
254645514.0,46685010.9,1,0,254645514.0,0,1,0,1,0,0,1,0,0,1,12,4,100.0,1
0.0,1825.0,5,5,9736655.0,1,5,0,0,0,1,1,1,0,0,5,5,100.0,0
44278363.0,8117701.483333,6,2,44278363.0,0,6,0,1,0,1,1,1,0,1,20,6,20.0,1
101838699.0,1168680.933333,6,3,101838699.0,0,6,0,0,0,1,0,1,0,0,13,1,10183869.9,1
54117.0,9921.45,1,0,54117.0,0,1,0,1,0,0,1,0,0,1,4,1,10.0,1
164.0,30.066667,1,0,164.0,0,1,0,1,0,0,0,0,0,1,5,0,1.64,0
0.0,425.5,5,5,98384344.0,1,5,0,0,0,1,1,1,0,0,18,5,20.0,0
5142951.0,685726.8,1,0,5142951.0,0,1,0,0,0,0,1,0,0,0,14,3,10.0,1
430366805.0,79760174.139815,1,0,430366805.0,0,1,0,0,0,1,0,0,0,0,38,0,430366805.0,1
239.0,31.866667,4,1,239.0,0,4,0,0,0,0,1,1,0,0,10,1,23.9,0
5064865.0,930516.383333,3,0,5064865.0,0,3,0,1,0,1,0,1,0,1,17,1,5064.865,1
0.0,238143.4,1,1,216494.0,1,1,0,1,0,1,1,0,0,1,4,4,100.0,1
4000995.0,735494.15,8,2,4000995.0,0,8,1,1,0,1,0,1,0,1,17,3,4000.995,1
0.0,2516717.5,1,1,2287925.0,1,1,0,1,0,0,1,0,0,1,7,3,100.0,1
0.0,7935.4,1,1,229873701.0,1,1,0,0,0,0,0,0,0,1,1,2,22987370.1,0
0.0,363801.9,1,1,330729.0,1,1,0,0,0,1,1,0,0,1,13,5,1000.0,1
450964.0,134371333.8,1,1,60852397.0,1,2,0,1,0,1,1,1,1,1,4,5,100.0,1
34443.0,6331.25,3,1,34443.0,0,3,0,1,0,1,1,1,0,1,15,2,10.0,1
0.0,260040360.8,4,4,59100082.0,1,4,0,1,0,0,1,1,0,1,14,4,10.0,0
0.0,50404736.8,2,2,22911244.0,1,2,0,0,0,1,1,1,0,0,19,2,100.0,1
176.0,37.063074,1,0,176.0,0,1,0,1,0,1,0,0,0,1,8,2,0.176,0
0.0,115454700.9,3,3,34986273.0,1,3,0,0,0,0,0,1,0,0,15,3,3498627.3,0
1894.0,462.126044,4,2,1894.0,0,4,0,1,0,1,1,1,0,1,3,0,10.0,1
38928124.4,7264339.856667,1,0,38881905.0,0,2,1,1,0,1,0,1,1,1,6,4,38881.905,1
103260443.0,2.109912,3,1,103260443.0,0,3,0,0,0,0,1,1,0,0,3,4,1.0,0
121263699.0,22231678.15,1,0,121263699.0,0,1,1,1,0,0,1,0,0,1,11,1,10.0,1
820669.0,154464.883333,1,0,820669.0,0,1,0,1,0,1,0,0,0,1,2,3,820.669,1
0.0,304.7,1,1,4911421.0,1,1,0,0,0,0,0,0,0,1,3,2,491142.1,0
0.0,1.1,1,1,331909997.0,1,1,0,0,0,0,1,0,0,0,1,1,1.0,0
0.0,4732.3,1,1,116075.0,1,1,0,0,0,1,1,0,0,0,5,1,100.0,1
4908735.0,825252.835473,1,0,4908735.0,0,1,0,0,0,1,0,0,0,0,37,1,490873.5,1
139824644.0,61931.9,4,3,139824644.0,0,4,0,0,0,0,0,1,0,0,19,4,13982464.4,0
18361437.0,2448191.6,1,0,18361437.0,0,1,0,0,0,0,0,0,0,0,12,2,1836143.7,0
0.0,976.9,1,1,4548852.0,1,1,0,0,0,1,1,0,0,0,13,4,100.0,0
29.0,4.615808,3,1,29.0,0,3,0,0,0,1,0,1,0,0,2,1,2.9,0
99605392.0,18484039.933333,1,0,99402618.0,0,2,1,1,0,0,1,1,1,1,16,1,100.0,1
2631187.0,350824.933333,3,0,2631187.0,0,3,0,0,0,0,1,1,0,0,4,2,100.0,1
0.0,44012.1,3,3,13337.0,1,3,1,1,0,1,0,1,0,1,6,1,13.337,1
0.0,95.7,1,1,883131.0,1,1,0,0,0,0,0,0,0,1,4,1,88313.1,0
0.0,5519.8,2,2,2509.0,1,2,1,1,0,1,1,1,0,1,5,1,2.509,1
403542.0,53805.6,1,0,403542.0,0,1,0,0,0,0,1,0,0,0,6,3,10.0,1
0.0,34.0,1,1,30532.0,1,1,0,0,0,1,1,0,0,0,4,1,10.0,0
18984139.0,3480425.483333,1,0,18984139.0,0,1,0,1,0,0,1,0,0,1,12,3,10.0,1
193387.0,25784.933333,2,0,193387.0,0,2,0,0,0,0,1,1,0,0,4,3,100.0,1
72674589.0,447847.433333,4,2,72674589.0,0,4,0,0,0,1,1,1,0,0,7,6,1000.0,1
0.0,4538.233333,3,3,24754.0,1,3,1,1,0,0,1,1,0,1,11,0,100.0,1
0.0,2.4,1,1,3811948.0,1,1,0,0,0,1,1,0,0,0,8,4,100.0,0
462512208.0,84793904.8,7,1,462512208.0,0,7,0,1,0,0,1,1,0,1,24,1,20.0,1
0.0,1645372.3,1,1,1495793.0,1,1,0,0,0,0,1,0,0,0,12,4,10.0,0
4225723.0,142609.233333,4,3,4225723.0,0,4,0,0,0,0,1,1,0,0,4,5,10.0,1
2042143.0,374392.883333,1,0,2042143.0,0,1,0,1,0,0,1,0,0,1,23,5,10.0,1
2941503.0,407209.1,1,0,2941503.0,0,1,0,0,0,1,1,0,0,0,18,4,10.0,1
0.0,273896322.7,7,7,35570951.0,1,7,1,1,0,1,1,1,0,1,30,2,10.0,1
0.0,1352.4,1,1,943810811.0,1,1,0,0,0,1,1,0,0,0,9,4,200.0,0
0.0,528.0,5,5,88031641.0,1,5,0,0,0,0,0,1,0,0,15,2,8803164.1,0
0.0,11739791.8,1,1,10672538.0,1,1,0,0,0,0,1,0,0,0,6,1,10.0,0
136381675.0,25003309.083333,4,2,136381675.0,0,4,1,1,0,1,1,1,0,1,29,1,20.0,1
0.0,211.2,1,1,220246153.0,1,1,0,0,0,0,0,0,0,0,9,6,22024615.3,0
0.0,1.2,1,1,178359211.0,1,1,0,0,0,1,1,0,0,0,12,1,10.0,0
3161.0,579.516667,2,1,3161.0,0,2,0,1,1,0,1,1,0,1,4,3,3.161,1
11415274.0,1.422146,3,2,11415274.0,0,3,0,0,0,0,1,1,0,0,5,2,10.0,0
165761666.0,0.579204,2,1,165761666.0,0,2,0,0,0,0,1,1,0,0,2,4,1.0,0
0.0,89.6,5,5,16636469.0,1,5,0,0,0,1,1,1,0,0,10,2,100.0,0
33.0,7.102421,2,0,33.0,0,2,0,0,0,1,0,1,0,0,7,3,3.3,0
140471.8,154621.28,1,1,56660.0,1,1,0,0,0,0,1,0,1,0,5,3,100.0,0
0.0,2.4,1,1,37823.0,1,1,0,0,0,1,1,0,0,0,10,3,50.0,0
147918189.0,27119659.95,5,3,147918189.0,0,5,1,1,0,1,0,1,0,1,10,3,147918.189,1
0.0,2.4,1,1,3092684.0,1,1,0,0,0,1,1,0,0,0,10,4,50.0,0
0.0,983.2,4,4,7886571.0,1,4,0,0,0,1,1,1,0,0,12,5,20.0,0
85605944.0,11219500.033333,4,3,85605944.0,0,4,0,0,0,0,0,1,0,0,10,5,8560594.4,1
218253.1,240079.51,1,1,137104.0,1,1,0,0,0,0,0,0,1,0,8,3,13710.4,0
0.0,62.7,1,1,144922742.0,1,1,0,0,0,0,0,0,0,1,3,1,14492274.2,0
0.0,1.1,1,1,1074923.0,1,1,0,0,0,0,1,0,0,0,6,1,1.0,0
344704142.0,63195759.366667,8,2,344704142.0,0,8,0,1,0,0,1,1,0,1,11,1,100.0,1
11871863.0,1.742993,3,1,11871863.0,0,3,0,0,0,0,1,1,0,0,2,3,1.0,0
10373863.0,1383181.733333,1,0,10373863.0,0,1,0,0,0,0,0,0,0,0,16,0,10373863.0,1
1675.0,223.333333,3,0,1675.0,0,3,0,0,0,0,0,1,0,0,5,3,167.5,0
13020089.0,312276.166667,3,2,13020089.0,0,3,0,1,0,1,0,1,0,1,21,3,13020.089,1
1021.5,1126.95,1,1,2124744.0,1,1,0,0,0,0,0,0,1,0,7,3,212474.4,0
980358.0,314270855.8,1,1,142360210.0,1,2,1,1,0,1,0,1,1,1,15,4,142360.21,1
0.0,5.5,1,1,23845.0,1,1,0,0,0,0,0,0,0,1,1,3,2384.5,0
5019728.0,784389.778934,1,0,5019728.0,0,1,0,0,0,1,0,0,0,0,35,0,5019728.0,1
30190378.0,5534904.233333,7,1,30190378.0,0,7,0,1,0,1,1,1,0,1,22,7,20.0,1
0.0,321145248.6,6,6,48658371.0,1,6,0,1,0,1,0,1,0,1,7,7,48658.371,1
0.0,169586033.1,3,3,51389707.0,1,3,0,0,0,0,1,1,0,0,13,1,1000.0,1
0.0,60.5,1,1,71493294.0,1,1,0,1,0,0,1,0,0,1,11,3,200.0,0
0.0,55.2,1,1,7775635.0,1,1,0,0,0,1,1,0,0,0,5,1,100.0,0
9718.7,10721.37,1,1,18514465.0,1,1,0,0,0,0,0,0,1,0,10,3,1851446.5,0
44345440.0,48779984.0,1,0,44345440.0,0,1,0,0,0,1,0,0,0,0,14,0,44345440.0,1
6841508.0,1254276.466667,1,0,6841508.0,0,1,0,0,0,0,0,0,0,1,8,5,684150.8,1
28948694.6,5428545.226667,1,0,28904626.0,0,1,1,1,0,1,0,0,1,1,7,1,28904.626,1
4903199.1,715512.91,1,0,4876373.0,0,1,0,0,0,1,1,0,1,0,14,2,100.0,1
768698.0,311983.866667,1,0,613461.0,0,2,1,1,0,1,0,1,1,1,6,4,613.461,1
188935645.0,34638201.583333,1,0,188935645.0,0,1,1,1,0,0,1,0,0,1,13,0,10.0,1
7746.0,1431.5,4,1,7746.0,0,4,1,1,0,1,1,1,0,1,13,0,77.46,1
0.0,1.1,1,1,7511654.0,1,1,0,0,0,0,1,0,0,0,6,1,1.0,0
332666585.0,60988874.716667,3,0,332666585.0,0,3,0,1,0,1,1,1,0,1,11,4,10.0,1
0.0,2.4,1,1,38600004.0,1,1,0,0,0,1,1,0,0,0,2,4,50.0,0
128499.4,141377.94,1,1,956852.0,1,1,0,0,0,0,1,0,1,0,8,1,100.0,0
0.0,1.1,1,1,756142.0,1,1,0,1,0,0,0,0,0,1,3,2,756.142,0
0.0,15849.9,1,1,22079583.0,1,1,0,0,0,0,0,0,0,1,4,2,2207958.3,1
332359.0,2447.516667,3,2,332359.0,0,3,0,1,0,1,0,1,0,1,11,7,332.359,1
1064907.0,195232.95,1,0,1064907.0,0,1,1,1,0,0,1,0,0,1,6,2,10.0,1
217527.0,363530.2,1,1,112955.0,1,1,0,0,0,0,1,0,1,0,9,2,10.0,0
83487171.0,24876.233333,6,5,83487171.0,0,6,0,0,0,1,1,1,0,0,20,4,100.0,0
0.0,6.6,3,3,2030782651.0,1,3,0,0,0,0,1,1,0,0,15,2,50.0,0
0.0,3309301.6,2,2,1504228.0,1,2,0,1,0,1,1,1,0,1,24,4,1000.0,1
44124788.0,8079283.716667,4,2,44124788.0,0,4,0,1,0,1,1,1,0,1,15,6,10.0,1
0.0,37559200.8,6,6,5690788.0,1,6,0,1,0,1,1,1,0,1,12,5,20.0,1
33025249.0,34377.966667,4,3,33025249.0,0,4,0,0,0,1,1,1,0,0,15,6,100.0,1
0.0,17.0,3,3,532701221.0,1,3,0,0,0,1,1,1,0,0,17,1,50.0,0
128.1,2615911.21,1,1,2377973.0,1,1,0,0,0,0,1,0,1,0,7,1,100.0,0
0.0,17.6,1,1,329190.0,1,1,0,0,0,0,0,0,0,1,2,1,32919.0,0
6049596.0,806612.8,1,0,6049596.0,0,1,0,0,0,0,0,0,0,0,21,1,604959.6,0
0.0,1364548246.6,2,2,620249203.0,1,2,0,0,0,0,1,1,0,0,17,2,200.0,0
0.0,3490.15,2,2,19035.0,1,2,1,1,0,1,1,1,0,1,9,3,10.0,1
26579590.0,4872995.533333,3,0,26579590.0,0,3,0,1,0,1,0,1,0,1,5,1,26579.59,1
0.0,118208019.6,3,3,35820612.0,1,3,0,1,0,1,0,1,0,1,24,1,35820.612,1
1308.0,323.858894,4,2,1308.0,0,4,0,1,0,1,0,1,0,1,3,0,13.08,0
0.0,276.1,1,1,164931203.0,1,1,0,0,0,0,1,0,0,0,3,2,200.0,0
0.0,15.6,1,1,18904.0,1,1,0,0,0,1,0,0,0,0,3,3,1890.4,0
39558088.0,7252326.133333,5,2,39558088.0,0,5,0,1,0,1,1,1,0,1,12,8,100.0,1
7869.5,8657.55,1,1,205257.0,1,1,0,0,0,0,1,0,1,0,9,1,10.0,0
6998391.0,1283043.25,1,0,6998391.0,0,1,0,1,0,1,0,0,0,1,17,4,6998.391,1
10276.0,1884.733333,3,1,10276.0,0,3,1,1,0,1,1,1,0,1,14,0,100.0,1
285506.0,38068.566667,1,0,285506.0,0,1,0,0,0,1,1,0,0,0,13,0,100.0,1
2771866.9,5172033.573333,1,0,1075944.0,0,1,1,1,0,1,1,0,1,1,15,1,100.0,1
0.0,4.4,1,1,37610600.0,1,1,0,0,0,0,0,0,0,1,2,1,3761060.0,0
20315199.3,3786807.13,1,0,20295707.0,0,1,0,1,0,1,1,0,1,1,18,4,100.0,1
2442.0,2709.3,1,1,2100200.0,1,1,0,0,0,0,0,0,1,0,3,3,210020.0,0
0.0,1.1,1,1,6307375.0,1,1,0,0,0,0,1,0,0,0,5,1,1.0,0
48173330.0,85913.0,6,5,48173330.0,0,6,0,0,0,1,1,1,0,0,11,7,100.0,1
38163719.5,7180559.633333,1,0,38096860.0,0,2,0,1,0,1,0,1,1,1,7,1,38096.86,1
79900187.0,14648369.616667,6,2,79900187.0,0,6,0,1,0,1,1,1,0,1,21,2,20.0,1
0.0,488.4,2,2,128343715.0,1,2,0,0,0,0,0,1,0,0,5,2,12834371.5,0
18539652.0,3398936.2,5,1,18539652.0,0,5,0,1,0,0,1,1,0,1,30,1,100.0,1
0.0,3.005306,1,1,21.0,1,1,0,0,0,1,1,0,0,0,4,3,2.1,0
0.0,2005.3,1,1,1823.0,1,1,0,0,0,0,1,0,0,0,11,1,1.0,0
0.0,1.2,1,1,36256.0,1,1,0,0,0,1,1,0,0,0,13,1,100.0,0
1205.7,2402.07,1,1,42190.0,1,1,0,0,0,0,0,0,1,0,6,2,4219.0,1
1482.0,289.2,2,1,1482.0,0,2,1,1,0,1,1,1,0,1,15,3,1.482,0
0.0,9398929.1,1,1,8544481.0,1,1,0,0,0,1,0,0,0,0,12,2,854448.1,0
0.0,38.4,1,1,47125.0,1,1,0,0,0,1,1,0,0,0,9,3,100.0,0
0.0,13.2,1,1,1496692.0,1,1,0,0,0,0,0,0,0,1,1,3,149669.2,0
464030527.0,85072356.783333,8,3,464030527.0,0,8,0,1,0,1,0,1,0,1,10,1,464030.527,1
25631700.0,676978555.0,1,1,294901675.0,1,2,1,1,0,1,0,1,1,1,11,3,294901.675,1
1965.2,2271.72,1,1,14511.0,1,1,0,0,0,0,0,0,1,0,5,2,1451.1,0
0.0,7729719.8,1,1,7027018.0,1,1,0,0,0,0,1,0,0,0,4,1,100.0,0
4090815.7,6318956.153333,1,0,2068078.0,0,1,0,1,0,1,1,0,1,1,19,4,100.0,1
12380853.0,13618938.3,1,0,8739849.0,0,1,1,1,0,1,1,0,1,1,20,0,100.0,1
35872160.0,4871404.036281,1,0,35872160.0,0,1,0,0,0,1,0,0,0,0,27,0,35872160.0,1
0.0,52.8,3,3,4911080.0,1,3,0,0,0,0,1,1,0,0,13,3,20.0,0
39689428.0,1709.033333,6,4,39689428.0,0,6,1,1,0,0,1,1,0,1,9,4,1000.0,0
302656.0,55524.833333,1,0,302656.0,0,1,0,1,0,1,0,0,0,1,13,3,302.656,1
0.0,4920.2,1,1,54352616.0,1,1,0,0,0,1,1,0,0,0,6,1,10.0,0
0.0,32389140.3,3,3,9814891.0,1,3,0,0,0,0,1,1,0,0,18,1,100.0,0
6682906.9,2865159.073333,1,0,6086558.0,0,1,1,1,0,0,1,0,1,1,12,0,100.0,1
0.0,42.9,1,1,236140.0,1,1,0,0,0,0,1,0,0,0,4,3,10.0,0
0.0,1341771.2,2,2,609896.0,1,2,0,0,0,1,1,1,0,0,17,2,10.0,0
340.6,375.76,1,1,18165.0,1,1,0,0,0,0,0,0,1,0,8,2,1816.5,0
0.0,259313062.8,4,4,58934787.0,1,4,0,1,0,0,1,1,0,1,30,5,10.0,1
0.0,163.9,1,1,3823521.0,1,1,0,1,0,0,0,0,0,1,3,2,3823.521,0
27874962.0,5110798.6,7,2,27874962.0,0,7,0,1,0,1,0,1,0,1,4,8,27874.962,1
0.0,5070.5,1,1,3843886.0,1,1,0,0,0,1,1,0,0,0,5,4,50.0,1
7645361.0,2.225877,2,0,7645361.0,0,2,0,0,0,0,1,1,0,0,12,3,10.0,0
0.0,4.4,1,1,48167.0,1,1,0,0,0,0,0,0,0,1,4,1,4816.7,0
117950.0,21624.166667,1,0,117950.0,0,1,0,0,0,0,1,0,0,1,7,0,10.0,1
101923931.0,13589857.466667,1,0,101923931.0,0,1,0,0,0,0,0,0,0,0,22,3,10192393.1,0
47.0,12.346129,1,0,47.0,0,1,0,1,0,1,0,0,0,1,4,2,0.047,0
0.0,30.8,4,4,2083631350.0,1,4,0,1,0,0,1,1,0,1,14,5,10.0,0
313971400.0,41862853.333333,1,0,313971400.0,0,1,0,0,0,0,0,0,0,0,32,0,313971400.0,0
26260.0,4823.033333,4,1,26260.0,0,4,1,1,0,1,1,1,0,1,7,0,10.0,1
465585899.0,85357415.916667,1,0,465585899.0,0,1,1,1,0,1,0,0,0,1,10,3,465585.899,1
12475174.0,7737791.933333,1,0,7525971.0,0,2,1,1,0,1,1,1,1,1,6,4,100.0,1
22205031.0,4618827.95,1,0,21706935.0,0,2,0,1,0,0,0,1,1,1,3,0,217069.35,1
12184.0,2233.733333,3,0,12184.0,0,3,1,1,0,0,1,1,0,1,8,3,10.0,1
441.0,87.35,1,0,441.0,0,1,1,1,1,1,1,0,0,1,15,1,0.441,0
215666.0,41086.966667,1,0,215666.0,0,1,0,1,0,1,1,0,0,1,19,4,215.666,1
0.0,2596.0,1,1,2360.0,1,1,0,0,0,0,1,0,0,0,11,1,1.0,0
0.0,1.2,1,1,2264510.0,1,1,0,0,0,1,0,0,0,0,8,4,226451.0,0
0.0,3075.6,2,2,1117978161.0,1,2,1,0,0,0,1,1,0,0,13,6,50.0,0
1491.0,1640.1,1,0,1491.0,0,1,1,1,0,1,1,0,0,1,15,0,10.0,0
0.0,3496.9,1,1,6880311.0,1,1,0,0,0,0,1,0,0,0,6,4,10.0,0
0.0,1.1,1,1,4064091.0,1,1,0,0,0,0,1,0,0,0,3,1,1.0,0
37890392.0,6946573.866667,5,1,37890392.0,0,5,1,1,0,1,1,1,0,1,10,6,20.0,1
976681710.0,179058313.5,1,0,976681710.0,0,1,0,1,0,0,1,0,0,1,15,3,10.0,1
0.0,3995.2,1,1,3632.0,1,1,0,0,0,0,1,0,0,0,9,1,1.0,0
136623636.0,25047671.6,1,0,136623636.0,0,1,0,1,0,1,0,0,0,1,25,0,1366236.36,1
0.0,2300.1,3,3,697.0,1,3,0,1,0,0,1,1,0,1,4,1,0.697,0
151912.2,167104.52,1,1,30080360.0,1,1,0,0,0,0,1,0,1,0,9,2,100.0,0
10598583.0,1943073.55,6,3,10598583.0,0,6,0,1,0,0,1,1,0,1,15,7,100.0,1
442293183.0,2433719.666667,4,2,442293183.0,0,4,0,0,0,1,1,1,0,0,13,6,1000.0,1
3105740.1,6739888.36,1,0,861998.0,0,2,1,1,0,1,0,1,1,1,8,2,861.998,1
0.0,4146.4,4,4,956103709.0,1,4,0,0,0,1,1,1,0,0,12,4,200.0,0
675748416.0,0.059136,3,1,675748416.0,0,3,0,0,0,1,1,1,0,0,20,3,1.0,0
0.0,1.1,1,1,19030.0,1,1,0,0,0,0,1,0,0,0,9,2,1.0,0
0.0,354.2,1,1,101333.0,1,1,0,0,0,0,0,0,0,1,3,1,10133.3,0
66736173.7,12283844.203333,1,0,66718401.0,0,2,0,1,0,1,0,1,1,1,15,2,66718.401,1
3165511.0,250944.766667,4,2,3165511.0,0,4,0,0,0,1,0,1,0,0,17,4,316551.1,1
0.0,23575136.2,1,1,21431942.0,1,1,0,1,0,0,0,0,0,1,9,4,21431.942,1
0.0,279.0,4,4,907837125.0,1,4,0,1,0,1,1,1,0,1,17,3,200.0,0
3297110.0,604472.466667,1,0,3297110.0,0,1,0,1,1,1,1,0,0,1,11,4,10.0,1
0.0,4555.0,1,1,276534.0,1,1,0,0,0,1,1,0,0,0,14,3,10.0,1
584741746.0,107202653.433333,5,4,584741746.0,0,5,1,1,0,0,0,1,0,1,4,8,584741.746,1
0.0,1.351091,1,1,17959703.0,1,1,0,0,0,0,1,0,0,0,13,1,1.0,0
739366.0,135550.433333,1,0,739366.0,0,1,0,0,0,0,0,0,0,1,12,5,73936.6,1
0.0,1.1,1,1,3287.0,1,1,0,0,0,0,0,0,0,0,9,1,328.7,0
944.1,1660.01,1,1,18898804.0,1,1,0,0,0,0,1,0,1,0,9,3,10.0,0
0.0,16.4,1,1,31713370.0,1,1,0,0,0,1,1,0,0,0,2,2,10.0,0
1650.0,306.570315,4,1,1650.0,0,4,0,0,0,1,0,1,0,0,9,1,165.0,1
0.0,9.9,3,3,50238082.0,1,3,0,0,0,0,0,1,0,0,14,2,5023808.2,0
0.0,158657664.0,4,4,36058560.0,1,4,0,0,0,0,1,1,0,0,19,2,20.0,0
0.0,1.1,1,1,11848.0,1,1,0,0,0,0,1,0,0,0,10,1,1.0,0
720.0,132.0,3,1,720.0,0,3,1,1,0,0,1,1,0,1,9,2,0.72,0
12338.0,2262.166667,2,1,12338.0,0,2,0,1,0,1,0,1,0,1,9,3,12.338,1
786550.0,144200.833333,1,0,786550.0,0,1,0,1,0,0,1,0,0,1,7,3,10.0,1
0.0,134904619.3,1,1,122640563.0,1,1,0,0,0,0,1,0,0,0,1,1,1.0,0
47289887.0,8669855.616667,6,1,47289887.0,0,6,0,1,0,1,0,1,0,1,11,8,47289.887,1
0.0,15.4,1,1,141643.0,1,1,0,0,0,0,0,0,0,1,1,2,14164.3,0
1336151.0,244961.516667,3,0,1336151.0,0,3,1,1,0,1,1,1,0,1,28,4,20.0,1
386.0,74.281829,2,1,386.0,0,2,0,0,0,1,1,1,0,0,9,2,38.6,0
1474.0,196.533333,2,0,1474.0,0,2,0,0,0,0,0,1,0,0,7,0,1474.0,0
0.0,159.5,5,5,233225422.0,1,5,0,0,0,0,0,1,0,0,14,1,23322542.2,0
2551823.0,467840.716667,1,0,2551823.0,0,1,0,1,0,1,0,0,0,1,6,5,2551.823,1
0.0,125.8,3,3,573191225.0,1,3,1,1,0,1,1,1,0,1,3,4,10.0,0
21667.0,3981.383333,1,0,21667.0,0,1,0,1,0,1,0,0,0,1,7,3,21.667,1
0.0,1001.0,1,1,58348569.0,1,1,0,1,0,0,0,0,0,1,2,2,58348.569,0
0.0,1.1,1,1,216969957.0,1,1,0,0,0,0,0,0,0,0,4,1,21696995.7,0
0.0,435.6,1,1,31092313.0,1,1,0,0,0,0,0,0,0,1,4,1,3109231.3,0
0.0,1.1,1,1,19909865.0,1,1,0,0,0,0,1,0,0,0,7,1,1.0,0
227591.0,250350.1,1,0,227591.0,0,1,0,0,0,0,1,0,0,0,5,0,10.0,1
35397.0,6489.65,3,0,35397.0,0,3,0,1,1,1,1,1,0,1,11,0,10.0,1
9710.0,1780.166667,1,0,9710.0,0,1,1,1,0,0,1,0,0,1,12,3,9.71,1
0.0,6.9,2,2,836160947.0,1,2,1,0,0,1,1,1,0,0,10,1,10.0,0
143187363.0,26251046.85,1,0,143187363.0,0,1,1,1,0,1,1,0,0,1,16,2,10.0,1
0.0,7121419.8,1,1,6474018.0,1,1,0,1,0,0,1,0,0,1,15,4,100.0,1
0.0,204.6,1,1,132692550.0,1,1,0,0,0,0,1,0,0,0,14,1,50.0,0
0.0,1390.9,1,1,130589757.0,1,1,1,0,0,1,1,0,0,0,4,1,10.0,0
379902.0,2407.3,5,4,379902.0,0,5,0,0,0,1,1,1,0,0,22,1,10.0,1
0.0,18939.8,1,1,107730.0,1,1,0,1,0,0,0,0,0,1,2,3,107.73,1
0.0,2117535.2,1,1,1925032.0,1,1,0,0,0,1,1,0,0,0,10,3,20.0,0
1269.0,232.65,4,1,1269.0,0,4,0,1,0,0,1,1,0,1,8,4,1.269,0
9312213.0,1707239.15,1,0,9312213.0,0,1,0,1,1,1,1,0,0,1,21,4,100.0,1
0.0,14220.8,4,4,3232.0,1,4,1,1,0,1,1,1,0,1,5,1,3.232,1
0.0,9.9,1,1,1420467.0,1,1,0,0,0,0,0,0,0,1,3,1,142046.7,0
694042.0,93012.633333,1,0,694042.0,0,1,0,0,0,1,0,0,0,0,2,1,69404.2,1
0.0,353.6,3,3,769571639.0,1,3,0,1,0,1,1,1,0,1,11,1,50.0,0
0.0,1285.2,3,3,3158004.0,1,3,0,0,0,1,0,1,0,0,9,2,315800.4,0
3671489.0,673107.816667,6,1,3671489.0,0,6,0,1,0,1,1,1,0,1,6,6,20.0,1
8901836.0,1632012.966667,6,3,8901836.0,0,6,0,1,0,1,1,1,0,1,13,8,100.0,1
100198956.0,119552945.6,1,0,3659788.0,0,1,1,0,0,0,0,0,1,0,9,5,365978.8,1
0.0,44309989.9,1,1,40281809.0,1,1,0,0,0,0,0,0,0,0,27,3,4028180.9,0
0.0,50.6,2,2,357798228.0,1,2,0,0,0,1,1,1,0,0,11,3,200.0,0
2180.0,399.666667,4,2,2180.0,0,4,0,1,0,0,1,1,0,1,11,2,2.18,0
10339.0,1895.483333,2,1,10339.0,0,2,1,1,0,0,1,1,0,1,3,0,100.0,1
0.0,1.1,1,1,6048939.0,1,1,0,0,0,0,1,0,0,0,9,1,1.0,0
0.0,2.4,1,1,168370935.0,1,1,0,0,0,1,1,0,0,0,5,4,20.0,0
4207423.0,771360.883333,1,0,4207423.0,0,1,0,0,0,0,1,0,0,1,14,2,1000.0,1
1101.7,1509.97,1,1,786534.0,1,1,0,0,0,0,1,0,1,0,3,3,10.0,0
3387165.0,620980.25,1,0,3387165.0,0,1,0,1,0,0,1,0,0,1,3,4,100.0,1
12237790.0,2243644.533333,5,0,12237790.0,0,5,1,1,0,1,0,1,0,1,19,2,12237.79,1
60972060.0,19010494.5,1,0,53852445.0,0,1,1,1,0,1,0,0,1,1,13,4,53852.445,1
0.0,8.4,1,1,98204824.0,1,1,0,0,0,1,1,0,0,0,12,2,50.0,0
385434002.0,70665119.666667,3,1,385434002.0,0,3,1,1,0,1,0,1,0,1,24,7,385434.002,1
429078.0,78664.3,1,0,429078.0,0,1,0,0,0,0,1,0,0,1,9,1,100.0,1
1010609.0,185278.316667,1,0,1010609.0,0,1,0,1,0,0,0,0,0,1,14,3,1010.609,1
107098.6,243798837.26,1,1,110764104.0,1,2,0,0,0,1,1,1,1,0,4,5,100.0,1
8.0,1.066667,2,0,8.0,0,2,0,0,0,0,0,1,0,0,12,3,0.8,0
22390.0,307.9,2,1,22390.0,0,2,0,0,0,1,1,1,0,0,21,6,10.0,0
226.9,250.69,1,1,3246982.0,1,1,0,0,0,0,1,0,1,0,5,2,100.0,0
2454.0,2802.8,1,1,55877.0,1,1,0,0,0,0,1,0,1,0,2,1,100.0,0
13982491.0,2563458.583333,1,0,13982491.0,0,1,1,1,0,1,0,0,0,1,13,5,13982.491,1
1441703.0,192265.066667,1,0,1441703.0,0,1,0,0,0,1,1,0,0,0,12,4,1000.0,1
0.0,3700.4,4,4,1350515769.0,1,4,1,1,0,0,1,1,0,1,13,6,10.0,0
0.0,9667.9,1,1,30873.0,1,1,0,0,0,0,0,0,0,1,2,2,3087.3,1
0.0,1.1,1,1,7375768.0,1,1,0,0,0,0,1,0,0,0,10,1,1.0,0
1355.0,263.716667,1,0,1355.0,0,1,1,1,1,1,1,0,0,1,6,3,1.355,1
161014635.0,2832.333333,3,2,161014635.0,0,3,0,0,0,0,1,1,0,0,8,3,1000.0,0
0.0,1.1,1,1,8080923.0,1,1,0,0,0,0,1,0,0,0,1,2,1.0,0
0.0,1727.0,1,1,10314184.0,1,1,0,0,0,0,1,0,0,0,5,3,100.0,0
0.0,154.0,4,4,1093420364.0,1,4,0,0,0,0,0,1,0,0,6,6,109342036.4,0
0.0,1.1,1,1,39222240.0,1,1,0,0,0,0,1,0,0,0,1,1,1.0,0
0.0,4857268841.700001,3,3,1471899649.0,1,3,0,0,0,0,1,1,0,0,16,6,200.0,0
94981548.0,17413384.0,1,0,94981548.0,0,1,0,1,0,1,0,0,0,1,12,2,94981.548,1
0.0,1.1,1,1,4209.0,1,1,0,0,0,0,1,0,0,0,5,1,1.0,0
22834.0,25617.9,1,1,212400.0,1,1,0,0,0,0,0,0,1,0,5,2,21240.0,0
0.0,1009.2,1,1,158457278.0,1,1,0,0,0,1,0,0,0,0,7,6,15845727.8,0
1469715.0,269449.35,3,1,1469715.0,0,3,1,1,0,1,0,1,0,1,27,2,1469.715,1
17768252.4,6604353.64,1,0,16551608.0,0,2,0,1,0,1,1,1,1,1,20,1,100.0,1
1073107.0,196746.283333,7,3,1073107.0,0,7,0,1,0,1,1,1,0,1,15,5,100.0,1
279.0,61.891305,2,0,279.0,0,2,0,1,0,1,1,1,0,1,10,1,0.279,0
388672759.0,71256672.483333,1,0,388672759.0,0,1,0,1,0,0,1,0,0,1,10,2,10.0,1
5481.0,1027.75,2,0,5481.0,0,2,1,1,0,1,1,1,0,1,11,1,5.481,1
0.0,197.5,1,1,29552316.0,1,1,0,0,0,1,1,0,0,0,11,1,50.0,0
766.0,102.133333,3,1,766.0,0,3,0,0,0,0,0,1,0,0,11,1,76.6,0
0.0,731.4,1,1,49062465.0,1,1,0,0,0,1,1,0,0,0,3,4,10.0,0
301400.0,55256.666667,1,0,301400.0,0,1,0,1,0,0,0,0,0,1,11,1,301.4,1
13882.0,15495.7,1,1,21050399.0,1,1,0,0,0,0,0,0,1,0,10,1,2105039.9,0
0.0,1.1,1,1,2600893.0,1,1,0,0,0,0,0,0,0,0,3,1,260089.3,0
3554141.0,651592.616667,1,0,3554141.0,0,1,0,0,0,1,1,0,0,1,14,4,100.0,1
53018528.0,5180318.166667,6,2,53018528.0,0,6,0,0,0,1,0,1,0,0,18,6,5301852.8,1
36500.0,40904.6,1,1,178783.0,1,1,0,0,0,0,1,0,1,0,3,2,100.0,0
225199410.0,30022663.133333,6,1,225199410.0,0,6,0,0,0,0,0,1,0,0,22,3,22519941.0,1
265688.0,48709.466667,1,0,265688.0,0,1,0,0,0,0,0,0,0,1,7,3,26568.8,1
3410.0,512.331122,3,1,3410.0,0,3,0,0,0,1,1,1,0,0,4,2,10.0,1
90023569.0,99025925.9,1,0,90023569.0,0,1,0,1,0,1,1,0,0,1,11,0,100.0,1
5745.0,1.780792,1,0,5745.0,0,1,0,0,0,0,0,0,0,0,11,2,574.5,0
0.0,78.0,1,1,2882062.0,1,1,0,0,0,1,1,0,0,0,15,2,100.0,0
0.0,13600.4,2,2,6182.0,1,2,0,1,0,1,1,1,0,1,9,3,6.182,1
0.0,5079592.1,1,1,4617811.0,1,1,0,0,0,0,1,0,0,0,11,1,1.0,0
150881830.0,217804.466667,4,3,150881830.0,0,4,0,0,0,0,1,1,0,0,10,3,1000.0,1
0.0,61594.5,3,3,18665.0,1,3,1,1,1,1,1,1,0,1,3,1,10.0,1
360495751.0,66090887.983333,1,0,360495751.0,0,1,1,1,0,1,1,0,0,1,5,2,10.0,1
205121530.0,27207043.766667,4,2,205121530.0,0,4,0,0,0,1,1,1,0,0,5,2,1000.0,1
0.0,63.0,4,4,18740362.0,1,4,0,0,0,1,1,1,0,0,15,3,100.0,0
15922132.0,2919058.533333,8,3,15922132.0,0,8,1,1,0,1,1,1,0,1,7,3,10.0,1
125533513.0,23014478.083333,6,1,125533513.0,0,6,0,1,0,1,0,1,0,1,8,8,125533.513,1
774519.0,141995.15,1,0,774519.0,0,1,0,0,0,0,1,0,0,1,9,0,1000.0,1
0.0,954.3,1,1,322106.0,1,1,0,0,0,1,1,0,0,0,8,4,50.0,1
396.0,78.2,2,1,396.0,0,2,0,1,0,1,0,1,0,1,6,3,0.396,0
0.0,68.2,2,2,16718307.0,1,2,0,0,0,0,0,1,0,0,20,2,1671830.7,0
254091855.3,55622085.68,1,0,250805100.0,0,1,0,1,0,1,1,0,1,1,16,1,100.0,1
0.0,93.5,1,1,240547383.0,1,1,0,0,0,0,0,0,0,1,4,1,24054738.3,0
0.0,0.147407,3,3,50535685.0,1,3,0,0,0,1,0,1,0,0,6,3,5053568.5,0
862473.0,168420.2,2,1,862473.0,0,2,0,1,0,1,1,1,0,1,25,1,100.0,1
0.0,5501.6,4,4,945548981.0,1,4,0,0,0,1,1,1,0,0,9,6,10.0,0
206956.0,27563.333333,2,1,206956.0,0,2,0,1,0,1,0,1,0,1,13,2,206.956,1
243273590.0,44600158.166667,1,0,243273590.0,0,1,0,1,0,0,1,0,0,1,24,5,100.0,1
0.0,120.8,2,2,54819313.0,1,2,0,0,0,1,1,1,0,0,8,4,20.0,0
6577.0,1207.783333,1,0,6577.0,0,1,0,1,1,1,1,0,0,1,5,2,6.577,1
0.0,58.483333,1,1,319.0,1,1,0,1,0,0,1,0,0,1,8,3,0.319,0
246800663.0,37122035.732281,1,0,246800663.0,0,1,0,0,0,1,0,0,0,0,39,3,24680066.3,1
178227510.0,1.835668,2,0,178227510.0,0,2,0,0,0,0,1,1,0,0,3,3,10.0,0
0.0,42.9,1,1,36047807.0,1,1,0,0,0,0,1,0,0,0,9,1,50.0,0
0.0,1.1,1,1,4662160.0,1,1,0,0,0,0,1,0,0,0,9,1,1.0,0
0.0,2.2,1,1,523566.0,1,1,0,1,0,0,0,0,0,1,1,2,523.566,0
0.0,2523.4,1,1,3499256.0,1,1,0,0,0,0,0,0,0,1,2,2,349925.6,1
3682737.0,675170.45,7,2,3682737.0,0,7,0,1,0,1,1,1,0,1,13,7,20.0,1
20.0,3.450902,1,0,20.0,0,1,0,0,0,1,1,0,0,0,5,0,20.0,0
0.0,1093.4,1,1,245051656.0,1,1,0,0,0,0,0,0,0,1,4,3,24505165.6,0
0.0,1072992364.4,4,4,243861901.0,1,4,0,1,0,1,0,1,0,1,22,6,243861.901,0
0.0,807.9,1,1,415961766.0,1,1,0,0,0,1,1,0,0,0,13,1,200.0,0
241380309.0,6853604.0,3,2,241380309.0,0,3,0,0,0,1,0,1,0,0,11,5,24138030.9,1
0.0,1.1,1,1,7866258.0,1,1,0,0,0,0,1,0,0,0,3,1,1.0,0
0.0,3408873058.8,4,4,774743877.0,1,4,0,0,0,0,1,1,0,0,16,4,200.0,0
0.0,1063.7,1,1,622540974.0,1,1,0,1,0,0,0,0,0,1,6,5,622540.974,0
49656274.0,0.637669,3,1,49656274.0,0,3,0,0,0,0,1,1,0,0,12,2,10.0,0
4169967.0,559446.3,1,0,4169967.0,0,1,0,0,0,1,0,0,0,0,7,4,416996.7,1
4054138.1,842988.626667,1,0,4017900.0,0,1,1,1,0,1,0,0,1,1,6,3,4017.9,1
0.0,2.3,2,2,184436760.0,1,2,0,0,0,1,1,1,0,0,15,3,20.0,0
0.0,1.1,1,1,1202918.0,1,1,0,0,0,0,0,0,0,0,5,1,120291.8,0
0.0,4596.9,3,3,1393.0,1,3,0,0,0,0,0,1,0,0,4,3,139.3,0
2.0,0.366667,1,0,2.0,0,1,0,1,0,0,1,0,0,1,2,1,0.002,0
41440395.0,7729101.820432,1,0,41440395.0,0,1,0,0,0,1,0,0,0,0,12,2,4144039.5,1
57480803.0,38065017.716667,1,0,32457649.0,0,2,0,1,0,1,0,1,1,1,7,1,32457.649,1
564280977.0,103451620.25,1,0,564280977.0,0,1,0,1,0,1,0,0,0,1,17,4,564280.977,1
8752897.0,1604712.683333,1,0,8752897.0,0,1,0,1,0,1,1,0,0,1,21,0,100.0,1
39.0,7.907111,2,0,39.0,0,2,0,0,0,1,0,1,0,0,8,0,39.0,0
70379624.0,12902931.066667,1,0,70379624.0,0,1,0,1,1,0,0,0,0,1,5,3,70379.624,1
47336529.0,8678363.65,8,4,47336529.0,0,8,0,1,0,0,1,1,0,1,23,5,100.0,1
767743.0,771.666667,2,1,767743.0,0,2,0,0,0,1,0,1,0,0,10,6,76774.3,0
0.0,1442.916667,4,4,7727.0,1,4,1,1,0,1,1,1,0,1,5,0,10.0,1
0.0,212.3,1,1,142721624.0,1,1,0,0,0,0,0,0,0,1,2,1,14272162.4,0
0.0,5.5,5,5,180648312.0,1,5,0,0,0,0,1,1,0,0,9,1,100.0,0
330867374.0,60659018.566667,1,0,330867374.0,0,1,0,1,0,0,1,0,0,1,24,1,100.0,1
0.0,1508158091.0,5,5,274210562.0,1,5,1,1,0,1,1,1,0,1,13,6,10.0,1
215775800.0,39558960.666667,6,0,215775800.0,0,6,0,1,0,1,1,1,0,1,9,5,100.0,1
54072596.0,16689.95,4,3,54072596.0,0,4,0,1,0,1,1,1,0,1,25,5,10.0,0
0.0,81010479.0,6,6,12274315.0,1,6,1,1,0,1,1,1,0,1,13,2,20.0,1
3132263.0,576135.516667,6,1,3132263.0,0,6,0,1,0,1,0,1,0,1,19,3,3132.263,1
0.0,630.2,1,1,12923856.0,1,1,0,0,0,1,1,0,0,0,5,2,10.0,0
0.0,24.2,1,1,13689296.0,1,1,0,0,0,0,0,0,0,1,3,2,1368929.6,0
350197240.0,622.666667,5,4,350197240.0,0,5,0,0,0,0,1,1,0,0,7,2,100.0,0
348052940.0,45353935.833333,3,1,348052940.0,0,3,0,0,0,1,0,1,0,0,16,6,34805294.0,1
0.0,56033995.6,2,2,25469998.0,1,2,0,0,0,1,1,1,0,0,19,3,10.0,0
0.0,20.4,3,3,1829653634.0,1,3,0,0,0,1,0,1,0,0,16,2,182965363.4,0
0.0,341039143.5,5,5,62007117.0,1,5,0,1,0,1,0,1,0,1,6,5,62007.117,1
0.0,992136248.4,2,2,450971022.0,1,2,0,0,0,1,1,1,0,0,6,4,10.0,0
0.0,1.1,1,1,12140123.0,1,1,0,0,0,0,1,0,0,0,6,1,1.0,0
5972.0,1094.866667,3,0,5972.0,0,3,1,1,0,0,1,1,0,1,3,0,59.72,1
258578.9,284566.59,1,1,62809.0,1,1,0,0,0,0,1,0,1,0,8,3,10.0,0
0.0,54573644.4,3,3,16537468.0,1,3,0,0,0,1,1,1,0,0,7,5,100.0,0
0.0,2952175168.8,3,3,894598536.0,1,3,0,0,0,0,1,1,0,0,10,6,200.0,0
0.0,5841903.1,1,1,5310821.0,1,1,1,1,0,0,1,0,0,1,16,1,10.0,1
0.0,211346313.2,4,4,48033253.0,1,4,0,0,0,0,0,1,0,0,4,4,4803325.3,0
313019945.0,57386990.916667,7,0,313019945.0,0,7,0,1,0,1,1,1,0,1,27,5,10.0,1
90480583.0,12064077.733333,1,0,90480583.0,0,1,0,0,0,0,0,0,0,0,38,1,9048058.3,0
17121188.9,4379700.306667,1,0,16670042.0,0,2,0,1,0,1,1,1,1,1,18,5,100.0,1
22331090.0,4094035.166667,8,2,22331090.0,0,8,1,1,0,1,1,1,0,1,14,2,20.0,1
9407344.0,0.518735,2,0,9407344.0,0,2,0,0,0,1,1,1,0,0,4,1,1.0,0
0.0,1.1,1,1,5156614.0,1,1,0,0,0,0,0,0,0,0,9,1,515661.4,0
58818061.0,0.80731,2,1,58818061.0,0,2,0,0,0,0,1,1,0,0,13,1,10.0,0
0.0,2735476738.5,5,5,497359407.0,1,5,0,1,0,1,1,1,0,1,12,6,20.0,1
0.0,128.4,1,1,383997.0,1,1,0,0,0,1,0,0,0,0,10,3,38399.7,0
0.0,2.14386,1,1,26874819.0,1,1,0,0,0,0,1,0,0,0,5,2,1.0,0
0.0,21296.0,1,1,19360.0,1,1,0,0,0,1,1,0,0,0,10,4,20.0,0
252987209.0,2.358848,3,1,252987209.0,0,3,0,0,0,0,1,1,0,0,6,3,10.0,0
0.0,431.2,1,1,973145.0,1,1,0,0,0,0,0,0,0,1,1,1,97314.5,0
42302418.4,5693080.173333,1,0,42280055.0,0,2,0,0,0,1,0,1,1,0,3,0,42280055.0,1
53406756.0,9792631.3,1,0,53406756.0,0,1,0,1,1,1,1,0,0,1,12,3,100.0,1
0.0,7168970.6,1,1,6517246.0,1,1,0,0,0,0,1,0,0,0,4,4,100.0,1
0.0,8.8,4,4,588896865.0,1,4,0,0,0,0,1,1,0,0,3,6,50.0,0
0.0,216.0,4,4,1660774757.0,1,4,1,1,0,1,0,1,0,1,11,1,1660774.757,0
0.0,840240.5,1,1,763855.0,1,1,0,1,0,0,0,0,0,1,3,1,763.855,0
266953766.0,4263664.133333,5,2,266953766.0,0,5,0,0,0,1,1,1,0,0,11,2,1000.0,1
0.0,598.4,4,4,1995138038.0,1,4,0,1,0,0,0,1,0,1,7,5,1995138.038,0
0.0,2901.2,4,4,787638685.0,1,4,0,0,0,1,0,1,0,0,9,3,78763868.5,0
0.0,1.1,1,1,5926.0,1,1,0,0,0,0,1,0,0,0,8,1,1.0,0
5464734.0,728631.9,1,0,5464734.0,0,1,0,0,0,1,1,0,0,0,13,1,10.0,1
0.0,374.4,1,1,49328602.0,1,1,0,0,0,1,0,0,0,0,13,4,4932860.2,0
37198859.0,31997094.066667,1,0,12619715.0,0,2,0,0,0,1,1,1,1,0,9,0,100.0,1
0.0,2.4,1,1,15675972.0,1,1,0,0,0,1,1,0,0,0,12,4,50.0,0
20315103.0,13091481.15,1,0,11799607.0,0,2,0,1,0,0,0,1,1,1,15,5,11799.607,1
0.0,398.2,2,2,340637889.0,1,2,0,0,0,0,0,1,0,0,5,3,34063788.9,0
170760959.0,31306176.316667,3,1,170760959.0,0,3,1,1,0,1,1,1,0,1,17,1,20.0,1
216034772.9,40466838.756667,1,0,215721919.0,0,1,0,1,0,1,0,0,1,1,15,5,215721.919,1
39883.0,7356.183333,4,2,39883.0,0,4,1,1,0,1,1,1,0,1,6,4,10.0,1
0.0,96044256.0,7,7,12473280.0,1,7,1,1,0,1,1,1,0,1,23,1,100.0,1
195071.0,185254520.0,1,1,168218129.0,1,1,0,1,0,0,0,0,1,1,8,2,168218.129,1
5953636.0,310.566667,4,3,5953636.0,0,4,0,1,0,0,1,1,0,1,11,7,10.0,0
173498121.0,10811.066667,4,3,173498121.0,0,4,0,0,0,1,1,1,0,0,17,5,10.0,0
0.0,8983455.8,1,1,8166778.0,1,1,0,0,0,1,1,0,0,1,14,5,10.0,1
0.0,97.2,1,1,15548720.0,1,1,0,0,0,1,0,0,0,0,14,2,1554872.0,0
321222350.0,58890764.166667,1,0,321222350.0,0,1,0,1,0,0,1,0,0,1,11,4,10.0,1
9399815.0,1776423.269291,1,0,9399815.0,0,1,0,0,0,1,0,0,0,0,25,2,939981.5,1
0.0,1.1,1,1,389839781.0,1,1,0,0,0,0,1,0,0,0,10,2,1.0,0
275309091.0,56574370.6,1,0,273090532.0,0,1,0,1,0,0,1,0,1,1,20,3,100.0,1
0.0,471253.2,1,1,428412.0,1,1,0,1,0,0,1,0,0,1,9,1,10.0,1
0.0,72.6,2,2,5399793.0,1,2,0,0,0,0,0,1,0,0,14,5,539979.3,0
131867981.0,24175798.516667,3,0,131867981.0,0,3,1,1,0,1,1,1,0,1,28,5,20.0,1
0.0,8886.9,1,1,12343.0,1,1,0,0,0,0,0,0,0,1,3,3,1234.3,1
0.0,33129448.0,8,8,3764710.0,1,8,1,1,0,1,1,1,0,1,20,5,10.0,1
0.0,3.3,3,3,4523706.0,1,3,0,0,0,0,1,1,0,0,20,5,20.0,0
16017980.0,2936630.266667,3,1,16017980.0,0,3,0,1,0,1,1,1,0,1,15,6,100.0,1
0.0,246.4,2,2,636168257.0,1,2,0,0,0,0,0,1,0,0,3,4,63616825.7,0
0.0,50.6,1,1,783494309.0,1,1,0,0,0,0,1,0,0,0,9,2,200.0,0
467.0,77.650096,4,2,467.0,0,4,0,0,0,1,1,1,0,0,1,3,46.7,0
3509377.0,467916.933333,1,0,3509377.0,0,1,0,0,0,0,0,0,0,0,33,1,350937.7,0
58093596.0,10650493.1,3,0,58093596.0,0,3,1,1,0,1,1,1,0,1,11,8,20.0,1
14763.0,2707.05,3,1,14763.0,0,3,0,1,0,1,1,1,0,1,3,2,10.0,1
0.0,1.1,1,1,229002.0,1,1,0,0,0,0,1,0,0,0,12,2,1.0,0
71673098.0,1.729625,3,0,71673098.0,0,3,0,0,0,1,1,1,0,0,4,3,1.0,0
12056582.2,1653896.053333,1,0,12039581.0,0,1,0,0,0,1,0,0,1,0,16,2,1203958.1,1
0.0,5421.316667,2,2,29495.0,1,2,1,1,0,1,1,1,0,1,15,1,29.495,1
103286299.0,16359282.6653,1,0,103286299.0,0,1,0,0,0,1,0,0,0,0,28,3,10328629.9,1
18877929.0,3460968.55,1,0,18877929.0,0,1,0,1,0,1,1,0,0,1,20,3,1000.0,1
0.0,1.1,1,1,338357669.0,1,1,0,0,0,0,0,0,0,0,1,2,33835766.9,0
268497055.0,13012216.6,6,4,268497055.0,0,6,0,0,0,1,1,1,0,0,4,2,10.0,1
1950.0,357.5,4,0,1950.0,0,4,1,1,0,0,1,1,0,1,11,2,1.95,0
0.0,21.6,1,1,239033296.0,1,1,0,1,0,1,1,0,0,1,6,2,200.0,0
179136890.0,1072140.483333,6,4,179136890.0,0,6,0,1,0,0,1,1,0,1,21,5,1000.0,1
16474074.0,3020246.9,4,1,16474074.0,0,4,0,1,0,0,1,1,0,1,27,5,20.0,1
2548338.0,467226.1,1,0,2548338.0,0,1,0,0,0,1,0,0,0,1,13,4,254833.8,1
8337615.0,2304.166667,2,1,8337615.0,0,2,0,0,0,0,1,1,0,0,8,5,1000.0,0
0.0,1.1,1,1,2956233.0,1,1,0,0,0,0,0,0,0,0,10,1,295623.3,0
1993285.0,365435.583333,4,2,1993285.0,0,4,0,1,0,0,0,1,0,1,10,8,1993.285,1
253193.0,46418.716667,1,0,253193.0,0,1,0,0,0,0,1,0,0,1,19,3,100.0,1
587.0,107.616667,3,1,587.0,0,3,0,1,0,0,1,1,0,1,1,0,5.87,0
909669.0,121289.2,1,0,909669.0,0,1,0,0,0,0,1,0,0,0,19,4,100.0,1
821254.0,150563.233333,1,0,821254.0,0,1,0,1,0,0,1,0,0,1,4,3,821.254,1
0.0,1329.4,2,2,7224.0,1,2,1,1,0,1,1,1,0,1,12,4,7.224,1
19432958.0,893910.383333,6,5,19432958.0,0,6,0,1,0,1,1,1,0,1,4,7,1000.0,1
5624519.0,1031208.816667,1,0,5624519.0,0,1,0,1,0,1,1,0,0,1,8,5,10.0,1
238995907.0,43815916.283333,1,0,238995907.0,0,1,0,1,0,0,0,0,0,1,11,5,238995.907,1
0.0,323.4,3,3,1883456860.0,1,3,0,0,0,0,1,1,0,0,6,6,200.0,0
0.0,1677.5,5,5,61015109.0,1,5,0,0,0,0,1,1,0,0,3,3,20.0,0
0.0,165.6,1,1,4893772.0,1,1,0,0,0,1,0,0,0,0,2,1,489377.2,0
0.0,25.3,1,1,45496008.0,1,1,0,0,0,0,0,0,0,1,2,1,4549600.8,0
65690553.0,12043268.05,1,0,65690553.0,0,1,0,1,1,0,1,0,0,1,24,4,10.0,1
0.0,58256.0,2,2,26480.0,1,2,0,1,0,1,0,1,0,1,10,2,26.48,1
273729199.4,50248444.506667,1,0,273705684.0,0,2,0,1,0,1,0,1,1,1,11,0,2737056.84,1
19672818.0,3606695.1,1,0,19672818.0,0,1,0,1,0,1,0,0,0,1,7,5,19672.818,1
0.0,16643742.5,1,1,15130675.0,1,1,0,0,0,0,1,0,0,0,2,1,1.0,0
45142758.0,6019034.4,1,0,45142758.0,0,1,0,0,0,0,0,0,0,0,40,3,4514275.8,1
30015367.0,5502824.583333,1,0,30015367.0,0,1,1,1,0,1,0,0,0,1,17,0,300153.67,1
0.0,1.1,1,1,24249306.0,1,1,0,0,0,0,1,0,0,0,6,1,1.0,0
0.0,1.1,1,1,102075.0,1,1,0,0,0,0,1,0,0,0,14,4,20.0,0
0.0,95.2,3,3,1245846917.0,1,3,0,0,0,1,0,1,0,0,14,1,124584691.7,0
159218521.7,33685530.486667,1,0,157583806.0,0,1,0,1,0,0,1,0,1,1,8,1,100.0,1
139014.0,18535.2,1,0,139014.0,0,1,0,0,0,0,0,0,0,0,18,0,139014.0,1
155953.0,28591.883333,1,0,155953.0,0,1,0,1,0,1,0,0,0,1,8,5,155.953,1
268490728.0,49223302.133333,8,2,268490728.0,0,8,0,1,0,1,1,1,0,1,7,5,20.0,1
1449.0,262.869152,3,2,1449.0,0,3,0,0,0,1,1,1,0,0,6,2,100.0,0
46776964.0,8585972.619767,1,0,46776964.0,0,1,0,0,0,1,0,0,0,0,17,2,4677696.4,1
1649055.0,302326.75,1,0,1649055.0,0,1,0,1,0,0,1,0,0,1,5,3,10.0,1
148975076.0,122327399.566667,1,0,55825944.0,0,2,1,0,0,1,0,1,1,0,15,2,5582594.4,1
0.0,99.6,1,1,262141295.0,1,1,0,1,0,1,1,0,0,1,16,4,50.0,0
643202356.0,117920450.233333,1,0,643202356.0,0,1,0,1,0,1,1,0,0,1,20,5,100.0,1
15584.0,2857.066667,3,0,15584.0,0,3,0,1,0,0,0,1,0,1,4,2,15.584,1
5338.0,978.933333,2,1,5338.0,0,2,0,1,0,1,1,1,0,1,7,0,10.0,1
10506227.0,1926142.616667,5,1,10506227.0,0,5,1,1,0,1,1,1,0,1,13,2,10.0,1
0.0,3.3,3,3,807021812.0,1,3,0,0,0,0,1,1,0,0,5,1,200.0,0
76935910.0,14104917.633333,3,1,76935910.0,0,3,0,1,0,1,1,1,0,1,19,2,20.0,1
0.0,1.1,1,1,118929.0,1,1,0,0,0,0,1,0,0,0,9,1,1.0,0
0.0,27404733.4,1,1,24913394.0,1,1,0,0,0,0,0,0,0,1,1,1,2491339.4,0
91497299.0,1.761482,3,2,91497299.0,0,3,0,0,0,0,1,1,0,0,14,2,1.0,0
7349444.0,1347400.466667,5,2,7349444.0,0,5,0,1,0,1,0,1,0,1,15,7,7349.444,1
201038.6,221147.96,1,1,174698.0,1,1,0,0,0,0,0,0,1,0,3,1,17469.8,0
0.0,19861.6,1,1,18056.0,1,1,0,0,0,0,1,0,0,0,2,1,1.0,0
0.0,3972455.3,1,1,3611323.0,1,1,0,1,0,1,0,0,0,1,13,3,3611.323,1
689524.0,91936.533333,1,0,689524.0,0,1,0,0,0,0,1,0,0,0,14,0,10.0,1
0.0,1.1,1,1,808330.0,1,1,0,0,0,0,1,0,0,0,9,1,1.0,0
49736704.0,6631560.533333,1,0,49736704.0,0,1,0,0,0,0,0,0,0,0,37,4,4973670.4,1
0.0,9145.4,4,4,49830.0,1,4,1,1,1,1,1,1,0,1,13,1,10.0,1
0.0,1.1,1,1,76916437.0,1,1,0,0,0,0,0,0,0,0,10,2,7691643.7,0
8153707.0,1495248.083333,1,0,8153707.0,0,1,0,1,0,1,0,0,0,1,11,4,8153.707,1
59494394.0,7932585.866667,1,0,59494394.0,0,1,0,0,0,0,0,0,0,0,22,2,5949439.4,1
0.0,31.7,1,1,25836050.0,1,1,0,0,0,1,1,0,0,0,7,2,20.0,0
0.0,38.5,1,1,39835.0,1,1,0,1,0,0,0,0,0,1,1,1,39.835,0
1170801.0,214646.85,1,0,1170801.0,0,1,0,1,0,0,0,0,0,1,16,4,1170.801,1
26383369.0,2808128.033333,6,5,26383369.0,0,6,1,1,0,0,1,1,0,1,2,6,10.0,1
0.0,1.1,1,1,74580.0,1,1,0,0,0,0,1,0,0,0,10,1,1.0,0
58844550.0,7845940.0,1,0,58844550.0,0,1,0,0,0,0,0,0,0,0,36,2,5884455.0,0
236410699.0,0.470901,3,2,236410699.0,0,3,0,0,0,0,1,1,0,0,2,3,1.0,0
0.0,1.2,1,1,186839.0,1,1,0,0,0,1,1,0,0,0,10,3,10.0,0
138172.3,152160.03,1,1,13607352.0,1,1,0,0,0,0,1,0,1,0,6,1,100.0,0
0.0,3794.9,1,1,12088178.0,1,1,0,0,0,1,1,0,0,0,11,3,10.0,0
0.0,12345856.6,7,7,1603358.0,1,7,0,1,0,1,1,1,0,1,28,4,20.0,1
30374.0,5568.666667,4,3,30374.0,0,4,1,1,0,1,0,1,0,1,7,4,30.374,1
270917070.0,49668139.5,1,0,270917070.0,0,1,0,1,0,1,0,0,0,1,13,0,2709170.7,1
90965.6,4655910.16,1,1,4141680.0,1,1,0,0,0,0,1,0,1,0,4,3,100.0,0
309988.7,341726.77,1,1,230877.0,1,1,0,0,0,0,0,0,1,0,3,3,23087.7,0
30448.0,5582.133333,4,1,30448.0,0,4,0,1,0,0,0,1,0,1,6,0,304.48,1
0.0,23.1,1,1,9162533.0,1,1,0,0,0,0,0,0,0,1,1,2,916253.3,0
0.0,8.4,1,1,18612768.0,1,1,0,0,0,1,1,0,0,0,13,1,100.0,0
0.0,13937.0,2,2,6335.0,1,2,1,1,1,1,1,1,0,1,9,4,6.335,1
0.0,720.3,1,1,4871275.0,1,1,0,0,0,1,1,0,0,0,3,1,20.0,0
0.0,142958.2,1,1,129962.0,1,1,0,1,0,0,0,0,0,1,3,1,129.962,0
0.0,1.1,1,1,210785119.0,1,1,0,0,0,0,1,0,0,0,10,1,1.0,0
0.0,541.2,2,2,246.0,1,2,0,1,0,1,1,1,0,1,3,3,0.246,0
59915992.0,2.465789,3,1,59915992.0,0,3,0,0,0,0,1,1,0,0,17,2,10.0,0
165521156.0,22632093.490002,1,0,165521156.0,0,1,0,0,0,1,0,0,0,0,25,2,16552115.6,1
0.0,4.6,2,2,1080151238.0,1,2,0,0,0,1,0,1,0,0,5,1,108015123.8,0
2011552.0,268206.933333,1,0,2011552.0,0,1,0,0,0,0,0,0,0,0,8,2,201155.2,0
1352426.0,180327.566667,1,0,1352426.0,0,1,0,0,0,1,1,0,0,0,12,5,10.0,1
45676371.0,1214463.4,6,2,45676371.0,0,6,0,0,0,0,0,1,0,0,10,1,4567637.1,1
51849234.0,6913231.2,1,0,51849234.0,0,1,0,0,0,0,0,0,0,0,26,4,5184923.4,1
61212422.4,11404048.24,1,0,61146358.0,0,2,0,1,0,1,0,1,1,1,12,4,61146.358,1
0.0,47.316667,1,1,251.0,1,1,0,1,0,1,1,0,0,1,12,3,0.251,0
377.2,2147.42,1,1,2017034.0,1,1,0,0,0,0,0,0,1,0,2,1,201703.4,1
0.0,27206.3,1,1,24733.0,1,1,0,0,0,0,0,0,0,0,12,2,2473.3,0
255910866.0,45045786.6,5,4,255910866.0,0,5,0,1,0,1,1,1,0,1,8,5,100.0,1
367461.0,67367.85,1,0,367461.0,0,1,0,0,0,0,1,0,0,1,2,2,10.0,1
3850588.0,1433.15,2,1,3850588.0,0,2,0,1,0,1,1,1,0,1,6,4,1000.0,0
21623895.0,3964380.75,1,0,21623895.0,0,1,0,1,0,0,1,0,0,1,22,0,10.0,1
76207.1,83967.51,1,1,11292.0,1,1,0,0,0,0,0,0,1,0,3,3,1129.2,0
49251436.0,9029429.933333,3,1,49251436.0,0,3,0,1,0,0,1,1,0,1,30,1,100.0,1
0.0,327021299.0,1,1,297292090.0,1,1,0,0,0,0,0,0,0,1,4,2,29729209.0,0
0.0,850150813.6,4,4,193216094.0,1,4,0,0,0,1,1,1,0,0,15,3,100.0,0
0.0,3568060.1,1,1,3243691.0,1,1,0,1,1,1,1,0,0,1,17,4,10.0,1
6728350.0,1233532.833333,3,1,6728350.0,0,3,0,1,0,1,1,1,0,1,13,5,20.0,1
1000541.6,318662.726667,1,0,920015.0,0,1,0,0,0,1,0,0,1,0,6,2,92001.5,1
6709655.0,1230103.416667,1,0,6709655.0,0,1,1,1,0,0,0,0,0,1,22,2,6709.655,1
19620.0,3597.7,3,1,19620.0,0,3,0,1,0,1,1,1,0,1,9,4,19.62,1
0.0,2.3,2,2,756958126.0,1,2,1,0,0,1,1,1,0,0,5,6,200.0,0
359924.0,44562.766667,4,3,359924.0,0,4,0,0,0,1,0,1,0,0,19,1,35992.4,1
202922746.9,37462895.323333,1,0,202828059.0,0,1,0,1,0,0,1,0,1,1,3,3,100.0,1
19566376.0,3587176.333333,1,0,19566376.0,0,1,0,1,0,1,0,0,0,1,5,0,195663.76,1
175115616.6,32961289.36,1,0,174804098.0,0,1,0,1,0,1,0,0,1,1,13,4,174804.098,1
87687449.0,13549953.066636,1,0,87687449.0,0,1,0,0,0,1,0,0,0,0,14,4,8768744.9,1
107.3,121.33,1,1,25561.0,1,1,0,0,0,0,1,0,1,0,4,2,100.0,0
0.0,3967.7,1,1,104915109.0,1,1,0,0,0,0,0,0,0,1,3,3,10491510.9,0
160199.3,178134.33,1,1,97776.0,1,1,0,0,0,0,0,0,1,0,10,3,9777.6,0
10465580.0,2003924.066667,1,0,10465580.0,0,1,0,1,0,1,1,0,0,1,13,5,10.0,1
0.0,375.2,5,5,45534377.0,1,5,0,0,0,1,1,1,0,0,8,5,100.0,0
0.0,89313279.0,3,3,27064630.0,1,3,1,1,0,0,1,1,0,1,8,5,10.0,1
9754725.0,0.858401,2,1,9754725.0,0,2,0,0,0,1,1,1,0,0,2,3,1.0,0
1593046.4,748768.606667,1,0,1426970.0,0,2,1,1,0,0,0,1,1,1,9,1,1426.97,1
0.0,1196312321.6,2,2,543778328.0,1,2,1,0,0,1,1,1,0,0,13,3,200.0,0
0.0,29.7,1,1,2585136.0,1,1,0,1,0,0,0,0,0,1,4,2,2585.136,0
22857220.6,5405325.793333,1,0,22415494.0,0,1,0,1,0,1,1,0,1,1,12,4,100.0,1
0.0,263.2,5,5,170731581.0,1,5,0,0,0,1,1,1,0,0,11,2,100.0,0
69981165.0,9330822.0,1,0,69981165.0,0,1,0,0,0,0,0,0,0,0,36,3,6998116.5,0
424467334.0,56595644.533333,1,0,424467334.0,0,1,0,0,0,0,0,0,0,0,40,1,42446733.4,0
0.0,1.1,1,1,69521.0,1,1,0,0,0,0,1,0,0,0,10,2,1.0,0
8893115.0,1403306.393536,1,0,8893115.0,0,1,0,0,0,1,0,0,0,0,19,3,889311.5,1
0.0,108.4,1,1,813.0,1,1,0,0,0,0,1,0,0,0,10,0,100.0,0
2059.0,411.124536,3,1,2059.0,0,3,1,1,0,1,1,1,0,1,11,0,20.59,1
0.0,189240.7,1,1,172037.0,1,1,0,1,0,1,0,0,0,1,2,5,172.037,1
3028.7,3332.67,1,1,2824077.0,1,1,0,0,0,0,1,0,1,0,10,1,10.0,0
5323909.0,976236.783333,1,0,5323909.0,0,1,0,1,0,1,0,0,0,1,8,1,5323.909,1
0.0,7.2,1,1,2151516.0,1,1,0,0,0,1,1,0,0,0,6,1,50.0,0
1328663.0,17784.6,2,1,1328663.0,0,2,0,0,0,0,1,1,0,0,3,3,100.0,1
75.0,82.5,1,0,75.0,0,1,0,0,0,1,0,0,0,0,1,0,75.0,0
16072105.0,2946552.583333,1,0,16072105.0,0,1,0,1,0,0,1,0,0,1,9,1,10.0,1
236378174.0,179331.9,4,3,236378174.0,0,4,0,0,0,0,1,1,0,0,15,3,10.0,0
0.0,2318.3,1,1,415710.0,1,1,0,0,0,1,1,0,0,0,12,3,50.0,1
0.0,1.1,1,1,35064.0,1,1,0,0,0,0,0,0,0,0,10,2,3506.4,0
1133285.0,225332.316667,7,3,1133285.0,0,7,0,1,0,1,0,1,0,1,9,2,1133.285,1
2861734.0,321305.066667,3,2,2861734.0,0,3,0,0,0,1,1,1,0,0,5,6,1000.0,1
724.0,132.733333,2,0,724.0,0,2,0,1,0,0,1,1,0,1,5,2,0.724,0
86036259.0,15773314.15,3,0,86036259.0,0,3,1,1,0,0,0,1,0,1,28,7,86036.259,1
0.0,0.433969,1,1,63474.0,1,1,0,0,0,0,0,0,0,0,1,4,6347.4,0
210877.0,0.657955,3,2,210877.0,0,3,0,0,0,1,1,1,0,0,20,3,1.0,0
0.0,2.4,1,1,513531.0,1,1,0,0,0,1,1,0,0,0,14,4,50.0,0
0.0,1.1,1,1,390640204.0,1,1,0,0,0,0,1,0,0,0,5,2,1.0,0
7773197.4,2521471.19,1,0,7374541.0,0,1,0,1,0,1,0,0,1,1,12,1,7374.541,1
154634376.0,170097813.6,1,0,145403981.0,0,1,0,1,0,0,0,0,1,1,7,0,1454039.81,1
9241122.0,1232149.6,1,0,9241122.0,0,1,0,0,0,0,0,0,0,0,34,4,924112.2,0
0.0,127185102.0,3,3,38540940.0,1,3,0,0,0,0,1,1,0,0,4,1,10.0,0
0.0,0.206877,1,1,25821342.0,1,1,0,0,0,0,1,0,0,0,5,1,10.0,0
78963.0,86861.5,1,1,11640.0,1,1,0,0,0,0,1,0,1,0,2,2,10.0,0
0.0,3759.8,1,1,37002.0,1,1,0,0,0,0,0,0,0,1,3,1,3700.2,1
101251852.0,18562861.833333,1,0,101251852.0,0,1,0,1,0,1,1,0,0,1,25,3,10.0,1
0.0,1093.5,4,4,1898046964.0,1,4,0,0,0,1,1,1,0,0,4,1,200.0,0
14609869.0,534.966667,2,1,14609869.0,0,2,0,1,0,0,1,1,0,1,20,7,100.0,0
0.0,1.1,1,1,1209.0,1,1,0,0,0,0,1,0,0,0,11,1,1.0,0
601.3,797.83,1,1,110206.0,1,1,0,0,0,0,1,0,1,0,7,1,100.0,0
0.0,110825166.1,1,1,100750151.0,1,1,0,1,0,1,0,0,0,1,20,3,100750.151,1
0.0,397.6,5,5,110102495.0,1,5,0,0,0,1,0,1,0,0,10,5,11010249.5,0
0.0,3600487.0,1,1,3273170.0,1,1,0,0,0,0,1,0,0,0,10,1,1.0,0
448026184.0,0.887641,3,1,448026184.0,0,3,0,0,0,0,1,1,0,0,10,4,1.0,0
0.0,2.3,2,2,201754467.0,1,2,1,0,0,1,1,1,0,0,13,6,50.0,0
0.0,29.6,1,1,83123441.0,1,1,0,0,0,1,1,0,0,0,5,3,10.0,0
0.0,5715.0,2,2,867894732.0,1,2,0,0,0,1,0,1,0,0,17,6,86789473.2,0
0.0,2598.2,1,1,38785890.0,1,1,0,0,0,0,0,0,0,1,1,1,3878589.0,0
276.0,59.007167,2,1,276.0,0,2,0,0,0,1,1,1,0,0,5,2,10.0,0
53332881.0,9777694.85,1,0,53332881.0,0,1,1,1,0,0,1,0,0,1,9,2,100.0,1
18704.6,20600.36,1,1,627165.0,1,1,0,0,0,0,0,0,1,0,10,2,62716.5,0
304101156.0,1.592675,2,1,304101156.0,0,2,0,0,0,0,1,1,0,0,7,1,10.0,0
8887.6,9780.76,1,1,1343588.0,1,1,0,0,0,0,1,0,1,0,4,3,100.0,0
0.0,24.2,1,1,97415.0,1,1,0,0,0,0,0,0,0,1,3,3,9741.5,0
0.0,138337600.5,1,1,125761455.0,1,1,0,0,0,1,0,0,0,0,22,2,12576145.5,1
8489878.0,2176516.133333,1,0,7926218.0,0,2,1,1,0,1,1,1,1,1,15,2,100.0,1
85477211.0,15670832.016667,7,1,85477211.0,0,7,1,1,0,1,1,1,0,1,30,7,100.0,1
0.0,880.0,1,1,306327877.0,1,1,0,1,0,0,1,0,0,1,17,1,50.0,0
0.0,14.4,1,1,9354418.0,1,1,0,0,0,1,1,0,0,0,13,3,20.0,0
0.0,670492389.6,1,1,609538536.0,1,1,0,0,0,1,0,0,0,0,14,4,60953853.6,0
0.0,368924070.9,1,1,335385519.0,1,1,1,0,0,1,0,0,0,0,17,2,33538551.9,0
0.0,1.1,1,1,615855.0,1,1,0,0,0,0,1,0,0,0,10,1,1.0,0
6408.0,1175.0,3,2,6408.0,0,3,0,1,0,1,0,1,0,1,14,3,6.408,1
0.0,115.5,1,1,275494145.0,1,1,0,0,0,0,0,0,0,1,4,2,27549414.5,0
0.0,1355.2,4,4,1528991611.0,1,4,0,1,0,0,0,1,0,1,10,2,1528991.611,0
248290504.0,32495026.166667,2,1,248290504.0,0,2,0,0,0,1,1,1,0,0,16,2,100.0,1
627224756.0,83629967.466667,1,0,627224756.0,0,1,0,0,0,0,0,0,0,0,37,4,62722475.6,1
0.0,129946084.4,1,1,118132804.0,1,1,0,0,0,0,1,0,0,0,16,3,10.0,0
18257.0,3381.316667,2,1,18257.0,0,2,0,1,1,1,1,1,0,1,9,4,10.0,1
442542345.0,81132765.25,6,3,442542345.0,0,6,1,1,0,1,1,1,0,1,21,7,20.0,1
60.0,12.103993,3,0,60.0,0,3,0,0,0,1,1,1,0,0,1,0,10.0,0
28551.0,5235.95,4,0,28551.0,0,4,0,1,0,1,1,1,0,1,10,0,100.0,1
0.0,973.6,3,3,122291851.0,1,3,0,0,0,1,1,1,0,0,16,2,100.0,0
155295.0,1.868303,1,0,155295.0,0,1,0,0,0,1,1,0,0,0,5,2,1.0,0
0.0,26.583333,1,1,145.0,1,1,1,1,1,0,0,0,0,1,3,3,0.145,0
0.0,11383.9,1,1,30221.0,1,1,0,1,0,0,0,0,0,1,4,2,30.221,1
0.0,1.1,1,1,58789576.0,1,1,0,0,0,0,1,0,0,0,9,2,1.0,0
13203224.0,2420592.466667,1,0,13203224.0,0,1,0,1,0,1,1,0,0,1,16,4,100.0,1
0.0,22.8,1,1,99861.0,1,1,0,0,0,1,1,0,0,0,5,2,50.0,0
49846109.0,9475118.216667,1,0,49540050.0,0,2,0,1,0,0,1,1,1,1,13,4,100.0,1
0.0,161.2,1,1,8231477.0,1,1,0,0,0,1,1,0,0,0,3,4,50.0,0
134756366.0,24705333.766667,6,2,134756366.0,0,6,0,1,0,0,1,1,0,1,25,8,100.0,1
0.0,2358.5,1,1,15533106.0,1,1,0,0,0,1,1,0,0,0,10,2,100.0,0
526348024.0,578982826.4,1,0,526348024.0,0,1,0,0,0,0,0,0,0,0,21,0,526348024.0,0
0.0,490.6,1,1,29790594.0,1,1,0,0,0,0,0,0,0,0,15,1,2979059.4,0
1730330.0,230711.866667,4,0,1730330.0,0,4,0,0,0,1,1,1,0,0,15,4,100.0,1
434259878.0,79614361.266667,1,0,434259878.0,0,1,1,1,0,1,0,0,0,1,18,3,434259.878,1
0.0,42.0,1,1,271540.0,1,1,0,0,0,1,1,0,0,0,5,1,50.0,0
0.0,39.6,1,1,1131934.0,1,1,0,0,0,0,1,0,0,0,10,1,50.0,0
33470616.0,1.007566,2,1,33470616.0,0,2,0,0,0,1,1,1,0,0,2,2,10.0,0
434362090.0,0.614386,1,0,434362090.0,0,1,0,0,0,1,1,0,0,0,17,2,1.0,0
0.0,12358.5,1,1,116544.0,1,1,0,0,0,0,0,0,0,1,1,1,11654.4,1
143478.0,19162.3,1,0,143478.0,0,1,0,0,0,1,1,0,0,0,18,3,10.0,1
38194513.0,7739.233333,2,1,38194513.0,0,2,1,1,0,0,1,1,0,1,15,4,10.0,0
0.0,44.0,4,4,2045678385.0,1,4,0,0,0,0,1,1,0,0,8,2,200.0,0
3721.8,4379.98,1,1,68595.0,1,1,0,0,0,0,1,0,1,0,10,3,10.0,0
0.0,0.130914,1,1,246813.0,1,1,0,0,0,0,0,0,0,0,12,4,24681.3,0
12989673.0,1.26732,2,1,12989673.0,0,2,0,0,0,0,1,1,0,0,13,2,1.0,0
790764.0,1.930716,2,1,790764.0,0,2,0,0,0,0,1,1,0,0,5,2,1.0,0
28468.0,5219.133333,4,1,28468.0,0,4,0,1,0,0,1,1,0,1,12,4,28.468,1
367.0,68.383333,2,0,367.0,0,2,1,1,0,1,0,1,0,1,5,3,0.367,0
4632.0,851.7,4,2,4632.0,0,4,0,1,0,1,1,1,0,1,14,0,10.0,1
0.0,57.2,1,1,63970102.0,1,1,0,0,0,0,1,0,0,0,14,3,200.0,0
211238357.0,3784982.3,3,2,211238357.0,0,3,1,1,0,0,1,1,0,1,12,6,100.0,1
0.0,2949.7,3,3,16086.0,1,3,0,1,0,1,1,1,0,1,7,4,10.0,1
371884.0,68180.233333,1,0,371884.0,0,1,0,1,0,1,1,0,0,1,5,3,10.0,1
0.0,6309.6,1,1,5736.0,1,1,0,0,0,0,1,0,0,0,2,1,1.0,0
24351643.0,715.033333,2,1,24351643.0,0,2,0,0,0,0,1,1,0,0,24,6,1000.0,0
30330493.0,5560590.383333,5,1,30330493.0,0,5,0,1,0,0,0,1,0,1,14,7,30330.493,1
133021577.0,23971046.733333,6,1,133021577.0,0,6,0,1,0,0,1,1,0,1,6,3,1000.0,1
241013.0,7062454.3,1,1,6179400.0,1,1,0,1,0,1,0,0,1,1,3,2,6179.4,1
186375390.0,1.755723,2,0,186375390.0,0,2,0,0,0,0,1,1,0,0,4,2,1.0,0
400600.0,73444.733333,1,0,400600.0,0,1,0,1,0,1,1,0,0,1,15,5,10.0,1
3152288.0,581217.966667,1,0,3152288.0,0,1,0,1,0,1,0,0,0,1,17,5,3152.288,1
1047669.7,4263266.37,1,1,2828027.0,1,1,0,1,0,1,0,0,1,1,8,5,2828.027,1
20888.0,3830.066667,3,1,20888.0,0,3,0,1,0,1,0,1,0,1,13,3,20.888,1
0.0,22.5,4,4,100949143.0,1,4,0,0,0,1,0,1,0,0,19,4,10094914.3,0
0.0,68949416.8,8,8,7835161.0,1,8,1,1,0,1,0,1,0,1,5,3,7835.161,1
15512.9,17242.39,1,1,14957818.0,1,1,0,0,0,0,1,0,1,0,4,3,10.0,0
85646484.0,11926124.721497,1,0,85646484.0,0,1,0,0,0,1,0,0,0,0,39,4,8564648.4,1
0.0,364.1,1,1,422519.0,1,1,0,0,0,0,1,0,0,0,7,1,50.0,0
0.0,1.1,1,1,181277509.0,1,1,0,0,0,0,1,0,0,0,4,1,1.0,0
904.0,236.744265,4,0,904.0,0,4,0,1,0,1,1,1,0,1,2,3,0.904,0
11204479.0,2054155.483333,7,1,11204479.0,0,7,0,1,0,1,1,1,0,1,20,8,10.0,1
1408689.0,187825.5,1,0,1408689.0,0,1,0,0,0,1,1,0,0,0,5,2,100.0,1
0.0,1.1,1,1,79610891.0,1,1,0,0,0,0,0,0,0,0,3,1,7961089.1,0
121725.0,22344.35,1,0,121725.0,0,1,0,0,0,1,1,0,0,1,8,5,100.0,1
0.0,139409.6,1,1,126736.0,1,1,0,0,0,0,1,0,0,0,5,5,10.0,1
4469522.0,819412.466667,1,0,4469522.0,0,1,0,1,0,1,0,0,0,1,14,1,4469.522,1
0.0,1.1,1,1,38565799.0,1,1,0,0,0,0,0,0,0,0,8,1,3856579.9,0
233001574.0,335.833333,2,1,233001574.0,0,2,0,0,0,1,1,1,0,0,12,1,10.0,0
267120984.0,2.322647,3,2,267120984.0,0,3,0,0,0,0,1,1,0,0,5,1,1.0,0
16987.0,3115.083333,4,1,16987.0,0,4,1,1,0,1,0,1,0,1,8,4,16.987,1
508195383.0,79155608.4,6,3,508195383.0,0,6,0,1,0,0,1,1,0,1,21,3,10.0,1
2054764.0,378892.333333,1,0,2054764.0,0,1,1,1,0,1,1,0,0,1,12,4,100.0,1
0.0,19266.5,1,1,76409.0,1,1,0,0,0,0,0,0,0,1,1,3,7640.9,1
7214311.2,1612820.77,1,0,7108785.0,0,1,1,1,0,0,1,0,1,1,17,3,100.0,1
326761788.0,59900330.7,5,1,326761788.0,0,5,1,1,0,1,0,1,0,1,23,3,326761.788,1
1144660.0,152621.333333,1,0,1144660.0,0,1,0,0,0,0,1,0,0,0,13,3,10.0,1
50252147.0,9213785.516667,1,0,50252147.0,0,1,1,1,0,1,0,0,0,1,8,2,50252.147,1
0.0,934301209.6,8,8,106170592.0,1,8,1,1,0,1,0,1,0,1,11,5,106170.592,1
15008.0,2776.166667,4,2,15008.0,0,4,0,1,0,1,1,1,0,1,3,2,15.008,1
39107271.0,7171759.65,6,2,39107271.0,0,6,0,1,0,1,0,1,0,1,18,3,39107.271,1
0.0,25878.6,1,1,23526.0,1,1,0,0,0,0,1,0,0,0,12,2,50.0,0
0.0,508.2,3,3,154.0,1,3,1,1,0,1,1,1,0,1,4,1,0.154,0
267531363.0,49041947.683333,6,3,267531363.0,0,6,0,1,0,1,1,1,0,1,8,1,100.0,1
0.0,206.6,2,2,75636365.0,1,2,0,0,0,1,1,1,0,0,6,2,20.0,0
0.0,334054459.2,1,1,303685872.0,1,1,0,0,0,0,0,0,0,0,16,2,30368587.2,1
19668854.0,3605956.566667,1,0,19668854.0,0,1,0,1,0,0,0,0,0,1,3,5,19668.854,1
70406132.0,7448555.5,3,1,70406132.0,0,3,0,0,0,0,0,1,0,0,18,7,7040613.2,1
0.0,74740492.2,1,1,67945902.0,1,1,0,1,0,1,0,0,0,1,12,1,67945.902,0
145.0,26.883333,2,1,145.0,0,2,1,1,0,1,1,1,0,1,5,1,0.145,0
1011226.0,538958.733333,1,0,690179.0,0,1,0,1,0,1,0,0,1,1,13,2,690.179,1
0.0,4096.3,1,1,511286.0,1,1,0,0,0,1,1,0,0,0,7,4,10.0,1
0.0,65.8,1,1,43259072.0,1,1,0,0,0,1,1,0,0,0,7,4,20.0,0
159729026.0,27324122.1,3,1,159729026.0,0,3,1,1,0,1,1,1,0,1,23,7,1000.0,1
0.0,1.2,1,1,8054198.0,1,1,0,0,0,1,1,0,0,0,12,1,50.0,0
0.0,29.7,3,3,17448257.0,1,3,0,0,0,0,0,1,0,0,4,5,1744825.7,0
0.0,3.4,3,3,52545235.0,1,3,0,0,0,1,1,1,0,0,17,4,20.0,0
29939.8,1631125.98,1,1,1452902.0,1,1,0,1,0,1,0,0,1,1,10,5,1452.902,1
20132.0,3690.866667,3,2,20132.0,0,3,0,1,1,0,0,1,0,1,9,2,20.132,1
0.0,1254.1,1,1,162372.0,1,1,0,0,0,1,1,0,0,0,14,3,100.0,1
5110.0,937.533333,3,0,5110.0,0,3,1,1,1,1,1,1,0,1,15,3,5.11,1
17950.0,3290.833333,4,3,17950.0,0,4,1,1,1,0,1,1,0,1,12,3,17.95,1
0.0,6.6,2,2,196768816.0,1,2,0,0,0,0,1,1,0,0,5,1,50.0,0
5574183.0,1021933.55,5,2,5574183.0,0,5,1,1,0,0,0,1,0,1,5,4,5574.183,1
209554999.0,27940666.533333,1,0,209554999.0,0,1,0,0,0,0,0,0,0,0,15,1,20955499.9,1
0.0,2204.4,4,4,877497285.0,1,4,0,0,0,0,1,1,0,0,14,4,10.0,0
7941964.0,1456026.933333,1,0,7941964.0,0,1,0,1,0,1,1,0,0,1,18,2,100.0,1
1516666.0,202222.733333,1,0,1516666.0,0,1,0,0,0,1,0,0,0,0,4,4,151666.6,1
210475101.6,41981703.61,1,0,209240701.0,0,2,0,1,0,0,0,1,1,1,19,1,209240.701,1
19094938.0,2895780.516667,4,1,19094938.0,0,4,0,1,0,1,0,1,0,1,14,2,19094.938,1
157412602.0,132623.15,6,4,157412602.0,0,6,0,1,0,0,1,1,0,1,4,5,10.0,1
298131271.0,54657409.683333,5,3,298131271.0,0,5,0,1,0,1,1,1,0,1,10,1,100.0,1
0.0,4.8,1,1,16396933.0,1,1,0,0,0,1,1,0,0,0,4,4,20.0,0
91810925.0,16832004.916667,4,2,91810925.0,0,4,0,1,0,1,1,1,0,1,14,1,20.0,1
237167911.0,17317731.833333,6,3,237167911.0,0,6,0,0,0,0,1,1,0,0,23,7,10.0,1
0.0,447.5,3,3,140414214.0,1,3,0,0,0,1,1,1,0,0,15,5,20.0,0
11492817.0,2107017.05,1,0,11492817.0,0,1,0,1,0,1,1,0,0,1,2,5,100.0,1
0.0,57.5,2,2,675942.0,1,2,0,0,0,1,0,1,0,0,17,2,67594.2,0
3395235.0,622460.95,7,2,3395235.0,0,7,1,1,0,1,0,1,0,1,30,3,3395.235,1
1043523.0,1.543236,2,0,1043523.0,0,2,0,0,0,0,1,1,0,0,16,1,1.0,0
38815213.0,7098674.183333,3,1,38815213.0,0,3,1,1,0,0,0,1,0,1,15,2,38815.213,1
0.0,1.1,1,1,6471254.0,1,1,0,0,0,0,1,0,0,0,11,1,1.0,0
108176423.0,34112.1,6,5,108176423.0,0,6,0,1,0,0,1,1,0,1,23,7,100.0,0
0.0,1731.783333,1,1,9307.0,1,1,0,1,0,1,1,0,0,1,11,4,9.307,1
0.0,18.7,1,1,147482.0,1,1,0,0,0,0,0,0,0,1,1,3,14748.2,0
4270785.0,569438.5,1,0,4270785.0,0,1,0,0,0,1,1,0,0,0,14,0,10.0,1
0.0,2311.6,4,4,1104155291.0,1,4,1,1,0,1,1,1,0,1,4,1,200.0,0
0.0,88921022.3,1,1,80837293.0,1,1,0,0,0,0,1,0,0,0,12,1,20.0,0
96151.6,35426586.36,1,1,32109836.0,1,1,0,0,0,0,1,0,1,0,4,3,100.0,0
20144277.0,3693152.35,6,1,20144277.0,0,6,0,1,0,1,0,1,0,1,16,8,20144.277,1
47017964.0,5778680.133333,5,4,47017964.0,0,5,0,0,0,0,1,1,0,0,9,6,10.0,1
0.0,32122.2,2,2,14601.0,1,2,0,1,0,1,0,1,0,1,7,3,14.601,1
0.0,227465634.0,6,6,34464490.0,1,6,1,1,0,1,1,1,0,1,14,4,20.0,1
0.0,79492.6,2,2,36133.0,1,2,0,0,0,0,1,1,0,0,12,1,100.0,0
0.0,334753487.2,1,1,304321352.0,1,1,0,1,0,0,1,0,0,1,8,2,10.0,0
32311627.0,0.977396,2,1,32311627.0,0,2,0,0,0,1,1,1,0,0,15,2,10.0,0
10870628.0,4186.8,5,4,10870628.0,0,5,0,0,0,0,0,1,0,0,7,2,1087062.8,0
42482753.0,7788506.716667,3,2,42482753.0,0,3,0,1,0,1,1,1,0,1,17,7,20.0,1
91762650.0,755513.566667,5,4,91762650.0,0,5,0,0,0,1,0,1,0,0,23,1,9176265.0,1
0.0,293.8,2,2,2649809.0,1,2,0,0,0,1,1,1,0,0,17,4,100.0,0
0.0,1.1,1,1,96426904.0,1,1,0,0,0,0,1,0,0,0,9,2,1.0,0
267476363.0,17560282.766667,3,2,267476363.0,0,3,0,1,0,1,1,1,0,1,16,5,100.0,1
0.0,59.8,2,2,5637745.0,1,2,0,0,0,1,1,1,0,0,7,3,100.0,0
23956886.0,3194251.466667,1,0,23956886.0,0,1,0,0,0,0,0,0,0,0,20,3,2395688.6,0
82430057.0,14704851.85,6,2,82430057.0,0,6,0,1,0,1,0,1,0,1,14,1,82430.057,1
4415.0,809.416667,2,1,4415.0,0,2,1,1,1,0,1,1,0,1,8,3,4.415,1
59.0,16.286873,1,0,59.0,0,1,1,1,0,1,1,0,0,1,5,2,0.059,0
57468255.0,633790.233333,4,1,57468255.0,0,4,0,0,0,0,1,1,0,0,23,7,1000.0,1
421493935.0,77273896.183333,1,0,421493935.0,0,1,1,1,0,1,0,0,0,1,15,1,421493.935,1
7065145.0,942019.333333,1,0,7065145.0,0,1,0,0,0,0,0,0,0,0,32,2,706514.5,0
0.0,1023.0,1,1,13693.0,1,1,0,0,0,0,1,0,0,0,7,2,20.0,1
395219.0,52695.866667,1,0,395219.0,0,1,0,0,0,0,1,0,0,0,17,5,10.0,1
28362.0,5233.2,2,1,28362.0,0,2,0,1,0,1,0,1,0,1,5,1,28.362,1
8588.0,1579.366667,1,0,8588.0,0,1,1,1,0,1,1,0,0,1,6,1,8.588,1
0.0,1688848089.5,5,5,307063289.0,1,5,0,0,0,1,1,1,0,0,11,3,100.0,1
107550364.0,183994.266667,5,4,107550364.0,0,5,0,1,0,1,1,1,0,1,18,4,100.0,1
13427358.0,1.397147,3,0,13427358.0,0,3,0,0,0,0,1,1,0,0,3,4,10.0,0
0.0,17.6,1,1,357163145.0,1,1,0,0,0,0,0,0,0,1,1,1,35716314.5,0
3106528.0,569530.133333,1,0,3106528.0,0,1,1,1,0,0,1,0,0,1,20,2,100.0,1
2801639.0,513634.816667,4,1,2801639.0,0,4,1,1,0,1,1,1,0,1,27,5,10.0,1
0.0,1.1,1,1,797698.0,1,1,0,0,0,0,1,0,0,0,4,1,1.0,0
0.0,1406.4,1,1,62151419.0,1,1,0,0,0,1,0,0,0,0,7,1,6215141.9,0
0.0,1.1,1,1,27938584.0,1,1,0,0,0,0,1,0,0,0,9,1,1.0,0
15376038.0,2497332.55,4,3,15376038.0,0,4,1,1,0,1,0,1,0,1,12,7,15376.038,1
0.0,1.1,1,1,2457.0,1,1,0,0,0,0,1,0,0,0,7,1,1.0,0
7714.0,1414.433333,4,2,7714.0,0,4,0,1,0,1,1,1,0,1,12,0,77.14,1
0.0,6.6,3,3,1862521.0,1,3,0,0,0,0,1,1,0,0,18,2,100.0,0
33756190.0,86572.933333,4,3,33756190.0,0,4,0,1,0,0,0,1,0,1,6,4,33756.19,1
0.0,29.7,1,1,6401594.0,1,1,0,0,0,0,0,0,0,1,1,2,640159.4,0
0.0,445676.0,1,1,405160.0,1,1,0,0,0,0,0,0,0,1,1,3,40516.0,0
0.0,1.2,1,1,9.0,1,1,0,0,0,0,0,0,0,0,4,2,0.9,0
4971677.0,0.259001,2,1,4971677.0,0,2,0,0,0,1,1,1,0,0,6,1,10.0,0
0.0,523.6,4,4,7101093.0,1,4,0,0,0,0,0,1,0,0,17,5,710109.3,0
126188420.6,23423922.426667,1,0,126083192.0,0,1,1,1,0,0,1,0,1,1,19,3,100.0,1
0.0,409.2,1,1,372.0,1,1,0,1,1,1,1,0,0,1,14,4,0.372,0
0.0,178.1,1,1,36241.0,1,1,0,0,0,1,1,0,0,0,4,1,10.0,0
240.0,269.5,1,1,279664.0,1,1,0,0,0,0,1,0,1,0,3,2,100.0,0
208549348.0,27791493.733333,2,1,208549348.0,0,2,0,0,0,1,1,1,0,0,5,4,10.0,1
801805.5,237957.6,1,0,768730.0,0,2,0,1,0,1,1,1,1,1,11,0,100.0,1
0.0,48723868.6,1,1,44294426.0,1,1,0,0,0,0,1,0,0,0,4,1,1.0,0
0.0,9.6,1,1,302871.0,1,1,0,0,0,1,1,0,0,0,10,2,100.0,0
65833103.0,10773926.946214,1,0,65833103.0,0,1,0,0,0,1,0,0,0,0,23,3,6583310.3,1
824764.0,151206.733333,1,0,824764.0,0,1,0,1,0,0,1,0,0,1,10,3,10.0,1
0.0,3911.6,1,1,129524.0,1,1,0,0,0,0,1,0,0,0,8,1,20.0,1
0.0,17463210.6,1,1,15875646.0,1,1,0,0,0,0,0,0,0,1,2,2,1587564.6,0
4332907.0,794366.283333,1,0,4332907.0,0,1,1,1,0,0,0,0,0,1,21,3,4332.907,1
0.0,2127.4,1,1,33992926.0,1,1,0,1,0,0,0,0,0,1,3,2,33992.926,0
0.0,172250779.8,6,6,26098603.0,1,6,1,1,0,1,0,1,0,1,10,4,26098.603,1
0.0,12588668.4,1,1,11444244.0,1,1,0,0,0,0,0,0,0,0,31,3,1144424.4,1
23043445.0,27677902.383333,1,0,1728477.0,0,2,1,1,0,1,0,1,1,1,7,1,1728.477,1
0.0,787.2,1,1,5594830.0,1,1,0,0,0,1,0,0,0,0,5,2,559483.0,0
135722492.0,24880247.283333,4,1,135722492.0,0,4,0,1,0,1,1,1,0,1,4,4,1000.0,1
0.0,4.4,2,2,13294624.0,1,2,0,0,0,0,0,1,0,0,9,3,1329462.4,0
1789.0,360.376981,3,0,1789.0,0,3,1,1,0,1,1,1,0,1,8,3,1.789,1
8987298.0,1649353.8,8,3,8987298.0,0,8,1,1,0,1,0,1,0,1,9,3,8987.298,1
94440278.0,3565850.933333,6,2,94440278.0,0,6,0,1,0,0,1,1,0,1,6,2,1000.0,1
256.0,34.133333,2,1,256.0,0,2,0,0,0,0,1,1,0,0,10,3,25.6,0
0.0,7142986.4,1,1,6493624.0,1,1,0,1,0,1,1,0,0,1,7,3,10.0,1
0.0,439.3,2,2,905909851.0,1,2,0,0,0,1,1,1,0,0,14,2,200.0,0
264107635.0,48419751.583333,1,0,264107635.0,0,1,0,1,0,1,0,0,0,1,7,2,264107.635,1
135498.0,18584.4,1,0,135498.0,0,1,0,0,0,1,1,0,0,0,11,4,100.0,1
866548.0,158870.333333,1,0,866548.0,0,1,0,0,0,1,1,0,0,1,16,3,10.0,1
511677356.0,93814026.466667,7,3,511677356.0,0,7,0,1,0,1,0,1,0,1,12,1,511677.356,1
5462.6,6092.46,1,1,11897.0,1,1,0,0,0,0,1,0,1,0,2,2,10.0,0
0.0,943230371.6,4,4,214370539.0,1,4,0,1,0,0,1,1,0,1,13,5,100.0,0
457342375.0,83850964.883333,3,2,457342375.0,0,3,0,1,0,1,0,1,0,1,18,7,457342.375,1
54365870.4,9998331.44,1,0,54354582.0,0,2,0,1,0,1,0,1,1,1,7,2,54354.582,1
256356.0,26766.366667,4,2,256356.0,0,4,0,1,0,1,0,1,0,1,21,5,256.356,1
24539577.0,4498932.45,5,3,24539577.0,0,5,1,1,0,1,1,1,0,1,27,5,100.0,1
68411.0,9121.466667,1,0,68411.0,0,1,0,0,0,0,1,0,0,0,5,1,100.0,1
17398586.0,3189740.766667,1,0,17398586.0,0,1,0,0,0,0,1,0,0,1,11,4,1000.0,1
0.0,2.2,2,2,760431630.0,1,2,0,1,0,0,1,1,0,1,5,5,200.0,0
0.0,0.831453,2,2,179450294.0,1,2,0,0,0,0,1,1,0,0,18,3,1.0,0
0.0,14590.4,1,1,13264.0,1,1,0,0,0,0,1,0,0,0,6,1,1.0,0
3905835.0,716069.75,1,0,3905835.0,0,1,0,1,0,0,1,0,0,1,5,4,1000.0,1
70754643.0,90171817.95,1,0,573320.0,0,1,1,1,0,1,1,0,1,1,11,4,100.0,1
209213558.1,38413679.91,1,0,209195597.0,0,2,0,1,0,1,1,1,1,1,8,3,100.0,1
0.0,11.0,2,2,45483106.0,1,2,0,0,0,0,1,1,0,0,7,2,100.0,0
2957925.0,492524.983333,4,2,2957925.0,0,4,1,1,0,1,1,1,0,1,11,2,1000.0,1
543.0,108.35,1,0,543.0,0,1,1,1,0,1,1,0,0,1,11,3,0.543,0
176397071.0,32339917.016667,8,2,176397071.0,0,8,1,1,0,1,0,1,0,1,10,4,176397.071,1
0.0,264.0,5,5,128451901.0,1,5,0,0,0,0,0,1,0,0,13,1,12845190.1,0
220090.0,29345.933333,1,0,220090.0,0,1,0,0,0,1,1,0,0,0,14,1,10.0,1
2230302.0,408888.7,1,0,2230302.0,0,1,0,1,0,0,1,0,0,1,10,0,1000.0,1
3960594.0,726145.0,1,0,3960594.0,0,1,0,1,0,1,1,0,0,1,13,5,100.0,1
0.0,1.2,1,1,37130338.0,1,1,0,0,0,1,0,0,0,0,7,2,3713033.8,0
0.0,2696.7,1,1,1468168.0,1,1,0,0,0,1,1,0,0,0,5,2,50.0,1
0.0,963.2,5,5,56514812.0,1,5,0,0,0,1,0,1,0,0,11,1,5651481.2,0
0.0,13061.4,1,1,2485311.0,1,1,0,0,0,0,0,0,0,1,1,1,248531.1,1
536962.0,98453.933333,1,0,536962.0,0,1,0,0,0,1,1,0,0,1,6,0,1000.0,1
6954.0,0.870619,1,0,6954.0,0,1,0,0,0,0,1,0,0,0,9,2,1.0,0
0.0,465729.0,1,1,423390.0,1,1,0,0,0,0,1,0,0,0,1,4,10.0,0
0.0,2163.7,1,1,88215.0,1,1,0,0,0,0,0,0,0,1,1,1,8821.5,1
2656.4,2927.54,1,1,26960093.0,1,1,0,0,0,0,1,0,1,0,4,2,10.0,0
215157056.0,39445919.666667,1,0,215157056.0,0,1,0,1,0,1,1,0,0,1,24,5,100.0,1
0.0,1.1,1,1,15597996.0,1,1,0,0,0,0,0,0,0,0,4,1,1559799.6,0
0.0,13907549.7,1,1,12643227.0,1,1,0,0,0,0,1,0,0,0,10,4,10.0,0
0.0,79.2,4,4,405234026.0,1,4,0,0,0,0,0,1,0,0,18,3,40523402.6,0
4923017.0,0.84821,3,0,4923017.0,0,3,0,0,0,0,0,1,0,0,3,1,492301.7,0
772856.0,141690.466667,1,0,772856.0,0,1,0,1,0,1,0,0,0,1,6,1,772.856,1
0.0,258.5,1,1,268784.0,1,1,0,0,0,0,1,0,0,0,5,1,20.0,0
4750590.0,633412.4,1,0,4750590.0,0,1,0,0,0,1,1,0,0,0,11,2,1000.0,1
0.0,141967559.8,1,1,129061418.0,1,1,0,0,0,0,0,0,0,1,1,2,12906141.8,0
0.0,237.6,4,4,59628388.0,1,4,0,0,0,0,0,1,0,0,12,2,5962838.8,0
1379.0,283.389208,4,1,1379.0,0,4,0,1,0,1,1,1,0,1,11,3,1.379,1
0.0,1.1,1,1,155244925.0,1,1,0,0,0,0,1,0,0,0,8,1,1.0,0
6371289.0,6947814.05,1,0,1116979.0,0,2,0,1,0,1,0,1,1,1,13,2,1116.979,1
2434930.0,324412.8,5,2,2434930.0,0,5,0,0,0,1,1,1,0,0,17,1,10.0,1
0.0,2082.8,3,3,329710225.0,1,3,0,0,0,1,0,1,0,0,8,4,32971022.5,0
661851.0,121339.45,1,0,661851.0,0,1,0,1,0,1,0,0,0,1,6,1,661.851,1
0.0,0.673877,1,1,1001.0,1,1,0,0,0,1,1,0,0,0,16,1,10.0,0
3665129.0,671942.316667,4,0,3665129.0,0,4,0,1,0,1,1,1,0,1,16,2,20.0,1
0.0,399.6,1,1,2356461.0,1,1,0,0,0,1,0,0,0,0,12,1,235646.1,0
0.0,49107742.2,3,3,14881134.0,1,3,0,0,0,1,0,1,0,0,20,2,1488113.4,0
0.0,3849590.8,1,1,3499628.0,1,1,0,0,0,1,1,0,0,0,10,4,10.0,0
0.0,193.548936,1,1,1100.0,1,1,0,0,0,1,0,0,0,0,6,1,110.0,0
0.0,19.2,1,1,61465.0,1,1,0,0,0,1,1,0,0,0,12,4,20.0,0
46097814.0,57897402.8,1,0,1146816.0,0,2,0,1,0,1,0,1,1,1,18,4,1146.816,1
0.0,4427.0,1,1,265489.0,1,1,0,0,0,1,1,0,0,0,13,3,50.0,1
0.0,3.3,1,1,93853720.0,1,1,0,0,0,0,0,0,0,1,4,1,9385372.0,0
472953.0,63162.4,1,0,472953.0,0,1,0,0,0,1,0,0,0,0,1,5,47295.3,1
0.0,444.4,1,1,55710.0,1,1,0,0,0,0,0,0,0,1,1,1,5571.0,0
101280.8,112127.18,1,1,10835785.0,1,1,0,0,0,0,1,0,1,0,5,2,100.0,0
274391301.0,50305071.85,1,0,274391301.0,0,1,0,1,1,0,1,0,0,1,22,5,100.0,1
0.0,1.1,1,1,7606053.0,1,1,0,0,0,0,1,0,0,0,12,3,20.0,0
0.0,843625.2,2,2,383466.0,1,2,0,0,0,1,1,1,0,0,17,4,1000.0,1
14319808.0,2625569.633333,1,0,14319808.0,0,1,0,1,0,1,1,0,0,1,19,1,10.0,1
0.0,1.1,1,1,16128473.0,1,1,0,0,0,0,1,0,0,0,9,1,1.0,0
313575770.0,57488894.866667,1,0,313575770.0,0,1,0,1,0,1,0,0,0,1,20,3,313575.77,1
143234392.0,26259639.033333,6,2,143234392.0,0,6,0,1,0,1,1,1,0,1,25,6,10.0,1
2321.0,425.516667,2,1,2321.0,0,2,1,1,1,0,0,1,0,1,13,0,23.21,0
0.0,2.2,1,1,174973.0,1,1,0,0,0,0,0,0,0,1,2,1,17497.3,0
22254.0,0.336505,2,1,22254.0,0,2,0,0,0,1,1,1,0,0,18,1,10.0,0
0.0,247545655.5,3,3,75013835.0,1,3,1,1,0,1,1,1,0,1,17,6,100.0,1
114847848.0,21055438.8,1,0,114847848.0,0,1,0,1,1,0,1,0,0,1,18,0,100.0,1
3874551.0,715103.25,1,0,3874551.0,0,1,0,1,0,1,0,0,0,1,18,0,38745.51,1
0.0,1.1,1,1,1761.0,1,1,0,0,0,0,1,0,0,0,10,1,1.0,0
218801518.0,9827621.366667,5,2,218801518.0,0,5,0,0,0,1,0,1,0,0,13,6,21880151.8,1
20040.8,22052.58,1,1,29873.0,1,1,0,0,0,0,1,0,1,0,3,3,10.0,0
0.0,13.2,1,1,24066456.0,1,1,0,0,0,0,0,0,0,1,2,2,2406645.6,0
0.0,20.8,1,1,62396876.0,1,1,0,0,0,1,1,0,0,0,10,2,10.0,0
811049.7,985492.77,1,0,506767.0,0,2,0,1,0,1,0,1,1,1,19,5,506.767,1
0.0,4.4,1,1,7130333.0,1,1,0,0,0,0,1,0,0,0,9,3,20.0,0
0.0,67.1,1,1,76811.0,1,1,0,0,0,0,0,0,0,1,3,3,7681.1,0
72314.0,13404.366667,1,0,72314.0,0,1,0,0,0,1,0,0,0,1,14,4,7231.4,1
0.0,9.6,1,1,84045333.0,1,1,0,0,0,1,1,0,0,0,5,4,200.0,0
0.0,61298299.7,1,1,55725727.0,1,1,0,0,0,0,0,0,0,1,3,2,5572572.7,0
0.0,1.1,1,1,85344.0,1,1,0,0,0,0,1,0,0,0,8,2,1.0,0
0.0,20452281.3,3,3,6197661.0,1,3,0,0,0,1,1,1,0,0,7,5,20.0,0
0.0,360676272.0,5,5,65577504.0,1,5,0,1,0,0,1,1,0,1,5,2,10.0,1
0.0,81154161.0,6,6,12296085.0,1,6,1,1,0,0,0,1,0,1,8,6,12296.085,1
53149803.0,8446914.393598,1,0,53149803.0,0,1,0,0,0,1,0,0,0,0,12,4,5314980.3,1
307096091.0,56300950.516667,4,2,307096091.0,0,4,0,1,0,1,0,1,0,1,10,5,307096.091,1
5394745.0,0.114117,2,1,5394745.0,0,2,0,0,0,0,1,1,0,0,5,4,1.0,0
121496768.0,22274407.766667,1,0,121496768.0,0,1,0,1,0,1,1,0,0,1,5,5,100.0,1
0.0,2.2,1,1,123954354.0,1,1,0,0,0,0,1,0,0,0,6,1,100.0,0
2593.5,2857.25,1,1,13934.0,1,1,0,0,0,0,0,0,1,0,9,2,1393.4,0
855286.0,156937.933333,1,0,855286.0,0,1,0,1,0,1,0,0,0,1,2,5,855.286,1
11506286.0,16680.35,2,1,11506286.0,0,2,0,1,0,1,1,1,0,1,18,4,10.0,1
317981.0,58296.616667,1,0,317981.0,0,1,0,1,0,1,1,0,0,1,4,4,10.0,1
0.0,19.2,1,1,2890281.0,1,1,0,0,0,1,1,0,0,0,2,2,50.0,0
0.0,7.2,1,1,1581302.0,1,1,0,0,0,1,1,0,0,0,14,1,10.0,0
6902370.0,1265435.4,1,0,6902370.0,0,1,0,1,0,1,0,0,0,1,21,1,6902.37,1
0.0,974.4,4,4,66562003.0,1,4,0,0,0,1,1,1,0,0,18,3,20.0,0
0.0,13.464955,2,2,53.0,1,2,0,1,0,1,0,1,0,1,5,3,0.053,0
0.0,1.1,1,1,11733307.0,1,1,0,0,0,0,0,0,0,0,8,1,1173330.7,0
8564.0,1591.666667,2,1,8564.0,0,2,1,1,0,1,0,1,0,1,7,4,8.564,1
0.0,1.1,1,1,47695.0,1,1,0,0,0,0,1,0,0,0,13,4,20.0,0
0.0,1268.3,1,1,183410169.0,1,1,0,1,0,0,0,0,0,1,1,1,183410.169,0
11659891.0,2378540.883333,1,0,11441032.0,0,2,1,1,0,1,0,1,1,1,9,5,11441.032,1
182982084.5,33614985.616667,1,0,182957259.0,0,2,1,1,0,0,0,1,1,1,6,2,182957.259,1
513872.0,68516.266667,1,0,513872.0,0,1,0,0,0,0,0,0,0,0,3,3,51387.2,1
0.0,117286019.4,3,3,35541218.0,1,3,0,0,0,1,0,1,0,0,15,2,3554121.8,1
8399748.0,0.857004,2,1,8399748.0,0,2,0,0,0,0,1,1,0,0,18,4,1.0,0
0.0,647.9,1,1,2965357.0,1,1,0,0,0,0,0,0,0,1,1,3,296535.7,0
0.0,1610.4,3,3,588311345.0,1,3,0,0,0,0,1,1,0,0,12,3,10.0,0
0.0,16.1,2,2,9674023.0,1,2,0,0,0,1,1,1,0,0,4,5,20.0,0
217.7,1316.37,1,1,1100883.0,1,1,0,0,0,0,0,0,1,0,5,3,110088.3,1
1510850.0,201446.666667,1,0,1510850.0,0,1,0,0,0,0,0,0,0,0,7,5,151085.0,1
2370.0,316.0,4,1,2370.0,0,4,0,0,0,0,1,1,0,0,12,1,10.0,0
3082.0,565.033333,4,2,3082.0,0,4,0,1,0,0,1,1,0,1,10,2,3.082,0
44051321.0,8076075.916667,1,0,44051321.0,0,1,1,1,0,1,0,0,0,1,4,2,44051.321,1
197.0,39.816667,1,0,197.0,0,1,1,1,0,1,0,0,0,1,10,1,0.197,0
0.0,1033212.4,1,1,939284.0,1,1,0,0,0,1,1,0,0,0,12,3,10.0,0
0.0,40.7,1,1,237875705.0,1,1,0,0,0,0,1,0,0,0,3,2,200.0,0
0.0,4049848.0,1,1,3681680.0,1,1,0,0,0,0,0,0,0,0,19,1,368168.0,0
5226851.7,1531759.37,1,0,4866747.0,0,1,1,0,0,1,0,0,1,0,13,3,486674.7,1
294946742.0,1.721191,3,2,294946742.0,0,3,0,0,0,0,1,1,0,0,17,2,10.0,0
9902396.0,1815566.666667,4,0,9902396.0,0,4,0,1,0,1,0,1,0,1,16,5,9902.396,1
126684612.0,16891281.6,1,0,126684612.0,0,1,0,0,0,0,0,0,0,0,22,2,12668461.2,1
44278925.0,8117802.916667,8,4,44278925.0,0,8,0,1,0,0,1,1,0,1,13,6,100.0,1
2828881.0,519423.283333,1,0,2828881.0,0,1,0,1,0,1,1,0,0,1,6,3,100.0,1
0.0,782445912.6,2,2,355657233.0,1,2,0,0,0,0,1,1,0,0,4,3,50.0,0
0.0,913.0,2,2,415.0,1,2,0,0,0,1,0,1,0,0,5,2,41.5,0
0.0,13.5,4,4,1014533769.0,1,4,0,1,0,1,1,1,0,1,3,5,50.0,0
14195773.0,2602558.383333,1,0,14195773.0,0,1,1,1,0,0,0,0,0,1,23,4,14195.773,1
0.0,1.2,1,1,44200.0,1,1,0,0,0,1,1,0,0,0,13,1,10.0,0
55955557.4,11514582.456667,1,0,55498807.0,0,2,1,1,0,0,0,1,1,1,19,1,55498.807,1
12440.0,2280.666667,3,1,12440.0,0,3,0,1,0,0,1,1,0,1,8,1,10.0,1
410468275.0,75252799.683333,4,1,410468275.0,0,4,0,1,0,1,0,1,0,1,4,5,410468.275,1
28626740.0,5248235.666667,7,3,28626740.0,0,7,0,1,0,0,1,1,0,1,30,4,100.0,1
0.0,369.0,4,4,1941187010.0,1,4,0,1,0,1,1,1,0,1,9,1,10.0,0
0.0,1434.5,5,5,206890200.0,1,5,0,0,0,1,1,1,0,0,4,5,100.0,0
0.0,425.8,2,2,2447369.0,1,2,0,0,0,1,1,1,0,0,14,2,100.0,0
0.0,1.1,1,1,108552.0,1,1,0,0,0,0,0,0,0,0,7,2,10855.2,0
0.0,63.8,2,2,265181.0,1,2,0,0,0,0,1,1,0,0,11,5,100.0,0
0.0,15.6,1,1,3640143.0,1,1,0,0,0,1,0,0,0,0,2,2,364014.3,0
148251848.0,27179511.866667,4,1,148251848.0,0,4,1,1,0,1,0,1,0,1,26,4,148251.848,1
0.0,178368492.5,1,1,162153175.0,1,1,0,0,0,0,1,0,0,0,11,1,1.0,0
11039010.0,1985909.566667,5,2,11039010.0,0,5,0,1,0,0,1,1,0,1,6,1,10.0,1
28080672.0,1694950.95,4,3,28080672.0,0,4,0,1,0,0,1,1,0,1,18,7,100.0,1
0.0,2.471016,1,1,14986.0,1,1,0,0,0,1,0,0,0,0,12,3,1498.6,0
0.0,416.9,1,1,7147162.0,1,1,0,0,0,0,0,0,0,1,3,2,714716.2,0
0.0,416.9,1,1,714426.0,1,1,0,1,0,0,0,0,0,1,4,1,714.426,0
48089928.0,8817112.3,1,0,48089928.0,0,1,1,1,1,1,0,0,0,1,10,5,48089.928,1
0.0,5.5,5,5,2605768.0,1,5,0,0,0,0,0,1,0,0,5,4,260576.8,0
1547502.0,283708.7,1,0,1547502.0,0,1,0,1,0,0,1,0,0,1,9,5,1000.0,1
2190407.0,401888.616667,5,2,2190407.0,0,5,0,1,0,1,0,1,0,1,6,6,2190.407,1
0.0,432.9,1,1,10839089.0,1,1,0,0,0,1,1,0,0,0,5,4,50.0,0
227131039.0,42274760.783333,1,0,226554614.0,0,1,0,1,0,1,0,0,1,1,20,1,226554.614,1
1971380.0,353814.4,2,1,1971380.0,0,2,1,1,0,1,0,1,0,1,13,1,1971.38,1
175582360.0,30879494.399417,1,0,175582360.0,0,1,0,0,0,1,0,0,0,0,30,0,175582360.0,1
162023994.0,21603199.2,1,0,162023994.0,0,1,0,0,0,0,0,0,0,0,35,4,16202399.4,0
75195.0,2.005081,2,0,75195.0,0,2,0,0,0,0,1,1,0,0,1,3,10.0,0
884629.0,8751.733333,2,1,884629.0,0,2,0,0,0,1,0,1,0,0,19,7,88462.9,1
872.3,465473.03,1,1,422285.0,1,1,0,0,0,0,1,0,1,0,2,2,100.0,0
0.0,1.1,1,1,286596.0,1,1,0,0,0,0,1,0,0,0,12,1,1.0,0
0.0,16.1,2,2,21615177.0,1,2,0,0,0,1,1,1,0,0,15,4,100.0,0
1232276.3,1850137.346667,1,0,641654.0,0,1,0,1,0,1,0,0,1,1,20,3,641.654,1
0.0,1.1,1,1,96837287.0,1,1,0,0,0,0,1,0,0,0,2,1,1.0,0
0.0,78.0,1,1,2796812.0,1,1,0,0,0,1,1,0,0,0,12,4,100.0,0
0.0,1.1,1,1,6062.0,1,1,0,0,0,0,1,0,0,0,10,1,1.0,0
857332.0,157177.533333,1,0,857332.0,0,1,0,1,0,0,1,0,0,1,21,1,100.0,1
0.0,11.0,1,1,495878.0,1,1,0,0,0,0,0,0,0,1,4,2,49587.8,0
0.0,1496.0,5,5,12161873.0,1,5,0,0,0,0,0,1,0,0,9,5,1216187.3,0
3726216.0,683139.6,1,0,3726216.0,0,1,0,1,0,0,1,0,0,1,4,1,10.0,1
123115.0,22580.783333,1,0,123115.0,0,1,0,1,0,1,1,0,0,1,19,0,10.0,1
10631185.0,1417491.333333,1,0,10631185.0,0,1,0,0,0,0,0,0,0,0,36,1,1063118.5,0
0.0,2126422.1,1,1,1933111.0,1,1,0,0,0,1,0,0,0,0,4,4,193311.1,1
0.0,337766216.7,3,3,102353399.0,1,3,0,0,0,1,1,1,0,0,21,2,10.0,1
8616013.0,340.333333,3,2,8616013.0,0,3,0,0,0,0,1,1,0,0,5,5,10.0,0
0.0,1118.7,3,3,339.0,1,3,0,0,0,0,1,1,0,0,6,2,33.9,0
20857709.0,2787263.5,2,1,20857709.0,0,2,0,0,0,1,1,1,0,0,3,1,10.0,1
1181.0,242.215505,3,1,1181.0,0,3,0,0,0,1,1,1,0,0,6,1,10.0,0
23658924.0,0.668012,3,1,23658924.0,0,3,0,0,0,1,0,1,0,0,20,2,2365892.4,0
0.0,16.8,5,5,10465771.0,1,5,0,0,0,1,1,1,0,0,3,2,100.0,0
0.0,2.4,1,1,965386.0,1,1,0,0,0,1,1,0,0,0,9,3,10.0,0
1306.0,239.433333,4,0,1306.0,0,4,1,1,0,0,1,1,0,1,3,3,1.306,0
0.0,267073961.0,5,5,48558902.0,1,5,0,1,0,1,0,1,0,1,25,1,48558.902,1
10031.0,12414.6,1,1,875600.0,1,1,0,0,0,0,1,0,1,0,6,2,100.0,1
67548011.2,12479539.703333,1,0,67513201.0,0,1,1,1,0,1,1,0,1,1,18,5,100.0,1
664761.6,172595.96,1,0,648500.0,0,2,1,1,0,1,0,1,1,1,19,0,6485.0,1
0.0,401032876.2,3,3,121525114.0,1,3,0,1,0,1,1,1,0,1,25,8,100.0,1
0.0,7220085474.8,4,4,1640928517.0,1,4,0,1,0,0,0,1,0,1,7,1,1640928.517,0
468.9,816.09,1,1,17109.0,1,1,0,0,0,0,1,0,1,0,9,3,100.0,0
0.0,43.8,1,1,43584.0,1,1,0,0,0,1,1,0,0,0,15,4,20.0,0
0.0,11938594.8,1,1,10853268.0,1,1,0,1,0,0,1,0,0,1,24,5,100.0,1
682241508.0,125077611.3,1,0,682241508.0,0,1,0,1,0,1,1,0,0,1,22,4,10.0,1
6932643.0,1270985.35,6,1,6932643.0,0,6,1,1,0,1,1,1,0,1,9,4,10.0,1
0.0,13.2,1,1,15437.0,1,1,0,0,0,1,1,0,0,0,11,3,100.0,0
0.0,45137.4,2,2,20517.0,1,2,1,1,0,1,1,1,0,1,9,3,20.517,1
0.0,126.0,4,4,2007256.0,1,4,0,0,0,1,1,1,0,0,9,4,100.0,0
86872781.0,15926677.516667,8,3,86872781.0,0,8,0,1,0,1,1,1,0,1,23,7,10.0,1
0.0,21.6,1,1,14462140.0,1,1,0,0,0,1,1,0,0,0,5,2,100.0,0
0.0,128551.5,1,1,116865.0,1,1,0,0,0,0,1,0,0,0,2,1,1.0,0
0.0,670847619.2,4,4,152465368.0,1,4,0,0,0,1,1,1,0,0,12,1,10.0,1
0.0,244.8,3,3,14177751.0,1,3,0,0,0,1,1,1,0,0,13,4,100.0,0
4935.9,5463.59,1,1,9713870.0,1,1,0,0,0,0,1,0,1,0,2,2,10.0,0
0.0,6.6,3,3,9151857.0,1,3,0,0,0,0,0,1,0,0,9,4,915185.7,0
122837.0,31512.433333,6,2,122837.0,0,6,0,1,0,0,1,1,0,1,24,3,122.837,1
1460.0,235.257909,2,0,1460.0,0,2,0,0,0,1,0,1,0,0,6,1,146.0,0
0.0,45654.4,2,2,20752.0,1,2,0,1,0,1,1,1,0,1,5,2,20.752,1
81187210.0,0.314833,2,1,81187210.0,0,2,0,0,0,0,0,1,0,0,8,2,8118721.0,0
7709237.6,1792964.676667,1,0,7571301.0,0,2,0,1,0,1,0,1,1,1,7,5,7571.301,1
0.0,6.6,2,2,629562883.0,1,2,0,1,0,0,1,1,0,1,10,1,200.0,0
5698399.0,1045214.383333,1,0,5698399.0,0,1,0,1,0,1,1,0,0,1,20,1,100.0,1
2249064.0,412391.3,5,1,2249064.0,0,5,0,1,0,1,0,1,0,1,25,6,2249.064,1
52402.6,147754197.36,1,1,134269595.0,1,1,1,1,0,1,1,0,1,1,8,4,100.0,1
0.0,2234425.6,1,1,2031296.0,1,1,0,0,0,1,1,0,0,0,16,4,100.0,1
66410724.0,12175299.4,1,0,66410724.0,0,1,0,1,0,0,1,0,0,1,13,5,10.0,1
0.0,1.859842,1,1,5506.0,1,1,0,0,0,0,1,0,0,0,5,1,1.0,0
4474259.0,636311.242509,1,0,4474259.0,0,1,0,0,0,1,0,0,0,0,16,0,4474259.0,1
0.0,4.6,2,2,13049676.0,1,2,0,0,0,1,0,1,0,0,14,5,1304967.6,0
12234.0,26914.8,2,0,12234.0,0,2,1,1,0,1,1,1,0,1,9,0,10.0,1
0.0,4310087863.400001,2,2,1959130847.0,1,2,0,0,0,1,1,1,0,0,18,2,10.0,0
188185952.0,25091460.266667,1,0,188185952.0,0,1,0,0,0,0,0,0,0,0,14,0,188185952.0,1
0.0,18043146.0,5,5,3280572.0,1,5,0,0,0,1,1,1,0,0,7,1,100.0,0
5012673.0,919009.15,5,1,5012673.0,0,5,1,1,0,1,0,1,0,1,23,7,5012.673,1
5220979.0,923857.032637,1,0,5220979.0,0,1,0,0,0,1,0,0,0,0,37,2,522097.9,1
0.0,2056057439.7,3,3,623047709.0,1,3,0,0,0,1,1,1,0,0,8,4,50.0,0
0.0,133.2,1,1,813311151.0,1,1,0,0,0,1,0,0,0,0,7,2,81331115.1,0
0.0,2762.6,3,3,439272002.0,1,3,0,0,0,1,1,1,0,0,15,2,200.0,0
3.0,0.4,1,0,3.0,0,1,0,0,0,0,1,0,0,0,2,2,0.3,0
20719448.0,3798565.466667,2,0,20719448.0,0,2,0,1,0,0,0,1,0,1,10,4,20719.448,1
651695037.0,89085727.665893,1,0,651695037.0,0,1,0,0,0,1,0,0,0,0,16,3,65169503.7,1
11734187.0,2151268.616667,5,1,11734187.0,0,5,0,1,0,1,1,1,0,1,14,6,10.0,1
17962.7,19760.07,1,1,1084908.0,1,1,0,0,0,0,1,0,1,0,10,2,10.0,0
3958773.0,725775.05,1,0,3958773.0,0,1,1,1,1,0,0,0,0,1,6,2,3958.773,1
0.0,13720252.7,1,1,12472957.0,1,1,0,0,0,1,1,0,0,0,16,2,10.0,1
0.0,65737962.4,4,4,14940446.0,1,4,0,1,0,1,1,1,0,1,28,8,10.0,1
0.0,550.0,4,4,17204945.0,1,4,0,0,0,0,1,1,0,0,19,4,100.0,0
5241983.0,2830.85,3,1,5241983.0,0,3,0,1,0,0,1,1,0,1,3,6,10.0,0
259888.0,0.234171,3,2,259888.0,0,3,0,0,0,1,1,1,0,0,19,4,10.0,0
0.0,128.7,1,1,455305642.0,1,1,0,0,0,0,1,0,0,0,16,1,200.0,0
41920507.0,7685487.283333,1,0,41920507.0,0,1,0,1,1,1,1,0,0,1,11,1,10.0,1
0.0,188.1,1,1,170156367.0,1,1,0,0,0,0,0,0,0,1,2,1,17015636.7,0
125312431.0,16708324.133333,1,0,125312431.0,0,1,0,0,0,0,0,0,0,0,15,4,12531243.1,0
0.0,5010.5,1,1,174527.0,1,1,0,1,0,0,0,0,0,1,1,3,174.527,1
0.0,1936158818.0,5,5,352028876.0,1,5,1,1,0,0,1,1,0,1,21,4,100.0,0
0.0,9.9,1,1,1021861.0,1,1,0,0,0,0,1,0,0,0,6,3,100.0,0
595014.0,109229.2,1,0,595014.0,0,1,0,1,0,1,1,0,0,1,12,1,10.0,1
379182.0,2016.95,3,2,379182.0,0,3,0,1,0,1,0,1,0,1,14,6,379.182,1
0.0,39.6,4,4,10408653.0,1,4,0,0,0,0,0,1,0,0,17,2,1040865.3,0
0.0,1144264.0,4,4,260060.0,1,4,0,1,0,0,1,1,0,1,15,1,100.0,1
0.0,531.0,4,4,1215710.0,1,4,0,0,0,1,0,1,0,0,10,3,121571.0,0
867509921.0,159043495.316667,1,0,867509921.0,0,1,0,1,0,1,1,0,0,1,19,1,100.0,1
60760.0,8101.333333,1,0,60760.0,0,1,0,0,0,0,1,0,0,0,8,0,1000.0,1
71012272.0,9468302.933333,1,0,71012272.0,0,1,0,0,0,0,0,0,0,0,14,2,7101227.2,0
0.0,92.4,4,4,90891051.0,1,4,0,0,0,0,0,1,0,0,5,5,9089105.1,0
0.0,1.1,1,1,23857.0,1,1,0,0,0,0,1,0,0,0,4,2,1.0,0
23.0,3.415861,2,1,23.0,0,2,0,0,0,1,1,1,0,0,9,1,2.3,0
107654.0,19762.366667,2,0,107654.0,0,2,0,1,0,1,1,1,0,1,12,6,107.654,1
0.0,619.3,1,1,220333.0,1,1,0,0,0,0,0,0,0,1,3,1,22033.3,1
24633214.0,4516091.133333,1,0,24633214.0,0,1,0,1,0,1,0,0,0,1,12,5,24633.214,1
11522753.0,2112504.716667,1,0,11522753.0,0,1,1,1,0,0,0,0,0,1,4,3,11522.753,1
0.0,14.3,1,1,130361.0,1,1,0,0,0,0,0,0,0,1,4,2,13036.1,0
4267236.0,782326.6,5,3,4267236.0,0,5,0,1,0,0,1,1,0,1,16,8,10.0,1
0.0,1.1,1,1,51135121.0,1,1,0,0,0,0,0,0,0,0,8,2,5113512.1,0
0.0,491.7,3,3,14668035.0,1,3,0,0,0,0,0,1,0,0,11,1,1466803.5,0
0.0,63380050.8,4,4,14404557.0,1,4,0,1,0,0,0,1,0,1,22,6,14404.557,1
0.0,1.1,1,1,273594840.0,1,1,0,0,0,0,1,0,0,0,9,1,1.0,0
0.0,2558.0,4,4,1079161295.0,1,4,0,0,0,1,1,1,0,0,18,1,50.0,0
480.0,95.053428,3,1,480.0,0,3,0,0,0,1,1,1,0,0,1,1,48.0,0
0.0,5485042.2,1,1,4986402.0,1,1,0,0,0,0,1,0,0,1,12,4,100.0,1
0.0,28.6,1,1,27454.0,1,1,0,0,0,0,0,0,0,0,15,2,2745.4,0
0.0,9.6,1,1,5512143.0,1,1,0,0,0,1,1,0,0,0,9,4,50.0,0
1100.0,217.111149,3,2,1100.0,0,3,1,1,0,1,0,1,0,1,12,2,1.1,0
2575728.0,343430.4,1,0,2575728.0,0,1,0,0,0,0,0,0,0,0,37,0,2575728.0,1
31155869.0,5109397.355014,1,0,31155869.0,0,1,0,0,0,1,0,0,0,0,15,4,3115586.9,1
0.0,2243287589.4,6,6,339892059.0,1,6,0,0,0,1,1,1,0,0,14,5,10.0,1
0.0,3220.65,2,2,17379.0,1,2,0,1,0,1,1,1,0,1,4,4,10.0,1
1327.0,176.933333,3,1,1327.0,0,3,0,0,0,0,1,1,0,0,8,1,100.0,0
0.0,1.1,1,1,539426.0,1,1,0,0,0,0,1,0,0,0,5,1,1.0,0
190603.0,25629.233333,1,0,190603.0,0,1,0,0,0,1,1,0,0,0,4,4,1000.0,1
19.0,3.483333,1,0,19.0,0,1,0,1,0,0,0,0,0,1,8,1,0.019,0
0.0,680026045.6,2,2,309102748.0,1,2,0,0,0,1,1,1,0,0,5,2,50.0,0
2907679.0,387690.533333,1,0,2907679.0,0,1,0,0,0,0,1,0,0,0,10,0,1000.0,1
0.0,9.9,1,1,3918317.0,1,1,0,0,0,0,0,0,0,1,4,1,391831.7,0
0.0,991.0,2,2,5400.0,1,2,1,1,1,1,1,1,0,1,15,1,5.4,1
2235886.0,1875562.133333,1,0,904367.0,0,2,0,1,0,1,0,1,1,1,5,4,904.367,1
0.0,95.7,1,1,456.0,1,1,1,1,0,1,1,0,0,1,7,4,0.456,0
0.0,104294.3,1,1,94813.0,1,1,0,0,0,1,0,0,0,0,3,3,9481.3,0
252769978.0,22601.1,6,5,252769978.0,0,6,0,0,0,1,1,1,0,0,5,7,100.0,0
0.0,4880466.8,1,1,4436788.0,1,1,0,0,0,1,1,0,0,0,3,3,20.0,0
14349698.0,2630788.066667,1,0,14349698.0,0,1,0,1,1,1,0,0,0,1,15,2,14349.698,1
23476.0,4304.033333,3,1,23476.0,0,3,0,1,1,1,0,1,0,1,11,1,23.476,1
0.0,86601.9,3,3,26243.0,1,3,0,1,0,1,1,1,0,1,18,7,26.243,1
1013174.0,135178.533333,2,1,1013174.0,0,2,0,0,0,1,1,1,0,0,15,3,1000.0,1
20496.1,22551.21,1,1,47346.0,1,1,0,0,0,0,1,0,1,0,7,3,10.0,0
0.0,299.2,4,4,78711851.0,1,4,0,0,0,0,0,1,0,0,14,4,7871185.1,0
0.0,4.874823,1,1,23.0,1,1,0,0,0,1,1,0,0,0,6,0,10.0,0
874.0,116.533333,4,0,874.0,0,4,0,0,0,0,1,1,0,0,4,0,100.0,0
33109942.0,6070158.033333,3,0,33109942.0,0,3,0,1,0,1,1,1,0,1,19,2,20.0,1
256410940.0,962483.65,6,5,256410940.0,0,6,0,1,0,1,1,1,0,1,10,1,10.0,1
0.0,32.866667,1,1,116.0,1,1,1,1,0,1,1,0,0,1,12,2,0.116,0
6590204.0,1208205.066667,6,0,6590204.0,0,6,0,1,0,1,1,1,0,1,22,4,10.0,1
417563.0,2.484283,3,2,417563.0,0,3,0,0,0,0,0,1,0,0,9,3,41756.3,0
0.0,1.1,1,1,6511.0,1,1,0,0,0,0,1,0,0,0,7,1,1.0,0
586.1,797.61,1,1,102980.0,1,1,0,0,0,0,0,0,1,0,8,1,10298.0,0
0.0,4.8,1,1,1699195.0,1,1,0,0,0,1,1,0,0,0,4,4,50.0,0
284.0,40.970288,2,0,284.0,0,2,0,0,0,1,0,1,0,0,5,0,284.0,0
14235.6,15661.36,1,1,227944.0,1,1,0,0,0,0,1,0,1,0,5,2,10.0,0
0.0,7.2,1,1,202681.0,1,1,0,0,0,1,0,0,0,0,15,2,20268.1,0
102965881.0,18881247.983333,1,0,102965881.0,0,1,0,1,0,1,1,0,0,1,9,0,10.0,1
0.0,521.2,1,1,1029159.0,1,1,0,0,0,1,1,0,0,0,2,2,20.0,0
0.0,59.3,1,1,681193.0,1,1,0,0,0,1,1,0,0,0,13,2,10.0,0
4404329.0,807508.716667,7,0,4404329.0,0,7,0,1,0,1,0,1,0,1,22,8,4404.329,1
0.0,4594.5,1,1,8412261.0,1,1,0,0,0,1,1,0,0,0,11,1,20.0,0
0.0,1.1,1,1,22461.0,1,1,0,0,0,0,0,0,0,0,3,1,2246.1,0
59552554.4,14843971.156667,1,0,58124917.0,0,2,0,1,0,0,0,1,1,1,15,5,58124.917,1
0.0,158.4,1,1,49335.0,1,1,0,0,0,0,0,0,0,1,3,1,4933.5,0
0.0,1.1,1,1,486572.0,1,1,0,0,0,0,1,0,0,0,9,2,1.0,0
191.4,269.94,1,1,18798403.0,1,1,0,0,0,0,1,0,1,0,10,3,10.0,0
0.0,1097.8,1,1,54399915.0,1,1,0,0,0,0,0,0,0,1,1,2,5439991.5,0
951304.0,174405.733333,1,0,951304.0,0,1,0,1,0,0,1,0,0,1,5,0,10.0,1
0.0,9.6,1,1,676149.0,1,1,0,0,0,1,1,0,0,0,15,1,10.0,0
1129254.0,150573.7,1,0,1129254.0,0,1,0,0,0,1,1,0,0,0,17,2,1000.0,1
1140.0,3430.9,1,1,17696726.0,1,1,0,0,0,0,0,0,1,0,4,3,1769672.6,0
0.0,580.8,1,1,120782216.0,1,1,0,0,0,1,1,0,0,0,11,5,10.0,0
4025325.0,737977.55,1,0,4025325.0,0,1,0,0,0,1,0,0,0,1,19,3,402532.5,1
1114.1,1236.51,1,1,90145.0,1,1,0,0,0,0,1,0,1,0,3,2,10.0,0
0.0,392.5,5,5,39507312.0,1,5,0,0,0,1,1,1,0,0,20,5,20.0,0
0.0,2254839.4,1,1,2049854.0,1,1,0,1,0,1,1,0,0,1,16,1,10.0,1
0.0,993.3,3,3,1051978.0,1,3,0,0,0,0,1,1,0,0,14,2,100.0,0
0.0,2569.6,1,1,87596769.0,1,1,0,0,0,0,0,0,0,1,4,1,8759676.9,0
317618418.0,58230045.3,7,3,317618418.0,0,7,1,1,0,1,1,1,0,1,9,2,20.0,1
7808866.0,1431625.433333,1,0,7808866.0,0,1,0,1,0,0,0,0,0,1,4,4,7808.866,1
12887090.0,2362633.166667,1,0,12887090.0,0,1,0,1,0,0,1,0,0,1,20,4,100.0,1
221117948.0,40806703.666667,1,0,220873936.0,0,2,0,1,0,0,0,1,1,1,20,2,220873.936,1
0.0,2.4,1,1,189628714.0,1,1,0,0,0,1,1,0,0,0,2,2,100.0,0
0.0,2227003614.0,4,4,506137185.0,1,4,1,1,0,1,1,1,0,1,25,5,20.0,1
0.0,1.1,1,1,7908.0,1,1,0,0,0,0,0,0,0,0,5,1,790.8,0
0.0,12711209.5,5,5,2311129.0,1,5,0,1,0,0,1,1,0,1,11,3,20.0,1
83627613.3,11902867.73,1,0,83300431.0,0,1,0,0,0,0,1,0,1,0,6,1,100.0,1
287495074.0,52708391.333333,1,0,287495074.0,0,1,1,1,1,1,1,0,0,1,17,3,10.0,1
0.0,1.1,1,1,5354.0,1,1,0,0,0,0,0,0,0,0,11,2,535.4,0
1660.2,42111.52,1,1,36623.0,1,1,0,0,0,0,0,0,1,0,8,3,3662.3,0
0.0,1671128723.0,5,5,303841586.0,1,5,0,0,0,1,1,1,0,0,17,2,10.0,1
0.0,1.1,1,1,43034643.0,1,1,0,0,0,0,0,0,0,0,11,1,4303464.3,0
210828.0,38653.6,1,0,210828.0,0,1,0,0,0,1,1,0,0,1,18,4,1000.0,1
8.0,1.466667,2,1,8.0,0,2,0,1,0,0,1,1,0,1,5,1,0.008,0
0.0,1942.6,1,1,1766.0,1,1,0,0,0,0,0,0,0,0,5,1,176.6,0
0.0,1388.0,5,5,56528406.0,1,5,0,0,0,1,1,1,0,0,4,1,20.0,0
0.0,3.3,3,3,2173618.0,1,3,0,0,0,0,1,1,0,0,5,2,20.0,0
2687221.0,468842.555696,1,0,2687221.0,0,1,0,0,0,1,0,0,0,0,35,1,268722.1,1
31909.0,5850.083333,4,3,31909.0,0,4,0,1,0,1,0,1,0,1,13,4,31.909,1
0.0,61.2,3,3,7092762.0,1,3,0,0,0,1,1,1,0,0,9,3,100.0,0
71888027.0,13179473.616667,7,1,71888027.0,0,7,0,1,0,1,1,1,0,1,9,3,20.0,1
0.0,859.6,1,1,229422476.0,1,1,0,0,0,1,1,0,0,0,14,1,10.0,0
2100497.0,10492.9,3,2,2100497.0,0,3,1,1,0,0,1,1,0,1,4,2,100.0,1
0.0,1.1,1,1,256961.0,1,1,0,0,0,0,1,0,0,0,12,1,1.0,0
0.0,1459.2,1,1,734443.0,1,1,0,0,0,1,0,0,0,0,6,2,73444.3,1
0.0,30.8,1,1,194524035.0,1,1,0,1,0,0,0,0,0,1,1,2,194524.035,0
0.0,28.0,5,5,10760466.0,1,5,0,0,0,1,1,1,0,0,4,3,100.0,0
0.0,9.0,4,4,55651376.0,1,4,0,0,0,1,0,1,0,0,12,2,5565137.6,0
2713466.0,497519.566667,6,2,2713466.0,0,6,0,1,0,1,0,1,0,1,19,8,2713.466,1
0.0,72.0,1,1,131577.0,1,1,0,0,0,1,1,0,0,0,2,4,100.0,0
919377.0,168633.25,1,0,919377.0,0,1,0,1,0,1,1,0,0,1,12,2,10.0,1
0.0,71.5,1,1,98925108.0,1,1,0,0,0,0,0,0,0,1,4,3,9892510.8,0
80186150.0,14703226.966667,3,0,80186150.0,0,3,0,1,0,1,0,1,0,1,23,7,80186.15,1
0.0,629.8,1,1,157904918.0,1,1,0,0,0,1,1,0,0,0,10,4,50.0,0
0.0,2.32796,1,1,89308.0,1,1,0,0,0,0,1,0,0,0,15,4,10.0,0
21195011.0,3885762.016667,8,2,21195011.0,0,8,0,1,0,1,1,1,0,1,27,5,100.0,1
0.0,1.1,1,1,1989974.0,1,1,0,0,0,0,1,0,0,0,5,2,1.0,0
0.0,2.40777,2,2,46925.0,1,2,0,0,0,1,1,1,0,0,12,4,10.0,0
186.6,210.76,1,1,2014286.0,1,1,0,0,0,0,1,0,1,0,8,3,100.0,0
15433144.0,2829600.533333,3,0,15433144.0,0,3,0,1,0,1,0,1,0,1,9,3,15433.144,1
7497545.0,1385284.616667,4,1,7497545.0,0,4,1,1,0,1,0,1,0,1,25,5,7497.545,1
0.0,19.8,3,3,874674283.0,1,3,0,0,0,0,1,1,0,0,4,5,200.0,0
12138807.0,2225447.95,1,0,12138807.0,0,1,0,1,0,0,1,0,0,1,3,1,100.0,1
458799904.0,61173320.533333,1,0,458799904.0,0,1,0,0,0,0,0,0,0,0,39,2,45879990.4,1
4399009.0,1456505.983333,1,0,3808083.0,0,2,1,1,0,1,0,1,1,1,8,2,3808.083,1
0.0,32958.2,2,2,14981.0,1,2,0,0,0,0,1,1,0,0,13,1,10.0,0
46377.0,8502.55,2,1,46377.0,0,2,1,1,0,1,1,1,0,1,12,4,10.0,1
6449749.0,900586.733333,1,0,6449749.0,0,1,0,0,0,1,1,0,0,0,15,2,100.0,1
37039944.0,4938659.2,1,0,37039944.0,0,1,0,0,0,0,0,0,0,0,30,1,3703994.4,0
166295758.0,19012903.166667,5,4,166295758.0,0,5,0,0,0,1,1,1,0,0,6,7,1000.0,1
20316509.0,3724693.316667,1,0,20316509.0,0,1,1,1,0,0,0,0,0,1,23,4,20316.509,1
200015822.0,1.687659,2,1,200015822.0,0,2,0,0,0,0,1,1,0,0,11,2,1.0,0
15388576.0,2821248.633333,6,2,15388576.0,0,6,0,1,0,1,0,1,0,1,10,4,15388.576,1
1312.0,261.637688,1,0,1312.0,0,1,0,1,0,1,0,0,0,1,2,3,1.312,0
6463321.0,1184942.183333,1,0,6463321.0,0,1,0,1,0,0,1,0,0,1,18,4,1000.0,1
2350.0,533.573522,4,3,2350.0,0,4,0,0,0,1,1,1,0,0,11,2,10.0,1
0.0,1.1,1,1,6799.0,1,1,0,0,0,0,1,0,0,0,10,1,1.0,0
39059010.0,6468877.093278,1,0,39059010.0,0,1,0,0,0,1,0,0,0,0,30,3,3905901.0,1
264260947.0,48449980.683333,1,0,264260947.0,0,1,1,1,0,1,0,0,0,1,17,4,264260.947,1
77515225.1,14339264.426667,1,0,77468630.0,0,1,0,1,0,1,1,0,1,1,15,2,100.0,1
0.0,61.2,3,3,389139.0,1,3,0,0,0,1,1,1,0,0,20,2,100.0,0
130937918.0,24005990.866667,4,2,130937918.0,0,4,0,1,0,1,0,1,0,1,4,6,130937.918,1
0.0,6115.4,3,3,1288349830.0,1,3,0,1,0,1,1,1,0,1,10,4,50.0,0
0.0,18.0,4,4,129383044.0,1,4,0,0,0,1,1,1,0,0,18,2,20.0,0
85006120.0,15584455.333333,4,0,85006120.0,0,4,0,1,0,0,1,1,0,1,20,7,10.0,1
0.0,1478.5,1,1,4641049.0,1,1,0,0,0,1,1,0,0,0,5,1,100.0,1
3717.0,681.85,3,1,3717.0,0,3,1,1,0,1,1,1,0,1,12,4,3.717,1
0.0,3781.2,2,2,665970800.0,1,2,0,1,0,1,1,1,0,1,5,3,200.0,0
2055047.0,376758.616667,1,0,2055047.0,0,1,0,1,0,0,1,0,0,1,11,2,10.0,1
299563989.0,177889.616667,4,2,299563989.0,0,4,1,1,0,0,1,1,0,1,22,6,1000.0,0
2185.0,2.389532,1,0,2185.0,0,1,0,0,0,1,0,0,0,0,1,4,218.5,0
0.0,577223209.2,6,6,87458062.0,1,6,0,1,0,1,1,1,0,1,23,7,20.0,1
0.0,1162.7,1,1,225544806.0,1,1,0,0,0,0,0,0,0,1,1,1,22554480.6,0
0.0,9.0,4,4,30614319.0,1,4,0,0,0,1,1,1,0,0,3,1,20.0,0
0.0,7.2,1,1,311914998.0,1,1,0,1,0,1,1,0,0,1,4,6,200.0,0
246114.0,32819.1,1,0,246114.0,0,1,0,0,0,1,1,0,0,0,15,3,10.0,1
743273.0,136266.716667,1,0,743273.0,0,1,0,1,0,0,1,0,0,1,10,5,100.0,1
1090346.0,199919.366667,1,0,1090346.0,0,1,0,0,0,1,1,0,0,1,13,3,1000.0,1
0.0,513.5,1,1,1562753.0,1,1,0,0,0,1,1,0,0,0,2,4,20.0,0
2864433.0,525146.15,1,0,2864433.0,0,1,0,0,0,1,1,0,0,1,7,5,1000.0,1
12657700.0,2330244.933333,1,0,12657700.0,0,1,0,1,0,1,1,0,0,1,13,3,1000.0,1
33899423.0,6214904.216667,7,2,33899423.0,0,7,0,1,0,1,1,1,0,1,30,8,100.0,1
0.0,1.1,1,1,137435.0,1,1,0,0,0,0,1,0,0,0,7,1,1.0,0
155374.0,28690.433333,1,0,155374.0,0,1,0,1,0,1,1,0,0,1,5,2,100.0,1
13283719.0,2550740.583333,1,0,13178818.0,0,2,0,1,0,1,1,1,1,1,9,3,100.0,1
302822512.0,55517470.333333,7,3,302822512.0,0,7,0,1,0,1,1,1,0,1,4,6,100.0,1
105121497.0,20179290.925883,1,0,105121497.0,0,1,0,0,0,1,0,0,0,0,28,3,10512149.7,1
16606862.0,3044591.366667,1,0,16606862.0,0,1,0,1,0,0,0,0,0,1,16,4,16606.862,1
468389094.0,85871334.0,1,0,468389094.0,0,1,1,1,1,1,0,0,0,1,4,5,468389.094,1
4794696.0,695381.294024,1,0,4794696.0,0,1,0,0,0,1,0,0,0,0,25,3,479469.6,1
8224305.0,1508222.05,3,0,8224305.0,0,3,0,1,0,1,0,1,0,1,7,7,8224.305,1
0.0,2.2,2,2,47607085.0,1,2,0,0,0,0,1,1,0,0,11,1,20.0,0
468.0,87.109495,4,1,468.0,0,4,0,0,0,1,0,1,0,0,10,3,46.8,0
0.0,509117.4,1,1,462834.0,1,1,0,0,0,0,0,0,0,1,3,1,46283.4,0
0.0,1.2,1,1,146245038.0,1,1,0,0,0,1,1,0,0,0,8,2,10.0,0
0.0,4.4,1,1,389787.0,1,1,0,0,0,0,0,0,0,0,13,3,38978.7,0
461186.0,31743.1,2,1,461186.0,0,2,0,0,0,0,1,1,0,0,25,3,100.0,1
138035121.8,32163870.196667,1,0,135541511.0,0,2,0,1,0,1,1,1,1,1,20,0,100.0,1
0.0,612.0,4,4,1237067937.0,1,4,0,0,0,1,1,1,0,0,15,4,200.0,0
1865371.0,341984.683333,1,0,1865371.0,0,1,0,1,0,0,0,0,0,1,5,3,1865.371,1
246356804.0,1.262368,3,1,246356804.0,0,3,0,0,0,0,1,1,0,0,19,4,10.0,0
1145601.0,210041.05,8,2,1145601.0,0,8,0,1,0,1,0,1,0,1,25,7,1145.601,1
0.0,1452.6,1,1,276367.0,1,1,0,0,0,1,1,0,0,0,10,2,50.0,1
0.0,1.1,1,1,236115.0,1,1,0,1,0,0,0,0,0,1,2,2,236.115,0
16035763.0,2939906.483333,1,0,16035763.0,0,1,0,1,0,1,0,0,0,1,8,2,16035.763,1
0.0,237.6,4,4,1853786392.0,1,4,0,1,0,0,0,1,0,1,3,4,1853786.392,0
0.0,12.0,1,1,1855961.0,1,1,0,0,0,1,1,0,0,0,3,1,20.0,0
6004.0,1101.633333,3,2,6004.0,0,3,1,1,0,1,1,1,0,1,9,4,6.004,1
908218.0,107148.8,2,1,908218.0,0,2,0,0,0,1,1,1,0,0,4,3,10.0,1
23556985.0,4318780.583333,7,2,23556985.0,0,7,0,1,0,0,1,1,0,1,13,2,10.0,1
98716.0,18097.933333,1,0,98716.0,0,1,0,1,0,0,1,0,0,1,13,4,10.0,1
0.0,68.0,1,1,108529925.0,1,1,0,0,0,1,1,0,0,0,3,3,20.0,0
2747945.0,503847.116667,1,0,2747945.0,0,1,0,0,0,1,1,0,0,1,12,0,10.0,1
4198533.0,559804.4,1,0,4198533.0,0,1,0,0,0,0,0,0,0,0,9,0,4198533.0,1
110.0,16.932605,4,1,110.0,0,4,0,0,0,1,1,1,0,0,2,2,11.0,0
0.0,1.1,1,1,147467.0,1,1,0,0,0,0,0,0,0,0,12,2,14746.7,0
38018253.0,3584.1,4,3,38018253.0,0,4,1,1,0,1,1,1,0,1,24,2,100.0,0
0.0,2.2,2,2,14629502.0,1,2,0,0,0,0,1,1,0,0,6,2,100.0,0
215459107.0,2.041312,3,0,215459107.0,0,3,0,0,0,1,1,1,0,0,4,4,10.0,0
0.0,1.1,1,1,2967.0,1,1,0,0,0,0,1,0,0,0,7,1,1.0,0
159461991.0,1299752.666667,3,2,159461991.0,0,3,1,1,0,0,1,1,0,1,23,5,100.0,1
0.0,2.2,1,1,13149401.0,1,1,0,1,0,0,0,0,0,1,3,1,13149.401,0
0.0,2271661.7,1,1,2065147.0,1,1,0,0,0,1,1,0,0,0,1,3,1.0,0
556102862.0,1.143163,3,1,556102862.0,0,3,0,0,0,1,1,1,0,0,11,3,1.0,0
47375112.0,8685445.8,5,2,47375112.0,0,5,0,1,0,1,0,1,0,1,27,6,47375.112,1
0.0,73.7,1,1,27342462.0,1,1,0,0,0,0,0,0,0,1,3,1,2734246.2,0
0.0,2685.6,2,2,1048881992.0,1,2,0,0,0,1,1,1,0,0,15,1,50.0,0
0.0,1.1,1,1,71381822.0,1,1,0,0,0,0,0,0,0,0,8,1,7138182.2,0
78676551.0,14424034.35,1,0,78676551.0,0,1,0,1,0,0,1,0,0,1,5,3,100.0,1
0.0,11.5,2,2,78785672.0,1,2,0,0,0,1,1,1,0,0,16,4,20.0,0
7.0,1.724109,1,0,7.0,0,1,1,1,0,1,0,0,0,1,2,2,0.007,0
18250124.0,3345856.266667,1,0,18250124.0,0,1,0,1,1,1,0,0,0,1,8,1,18250.124,1
10903399.0,1453786.533333,1,0,10903399.0,0,1,0,0,0,0,0,0,0,0,22,4,1090339.9,0
0.0,34.8,1,1,589642.0,1,1,0,0,0,1,1,0,0,0,11,1,50.0,0
476971705.0,87444829.883333,1,0,476971705.0,0,1,0,1,1,1,0,0,0,1,6,0,4769717.05,1
0.0,27.5,1,1,41401.0,1,1,0,0,0,0,0,0,0,1,1,3,4140.1,0
0.0,1849.2,1,1,74594.0,1,1,0,0,0,1,0,0,0,0,13,2,7459.4,1
19592.0,3600.066667,3,2,19592.0,0,3,1,1,0,1,1,1,0,1,6,4,19.592,1
1832.0,355.296551,3,1,1832.0,0,3,0,0,0,1,1,1,0,0,6,1,10.0,1
0.0,1.1,1,1,4327250.0,1,1,0,0,0,0,1,0,0,0,12,1,1.0,0
0.0,72.0,4,4,11538710.0,1,4,0,0,0,1,1,1,0,0,20,2,100.0,0
2339278.8,479525.93,1,0,2321235.0,0,1,1,1,0,1,0,0,1,1,8,3,2321.235,1
217.8,241.78,1,1,5193912.0,1,1,0,0,0,0,1,0,1,0,6,2,100.0,0
0.0,90.0,1,1,36201.0,1,1,0,0,0,1,1,0,0,0,10,2,100.0,0
210295743.0,38555342.283333,3,1,210295743.0,0,3,1,1,0,0,1,1,0,1,24,6,1000.0,1
0.0,17.6,1,1,160314.0,1,1,0,0,0,0,0,0,0,1,2,1,16031.4,0
0.0,8.8,4,4,13735366.0,1,4,0,0,0,0,1,1,0,0,18,4,100.0,0
0.0,858.0,4,4,837302420.0,1,4,0,0,0,0,1,1,0,0,2,3,50.0,0
0.0,1.87512,1,1,329948458.0,1,1,0,0,0,1,0,0,0,0,5,2,32994845.8,0
65157037.0,144440.433333,4,3,65157037.0,0,4,0,0,0,0,1,1,0,0,14,3,100.0,1
0.0,66.0,3,3,20.0,1,3,0,0,0,1,0,1,0,0,12,3,2.0,0
241466242.0,23243417.816667,6,3,241466242.0,0,6,0,1,0,1,1,1,0,1,5,1,10.0,1
4125511.8,1340347.03,1,0,3913147.0,0,2,0,1,0,0,0,1,1,1,5,1,3913.147,1
7883762.0,1445357.366667,3,0,7883762.0,0,3,0,1,0,1,1,1,0,1,7,8,10.0,1
10583942.0,1879213.990851,1,0,10583942.0,0,1,0,0,0,1,0,0,0,0,34,2,1058394.2,1
852.0,156.4,2,1,852.0,0,2,0,1,0,1,0,1,0,1,8,1,0.852,0
24102.0,4421.5,4,0,24102.0,0,4,1,1,1,1,1,1,0,1,7,2,10.0,1
0.0,9058.5,1,1,3058485.0,1,1,0,0,0,0,0,0,0,1,4,2,305848.5,1
470.3,2585.33,1,1,114033.0,1,1,0,0,0,0,1,0,1,0,2,3,10.0,1
0.0,385201766.4,1,1,350183424.0,1,1,0,0,0,0,0,0,0,1,3,3,35018342.4,0
49650.5,54618.85,1,1,29584.0,1,1,0,0,0,0,0,0,1,0,8,3,2958.4,0
232332503.0,42594304.916667,8,4,232332503.0,0,8,0,1,0,1,0,1,0,1,16,2,232332.503,1
86839335.0,7204723.35,5,3,86839335.0,0,5,1,1,0,0,0,1,0,1,15,4,86839.335,1
0.0,485.2,4,4,114558872.0,1,4,0,0,0,1,1,1,0,0,3,3,100.0,0
3801586.5,8495123.75,1,0,965897.0,0,1,0,1,0,1,1,0,1,1,5,2,100.0,1
0.0,1.1,1,1,132020.0,1,1,0,0,0,0,1,0,0,0,9,1,1.0,0
210374227.0,38568610.283333,6,2,210374227.0,0,6,0,1,0,1,1,1,0,1,4,1,20.0,1
0.0,0.503981,3,3,70198635.0,1,3,0,0,0,1,1,1,0,0,1,3,1.0,0
0.0,832987349.7,3,3,252420409.0,1,3,0,0,0,1,0,1,0,0,15,4,25242040.9,0
6031842.2,2010823.236667,1,0,5702757.0,0,2,1,1,0,1,0,1,1,1,5,5,5702.757,1
3859464.0,4245410.4,1,0,3859464.0,0,1,0,1,0,1,1,0,0,1,5,0,100.0,1
11046869.0,2888996.916667,1,0,10261653.0,0,2,1,1,0,0,0,1,1,1,12,4,10261.653,1
0.0,242.0,1,1,93049922.0,1,1,0,0,0,0,1,0,0,0,3,3,50.0,0
11993773.0,2199523.183333,8,3,11993773.0,0,8,1,1,0,1,0,1,0,1,18,4,11993.773,1
0.0,203.5,1,1,1949704.0,1,1,0,0,0,0,1,0,0,0,13,3,100.0,0
0.0,56.1,1,1,124422439.0,1,1,1,0,0,0,1,0,0,0,11,2,50.0,0
457.0,83.983333,3,0,457.0,0,3,1,1,0,1,1,1,0,1,7,0,4.57,0
0.0,56.1,1,1,73230161.0,1,1,0,0,0,0,0,0,0,0,10,3,7323016.1,0
292352219.0,53597686.816667,2,1,292352219.0,0,2,0,1,0,0,1,1,0,1,6,5,100.0,1
0.0,19.8,2,2,67099748.0,1,2,0,0,0,0,1,1,0,0,14,5,100.0,0
472766251.0,63035500.133333,1,0,472766251.0,0,1,0,0,0,0,0,0,0,0,9,0,472766251.0,0
3301498.0,494099.283333,3,2,3301498.0,0,3,0,1,0,0,0,1,0,1,17,7,3301.498,1
2452556.0,263076.9,3,2,2452556.0,0,3,0,0,0,1,1,1,0,0,17,6,100.0,1
0.0,6300.8,1,1,37267808.0,1,1,0,0,0,0,0,0,0,1,2,3,3726780.8,0
0.0,408703650.3,3,3,123849591.0,1,3,0,0,0,0,1,1,0,0,19,7,10.0,1
14311708.0,2623823.133333,3,1,14311708.0,0,3,0,1,0,1,1,1,0,1,8,7,100.0,1
0.0,50.6,2,2,8373928.0,1,2,0,0,0,1,1,1,0,0,10,4,100.0,0
0.0,39.6,1,1,809319292.0,1,1,0,1,0,1,1,0,0,1,11,4,10.0,0
1841687.0,335643.283333,4,1,1841687.0,0,4,0,1,0,1,1,1,0,1,10,7,1000.0,1
3582552.0,656802.1,1,0,3582552.0,0,1,0,1,0,1,0,0,0,1,5,5,3582.552,1
131.6,2868798.46,1,1,2607867.0,1,1,0,0,0,0,0,0,1,0,8,2,260786.7,0
276061024.0,0.608961,2,0,276061024.0,0,2,0,0,0,1,0,1,0,0,10,1,27606102.4,0
0.0,218970183.3,1,1,199063803.0,1,1,0,1,0,0,1,0,0,1,23,3,100.0,1
196377225.0,36002545.95,1,0,196377225.0,0,1,0,1,0,1,1,0,0,1,13,1,10.0,1
625168.0,114614.133333,1,0,625168.0,0,1,0,1,0,0,1,0,0,1,13,0,100.0,1
36872.7,40562.17,1,1,11993751.0,1,1,0,0,0,0,1,0,1,0,5,1,10.0,0
221435414.0,40600308.666667,6,2,221435414.0,0,6,0,1,0,1,0,1,0,1,18,6,221435.414,1
0.0,9.0,4,4,58221534.0,1,4,0,0,0,1,1,1,0,0,13,2,20.0,0
822.9,923.89,1,1,80625.0,1,1,0,0,0,0,1,0,1,0,6,2,100.0,0
0.0,13.1,1,1,1789861.0,1,1,0,0,0,1,1,0,0,0,14,2,10.0,0
8112713.0,1401364.120828,1,0,8112713.0,0,1,0,0,0,1,0,0,0,0,11,4,811271.3,1
0.0,2.2,1,1,654115.0,1,1,0,1,0,0,0,0,0,1,3,2,654.115,0
47935724.4,52729296.84,1,0,46843922.0,0,1,1,0,0,1,1,0,1,0,16,0,100.0,1
0.0,1.1,1,1,308406908.0,1,1,0,0,0,0,0,0,0,0,5,1,30840690.8,0
0.0,19.274051,1,1,74.0,1,1,0,1,0,1,0,0,0,1,10,2,0.074,0
128310.0,1.854819,1,0,128310.0,0,1,0,0,0,1,1,0,0,0,4,2,1.0,0
72196083.0,9626144.4,1,0,72196083.0,0,1,0,0,0,0,0,0,0,0,32,0,72196083.0,1
0.0,5988.4,1,1,214030.0,1,1,0,0,0,0,0,0,0,1,3,3,21403.0,1
69.0,13.05,1,0,69.0,0,1,1,1,0,1,0,0,0,1,3,0,0.69,0
0.0,14.4,1,1,46389.0,1,1,0,0,0,1,0,0,0,0,10,1,4638.9,0
0.0,22.0,1,1,253429.0,1,1,0,0,0,0,0,0,0,0,10,1,25342.9,0
5012341.0,918929.183333,1,0,5012341.0,0,1,0,1,0,0,1,0,0,1,7,1,10.0,1
0.0,22.5,4,4,2093939455.0,1,4,0,0,0,1,1,1,0,0,8,1,10.0,0
11658722.0,2137470.166667,1,0,11658722.0,0,1,0,1,0,1,0,0,0,1,3,3,11658.722,1
3163423.0,579960.883333,6,3,3163423.0,0,6,0,1,0,0,1,1,0,1,11,6,100.0,1
0.0,32.2,2,2,53350.0,1,2,0,0,0,1,1,1,0,0,18,1,20.0,0
57052738.0,10459671.633333,1,0,57052738.0,0,1,1,1,0,1,0,0,0,1,17,3,57052.738,1
55765.0,10227.383333,1,0,55765.0,0,1,0,0,0,1,0,0,0,1,16,5,5576.5,1
0.0,13.8,2,2,2866767.0,1,2,0,0,0,1,1,1,0,0,4,3,20.0,0
0.0,5998945185.200001,4,4,1363396633.0,1,4,0,1,0,0,1,1,0,1,10,3,50.0,0
537373825.0,98518534.583333,1,0,537373825.0,0,1,1,1,0,0,1,0,0,1,5,4,100.0,1
263017.0,35086.533333,2,0,263017.0,0,2,0,0,0,1,1,1,0,0,23,2,1000.0,1
8677.0,1590.783333,2,0,8677.0,0,2,1,1,0,0,1,1,0,1,10,3,8.677,1
0.0,2.3,2,2,180062686.0,1,2,0,1,0,1,1,1,0,1,10,6,50.0,0
0.0,609.5,5,5,226429699.0,1,5,0,0,0,1,1,1,0,0,12,5,100.0,0
111829447.0,20502073.283333,1,0,111829447.0,0,1,1,1,0,1,1,0,0,1,16,4,100.0,1
242623698.0,0.857594,3,1,242623698.0,0,3,0,0,0,0,1,1,0,0,5,3,10.0,0
242070.2,19888105.82,1,1,8919013.0,1,2,1,1,0,1,0,1,1,1,4,2,8919.013,1
0.0,344.1,2,2,1866.0,1,2,1,1,0,1,1,1,0,1,9,3,1.866,0
0.0,5869052.2,1,1,5335502.0,1,1,0,0,0,0,0,0,0,0,2,1,533550.2,0
0.0,129.8,2,2,241328419.0,1,2,0,0,0,0,0,1,0,0,8,2,24132841.9,0
19855543.0,3474215.308625,1,0,19855543.0,0,1,0,0,0,1,0,0,0,0,31,1,1985554.3,1
1904.0,253.866667,4,3,1904.0,0,4,0,0,0,0,1,1,0,0,6,0,100.0,0
0.0,1114.8,1,1,33069.0,1,1,0,0,0,1,0,0,0,0,2,1,3306.9,1
0.0,876660535.3,1,1,796964123.0,1,1,0,1,0,1,1,0,0,1,14,5,10.0,1
12543246.0,1672432.8,1,0,12543246.0,0,1,0,0,0,0,0,0,0,0,23,2,1254324.6,0
8185236.0,1.586522,2,1,8185236.0,0,2,0,0,0,0,1,1,0,0,9,1,10.0,0
13873767.0,9734331.6,1,0,6706065.0,0,2,1,0,0,1,0,1,1,0,7,4,670606.5,1
0.0,118.8,1,1,332018543.0,1,1,0,0,0,1,1,0,0,0,6,3,200.0,0
0.0,0.918956,3,3,299542046.0,1,3,0,0,0,0,1,1,0,0,13,3,10.0,0
54592225.0,7375.066667,5,4,54592225.0,0,5,0,0,0,1,1,1,0,0,11,1,10.0,0
16824977.0,3084579.316667,1,0,16824977.0,0,1,0,1,0,1,1,0,0,1,5,1,100.0,1
0.0,5.724055,1,1,31.0,1,1,0,0,0,1,1,0,0,0,9,1,3.1,0
5141850.0,942679.1,1,0,5141850.0,0,1,0,1,0,1,0,0,0,1,9,3,5141.85,1
0.0,171.6,3,3,1949200.0,1,3,0,0,0,0,0,1,0,0,12,2,194920.0,0
151771.0,1585.8,2,1,151771.0,0,2,0,0,0,1,1,1,0,0,22,6,1000.0,1
0.0,1.1,1,1,1525241.0,1,1,0,0,0,0,1,0,0,0,8,1,1.0,0
0.0,5735761693.200001,4,4,1303582203.0,1,4,1,0,0,0,1,1,0,0,13,3,50.0,0
28910.0,5301.866667,4,0,28910.0,0,4,1,1,0,1,0,1,0,1,13,1,28.91,1
0.0,1.1,1,1,1071.0,1,1,0,0,0,0,1,0,0,0,5,2,1.0,0
337.0,77.783333,1,0,337.0,0,1,0,1,0,1,1,0,0,1,3,1,0.337,0
1994.0,265.866667,4,1,1994.0,0,4,0,0,0,0,1,1,0,0,8,0,100.0,0
40413265.0,25267.666667,5,4,40413265.0,0,5,0,0,0,1,1,1,0,0,9,3,100.0,0
0.0,875.1,1,1,1579543.0,1,1,0,0,0,1,1,0,0,0,8,2,50.0,0
7945503.0,1456676.55,5,2,7945503.0,0,5,0,1,0,1,1,1,0,1,12,1,10.0,1
9563178.0,1753249.3,1,0,9563178.0,0,1,0,0,0,0,1,0,0,1,17,4,100.0,1
253188143.0,33758419.066667,1,0,253188143.0,0,1,0,0,0,0,0,0,0,0,22,2,25318814.3,0
0.0,32.9,1,1,53462.0,1,1,0,0,0,1,1,0,0,0,15,1,10.0,0
1065635.0,195366.416667,1,0,1065635.0,0,1,0,1,0,0,0,0,0,1,14,3,1065.635,1
565.3,1275.23,1,1,21729618.0,1,1,0,0,0,0,1,0,1,0,10,1,10.0,0
0.0,3215.3,1,1,2347297.0,1,1,0,1,0,0,0,0,0,1,1,3,2347.297,1
0.0,247.5,4,4,1492730229.0,1,4,0,1,0,1,1,1,0,1,8,6,10.0,0
63859.3,70402.53,1,1,9227557.0,1,1,0,0,0,0,1,0,1,0,10,3,100.0,0
0.0,49696693.2,1,1,45178812.0,1,1,1,1,0,1,0,0,0,1,5,2,45178.812,1
0.0,15285.6,1,1,31459983.0,1,1,0,0,0,0,0,0,0,1,3,1,3145998.3,1
5816.0,1066.466667,2,1,5816.0,0,2,1,1,0,1,1,1,0,1,3,4,5.816,1
0.0,15.4,2,2,1455238915.0,1,2,0,1,0,0,1,1,0,1,16,3,50.0,0
0.0,5857.5,3,3,1775.0,1,3,0,1,0,0,1,1,0,1,13,4,1.775,0
3347591.0,73360.466667,3,2,3347591.0,0,3,0,1,0,0,0,1,0,1,6,7,3347.591,1
47271.0,8668.75,4,1,47271.0,0,4,0,1,0,1,1,1,0,1,4,2,10.0,1
2816218.0,516996.433333,1,0,2816218.0,0,1,0,1,0,1,1,0,0,1,17,0,100.0,1
4522865.0,789425.683333,3,1,4522865.0,0,3,0,1,0,1,1,1,0,1,22,4,100.0,1
0.0,1.1,1,1,221594.0,1,1,0,0,0,0,1,0,0,0,6,2,1.0,0
44912255.0,5988300.666667,1,0,44912255.0,0,1,0,0,0,0,0,0,0,0,40,1,4491225.5,1
474974.0,63329.866667,1,0,474974.0,0,1,0,0,0,0,1,0,0,0,4,4,100.0,1
0.0,423.6,2,2,22444.0,1,2,0,0,0,1,1,1,0,0,16,3,100.0,0
0.0,529.7,1,1,14832798.0,1,1,0,0,0,1,1,0,0,0,7,4,50.0,0
600359.0,110065.816667,1,0,600359.0,0,1,0,1,0,0,1,0,0,1,10,3,10.0,1
0.0,1359.0,4,4,625758730.0,1,4,0,0,0,1,0,1,0,0,10,1,62575873.0,0
5609510.0,1028412.466667,4,0,5609510.0,0,4,0,1,0,1,0,1,0,1,19,1,5609.51,1
0.0,10.8,1,1,710387436.0,1,1,0,0,0,1,1,0,0,0,15,4,200.0,0
0.0,1.1,1,1,2420142.0,1,1,0,0,0,0,1,0,0,0,10,1,1.0,0
90561.0,16602.85,1,0,90561.0,0,1,0,0,0,0,1,0,0,1,12,2,10.0,1
0.0,0.497154,1,1,127987349.0,1,1,0,0,0,1,0,0,0,0,12,2,12798734.9,0
0.0,973.4,1,1,2678449.0,1,1,0,0,0,1,1,0,0,0,6,2,10.0,0
233719950.5,47892399.366667,1,0,231887126.0,0,2,0,1,0,1,0,1,1,1,7,1,231887.126,1
2705667.0,496112.85,6,0,2705667.0,0,6,0,1,0,1,0,1,0,1,4,5,2705.667,1
0.0,448.8,3,3,269307340.0,1,3,0,0,0,0,0,1,0,0,7,5,26930734.0,0
0.0,177826.0,1,1,161660.0,1,1,0,0,0,0,0,0,0,0,13,3,16166.0,1
0.0,1757.8,1,1,392213982.0,1,1,0,0,0,0,0,0,0,1,1,3,39221398.2,0
218.0,40.066667,1,0,218.0,0,1,0,1,0,1,1,0,0,1,10,0,2.18,0
0.0,2686.7,3,3,424326253.0,1,3,0,1,0,1,1,1,0,1,10,3,50.0,0
21806596.0,2907546.133333,1,0,21806596.0,0,1,0,0,0,0,0,0,0,0,22,3,2180659.6,1
270131352.0,49524088.0,1,0,270131352.0,0,1,0,1,0,1,1,0,0,1,4,0,10.0,1
0.0,63643691.1,1,1,57857901.0,1,1,0,0,0,0,0,0,0,1,1,1,5785790.1,0
16419670.0,3010272.833333,1,0,16419670.0,0,1,0,1,0,0,1,0,0,1,11,2,10.0,1
1680113.0,224863.466667,1,0,1680113.0,0,1,0,0,0,1,1,0,0,0,3,5,10.0,1
132344620.0,24263523.633333,1,0,132344620.0,0,1,0,1,0,1,0,0,0,1,5,0,1323446.2,1
287970419.0,1567091.533333,5,2,287970419.0,0,5,1,1,0,1,1,1,0,1,6,2,100.0,1
209856.0,38473.6,1,0,209856.0,0,1,0,1,0,0,1,0,0,1,9,4,100.0,1
0.0,1599.766667,2,2,8726.0,1,2,0,1,0,0,0,1,0,1,6,4,8.726,1
2378.0,463.366667,1,0,2378.0,0,1,1,1,0,1,1,0,0,1,7,3,2.378,1
29.0,4.92248,4,1,29.0,0,4,0,0,0,1,1,1,0,0,8,2,2.9,0
36968243.0,6777578.316667,1,0,36968243.0,0,1,1,1,0,1,0,0,0,1,12,1,36968.243,1
32915.0,6059.616667,4,0,32915.0,0,4,1,1,1,1,1,1,0,1,10,4,32.915,1
0.0,0.679695,2,2,22504969.0,1,2,0,0,0,0,1,1,0,0,6,4,1.0,0
52695827.0,2830631.233333,5,2,52695827.0,0,5,0,0,0,1,1,1,0,0,2,1,10.0,1
573346.0,105113.433333,1,0,573346.0,0,1,0,0,0,0,1,0,0,1,11,2,1000.0,1
13.0,14.3,1,0,13.0,0,1,0,0,0,1,1,0,0,0,8,0,10.0,0
0.0,372807388.8,4,4,84728952.0,1,4,1,1,0,0,1,1,0,1,24,5,10.0,1
10019.0,1846.116667,4,0,10019.0,0,4,1,1,0,1,1,1,0,1,13,3,10.0,1
0.0,1.1,1,1,2713635.0,1,1,0,0,0,0,1,0,0,0,11,1,1.0,0
116445037.0,21472650.971962,1,0,116445037.0,0,1,0,0,0,1,0,0,0,0,39,1,11644503.7,1
125655034.0,1.021106,1,0,125655034.0,0,1,0,0,0,1,1,0,0,0,12,2,10.0,0
0.0,137.816667,1,1,701.0,1,1,0,1,0,1,1,0,0,1,5,2,0.701,0
0.0,171.6,1,1,40620198.0,1,1,0,0,0,0,0,0,0,1,4,1,4062019.8,0
6039151.0,1107544.783333,1,0,6039151.0,0,1,1,1,0,1,1,0,0,1,18,2,100.0,1
14.0,3.765157,2,0,14.0,0,2,1,1,0,1,0,1,0,1,3,1,0.014,0
53793.0,9862.05,1,0,53793.0,0,1,0,1,0,0,1,0,0,1,19,0,10.0,1
116174028.8,21504329.696667,1,0,116099245.0,0,1,1,1,0,1,0,0,1,1,6,0,1160992.45,1
0.0,245.1,1,1,2889038.0,1,1,0,0,0,1,1,0,0,0,13,4,20.0,0
0.0,4673.9,1,1,4249.0,1,1,0,0,0,0,0,0,0,0,8,1,424.9,0
39133357.0,7174449.783333,4,1,39133357.0,0,4,0,1,0,1,1,1,0,1,6,6,10.0,1
0.0,558.9,2,2,563504321.0,1,2,0,0,0,1,1,1,0,0,17,6,10.0,0
0.0,7.2,1,1,147896290.0,1,1,0,0,0,1,1,0,0,0,8,1,20.0,0
0.0,52034.4,3,3,15768.0,1,3,1,1,0,1,1,1,0,1,15,4,10.0,1
763664.0,101821.866667,1,0,763664.0,0,1,0,0,0,0,1,0,0,0,15,4,10.0,1
931631.8,4024890.98,1,1,2727360.0,1,1,1,0,0,1,1,0,1,0,13,1,100.0,1
18626179.0,3419353.183333,1,0,18626179.0,0,1,0,1,0,1,0,0,0,1,18,2,18626.179,1
0.0,513.0,4,4,1444507048.0,1,4,0,0,0,1,1,1,0,0,4,3,10.0,0
139.0,25.483333,2,1,139.0,0,2,1,1,0,0,1,1,0,1,10,1,0.139,0
115357599.0,2.329262,3,2,115357599.0,0,3,0,0,0,1,1,1,0,0,5,1,1.0,0
0.0,105135.8,1,1,95578.0,1,1,0,0,0,0,1,0,0,1,17,5,1000.0,1
0.0,5843821.5,3,3,1770855.0,1,3,0,0,0,1,1,1,0,0,6,1,10.0,0
0.0,19591.0,1,1,17810.0,1,1,0,1,0,0,0,0,0,1,3,3,17.81,0
5911782.0,6287714.8,1,0,1180978.0,0,2,1,1,0,1,0,1,1,1,14,2,1180.978,1
0.0,60.0,1,1,10073278.0,1,1,0,0,0,1,0,0,0,0,2,2,1007327.8,0
28.0,4.745007,2,0,28.0,0,2,0,0,0,1,1,1,0,0,6,1,2.8,0
0.0,1881.0,4,4,2146036795.0,1,4,0,1,0,1,1,1,0,1,12,5,50.0,0
6447679.0,1182074.483333,1,0,6447679.0,0,1,0,1,0,0,1,0,0,1,12,2,10.0,1
0.0,7657632.4,1,1,6961484.0,1,1,0,0,0,0,0,0,0,1,3,2,696148.4,0
0.0,248.2,3,3,237237930.0,1,3,0,0,0,1,0,1,0,0,6,3,23723793.0,0
0.0,1.1,1,1,24640284.0,1,1,0,0,0,0,1,0,0,0,12,1,1.0,0
7358477.2,2292482.753333,1,0,6788416.0,0,2,1,0,0,1,0,1,1,0,18,5,678841.6,1
174977071.0,32079129.683333,1,0,174977071.0,0,1,1,1,0,0,1,0,0,1,16,1,10.0,1
668423692.0,122544589.233333,1,0,668423692.0,0,1,0,1,0,1,1,0,0,1,23,3,100.0,1
0.0,398125.2,3,3,120644.0,1,3,0,0,0,0,0,1,0,0,6,4,12064.4,0
215278931.0,24183675.466667,5,2,215278931.0,0,5,0,0,0,0,1,1,0,0,21,6,10.0,1
0.0,227.7,3,3,188179798.0,1,3,0,0,0,0,1,1,0,0,9,3,20.0,0
5529911.0,737144.866667,2,1,5529911.0,0,2,0,0,0,0,1,1,0,0,9,2,10.0,1
387488.0,1.713764,3,1,387488.0,0,3,0,0,0,0,1,1,0,0,10,2,1.0,0
205593315.0,2.351073,3,0,205593315.0,0,3,0,0,0,1,0,1,0,0,13,1,20559331.5,0
6895.8,8187.08,1,1,339540.0,1,1,0,0,0,0,1,0,1,0,5,2,10.0,0
220805003.0,40264650.433333,4,2,220805003.0,0,4,0,1,0,0,1,1,0,1,4,1,10.0,1
6440.1,7853.01,1,1,32045957.0,1,1,0,0,0,0,1,0,1,0,2,1,100.0,0
3714552.0,681172.3,1,0,3714552.0,0,1,0,1,0,1,1,0,0,1,20,4,10.0,1
0.0,6.6,1,1,152313090.0,1,1,0,0,0,0,1,0,0,0,13,4,20.0,0
0.0,1473.8,1,1,1766277.0,1,1,0,0,0,1,1,0,0,0,7,2,20.0,0
43120128.0,705932.966667,6,4,43120128.0,0,6,0,0,0,1,1,1,0,0,23,4,100.0,1
0.0,26.4,1,1,35447187.0,1,1,0,0,0,0,1,0,0,0,7,3,100.0,0
11652640.0,2139268.233333,1,0,11652640.0,0,1,0,1,0,1,1,0,0,1,5,4,100.0,1
1935512.0,0.875004,2,1,1935512.0,0,2,0,0,0,1,1,1,0,0,13,3,10.0,0
163095578.0,21761233.266667,3,2,163095578.0,0,3,0,0,0,0,1,1,0,0,10,4,10.0,1
28329011.0,5193654.016667,7,2,28329011.0,0,7,1,1,0,1,1,1,0,1,5,6,20.0,1
0.0,940.5,3,3,1256996143.0,1,3,0,0,0,0,0,1,0,0,12,1,125699614.3,0
0.0,155399072.4,6,6,23545314.0,1,6,1,1,0,1,1,1,0,1,9,5,20.0,1
4553185.0,0.321124,2,1,4553185.0,0,2,0,0,0,0,1,1,0,0,7,4,1.0,0
3063489.0,561639.65,4,1,3063489.0,0,4,0,1,0,0,0,1,0,1,10,5,3063.489,1
0.0,1.766382,2,2,498720285.0,1,2,0,0,0,1,1,1,0,0,11,3,1.0,0
1154273.0,211618.716667,5,2,1154273.0,0,5,1,1,0,1,1,1,0,1,14,4,20.0,1
9744786.0,1787049.1,1,0,9744786.0,0,1,0,1,0,1,0,0,0,1,3,3,9744.786,1
0.0,275.0,5,5,19940768.0,1,5,0,0,0,0,0,1,0,0,17,4,1994076.8,0
2901.0,531.85,4,1,2901.0,0,4,0,1,0,0,1,1,0,1,11,0,10.0,1
79099318.0,43384939.033333,1,0,49246276.0,0,1,1,0,0,1,0,0,1,0,5,3,4924627.6,1
1392.0,193.789274,4,0,1392.0,0,4,0,0,0,1,0,1,0,0,2,1,139.2,0
0.0,2825.533333,2,2,15412.0,1,2,1,1,0,0,0,1,0,1,7,3,15.412,1
0.0,4.4,1,1,8740401.0,1,1,0,1,0,0,0,0,0,1,2,1,8740.401,0
0.0,1.1,1,1,209469510.0,1,1,0,0,0,0,1,0,0,0,2,1,1.0,0
1344.0,179.2,3,0,1344.0,0,3,0,0,0,0,0,1,0,0,9,2,134.4,0
261743821.0,47986367.183333,1,0,261743821.0,0,1,0,1,0,0,1,0,0,1,7,1,10.0,1
19462560.0,3568137.0,7,2,19462560.0,0,7,1,1,0,1,1,1,0,1,17,8,10.0,1
23759.3,26241.93,1,1,34669312.0,1,1,0,0,0,0,1,0,1,0,7,1,10.0,0
4045356.0,741661.4,1,0,4045356.0,0,1,1,1,0,1,1,0,0,1,20,4,100.0,1
0.0,1649.0,3,3,279409775.0,1,3,0,1,0,1,1,1,0,1,10,6,50.0,0
0.0,20384017.5,5,5,3706185.0,1,5,0,1,0,0,1,1,0,1,18,6,1000.0,1
87.0,15.95,1,0,87.0,0,1,0,1,0,0,1,0,0,1,8,2,0.087,0
0.0,183.7,1,1,81270.0,1,1,0,0,0,0,1,0,0,0,6,3,20.0,0
10219448.8,3309637.813333,1,0,9697284.0,0,1,0,1,0,1,0,0,1,1,8,3,9697.284,1
6951223.0,2.486669,3,2,6951223.0,0,3,0,0,0,0,0,1,0,0,3,1,695122.3,0
1466190.0,268803.5,4,0,1466190.0,0,4,0,1,0,1,1,1,0,1,20,8,20.0,1
107126.0,19639.766667,1,0,107126.0,0,1,0,1,0,0,1,0,0,1,2,2,10.0,1
0.0,37.2,1,1,133865766.0,1,1,0,1,0,1,1,0,0,1,12,5,50.0,0
0.0,9.9,1,1,1202953.0,1,1,0,0,0,0,1,0,0,0,11,1,20.0,0
0.0,1.1,1,1,7948.0,1,1,0,0,0,0,0,0,0,0,9,1,794.8,0
2556126.0,54746.233333,5,3,2556126.0,0,5,0,0,0,1,1,1,0,0,16,4,1000.0,1
0.0,22.4,5,5,386522.0,1,5,0,0,0,1,1,1,0,0,8,1,20.0,0
11689215.0,2143022.75,7,0,11689215.0,0,7,1,1,0,0,1,1,0,1,18,3,20.0,1
0.0,123.2,4,4,192041068.0,1,4,0,0,0,0,1,1,0,0,20,4,100.0,0
17240.0,1.177855,3,1,17240.0,0,3,0,0,0,0,0,1,0,0,11,1,1724.0,0
56264.1,61915.81,1,1,12099002.0,1,1,0,0,0,0,1,0,1,0,3,3,10.0,0
235458557.0,31037468.166667,5,3,235458557.0,0,5,0,0,0,0,0,1,0,0,14,6,23545855.7,1
0.0,92523.2,1,1,84112.0,1,1,0,0,0,1,1,0,0,0,9,5,100.0,1
25467.0,4669.15,1,0,25467.0,0,1,1,1,0,1,1,0,0,1,14,3,10.0,1
0.0,84.5,1,1,1296195.0,1,1,0,0,0,1,1,0,0,0,13,3,20.0,0
571669.0,104807.983333,1,0,571669.0,0,1,0,1,0,1,1,0,0,1,5,5,10.0,1
660978.0,121179.3,1,0,660978.0,0,1,0,1,0,0,0,0,0,1,24,4,660.978,1
0.0,154678753.9,1,1,140617049.0,1,1,0,0,0,0,0,0,0,0,26,3,14061704.9,0
145009975.0,26585162.083333,1,0,145009975.0,0,1,1,1,1,0,1,0,0,1,15,0,10.0,1
0.0,110155.1,1,1,100141.0,1,1,0,0,0,0,0,0,0,1,3,2,10014.1,0
0.0,49.5,1,1,16601431.0,1,1,0,0,0,0,0,0,0,1,3,2,1660143.1,0
0.0,2058.1,1,1,48472.0,1,1,0,0,0,0,0,0,0,1,2,3,4847.2,1
7814582.0,1432675.366667,8,4,7814582.0,0,8,1,1,0,1,1,1,0,1,9,7,20.0,1
2161770.0,0.140032,1,0,2161770.0,0,1,0,0,0,0,1,0,0,0,11,3,1.0,0
266596707.0,293256377.7,1,0,266596707.0,0,1,0,1,0,1,1,0,0,1,25,0,10.0,1
0.0,2657.483333,2,2,14467.0,1,2,1,1,1,1,0,1,0,1,14,3,14.467,1
43203742.0,2.239715,3,1,43203742.0,0,3,0,0,0,0,1,1,0,0,16,4,1.0,0
114.3,424.93,1,1,267364.0,1,1,0,0,0,0,0,0,1,0,6,3,26736.4,0
0.0,1931.5,1,1,35814.0,1,1,0,0,0,1,1,0,0,0,13,1,10.0,1
0.0,3526.6,2,2,1603.0,1,2,1,1,0,1,0,1,0,1,7,2,1.603,1
0.0,1816.1,1,1,1252323.0,1,1,0,1,0,0,0,0,0,1,1,3,1252.323,1
0.0,81.4,1,1,13385283.0,1,1,0,0,0,0,0,0,0,1,4,1,1338528.3,0
0.0,1280.4,4,4,237487020.0,1,4,0,1,0,0,1,1,0,1,12,4,200.0,0
466168.0,85464.633333,1,0,466168.0,0,1,0,0,0,1,1,0,0,1,3,5,1000.0,1
396407375.0,20709621.5,2,1,396407375.0,0,2,0,0,0,1,1,1,0,0,7,2,100.0,1
243.0,55.581545,1,0,243.0,0,1,0,0,0,1,0,0,0,0,5,1,24.3,0
0.0,302029.2,2,2,137286.0,1,2,0,0,0,1,1,1,0,0,9,1,100.0,1
77722071.0,10310929.9,4,2,77722071.0,0,4,0,0,0,1,0,1,0,0,17,4,7772207.1,1
0.0,1.1,1,1,702730.0,1,1,0,0,0,0,0,0,0,0,4,1,70273.0,0
0.0,110.0,2,2,449768197.0,1,2,0,1,0,0,1,1,0,1,12,3,50.0,0
27108.0,0.621275,2,1,27108.0,0,2,0,0,0,0,0,1,0,0,2,1,2710.8,0
5367665.0,984073.916667,7,2,5367665.0,0,7,1,1,0,1,1,1,0,1,15,3,20.0,1
40637437.0,5543590.486395,1,0,40637437.0,0,1,0,0,0,1,0,0,0,0,19,0,40637437.0,1
1266.0,232.1,4,0,1266.0,0,4,0,1,0,0,1,1,0,1,7,3,1.266,0
9913918.0,1817553.633333,5,0,9913918.0,0,5,1,1,0,1,1,1,0,1,10,1,20.0,1
272.1,423.61,1,1,2076014.0,1,1,0,0,0,0,0,0,1,0,4,1,207601.4,0
581672588.0,106639975.466667,8,4,581672588.0,0,8,1,1,0,1,1,1,0,1,25,8,10.0,1
0.0,573.1,1,1,31752026.0,1,1,0,1,0,0,0,0,0,1,4,1,31752.026,0
121326.0,16185.4,1,0,121326.0,0,1,0,0,0,1,1,0,0,0,5,1,10.0,1
110527166.0,19794637.522636,1,0,110527166.0,0,1,0,0,0,1,0,0,0,0,29,3,11052716.6,1
0.0,84.0,1,1,933082.0,1,1,0,0,0,1,1,0,0,0,2,3,100.0,0
6451234.0,941429.9,2,1,6451234.0,0,2,1,1,0,1,1,1,0,1,15,2,100.0,1
0.0,11115218.4,3,3,3368248.0,1,3,1,1,0,0,1,1,0,1,7,4,10.0,1
102575377.0,20797619.883333,1,0,100764346.0,0,1,0,1,0,0,0,0,1,1,4,0,1007643.46,1
36782579.0,7067983.316667,1,0,36489843.0,0,2,0,1,0,1,0,1,1,1,17,3,36489.843,1
0.0,361951176.4,1,1,329046524.0,1,1,0,0,0,0,1,0,0,0,19,2,10.0,0
1142.0,209.366667,2,0,1142.0,0,2,0,1,0,0,0,1,0,1,9,0,11.42,0
0.0,234604.7,1,1,213277.0,1,1,0,0,0,1,0,0,0,0,2,2,21327.7,0
271888840.0,49846287.333333,7,1,271888840.0,0,7,1,1,0,0,1,1,0,1,8,4,20.0,1
0.0,145.2,3,3,772074657.0,1,3,0,1,0,0,0,1,0,1,7,5,772074.657,0
0.0,1.1,1,1,156459373.0,1,1,0,0,0,0,0,0,0,1,1,3,15645937.3,0
236035.0,43273.083333,1,0,236035.0,0,1,0,0,0,0,1,0,0,1,11,2,10.0,1
354193.0,64935.483333,1,0,354193.0,0,1,0,0,0,1,1,0,0,1,1,0,10.0,1
25122855.0,0.953075,3,2,25122855.0,0,3,0,0,0,0,1,1,0,0,3,4,10.0,0
2157240.0,287632.0,1,0,2157240.0,0,1,0,0,0,0,0,0,0,0,40,3,215724.0,1
96041346.0,17607582.1,4,1,96041346.0,0,4,0,1,0,1,1,1,0,1,10,2,20.0,1
0.0,3298.9,1,1,19278757.0,1,1,0,1,0,0,0,0,0,1,1,1,19278.757,1
0.0,495205088.4,4,4,112546611.0,1,4,1,1,0,1,1,1,0,1,17,2,10.0,1
0.0,22.5,4,4,1064575569.0,1,4,0,1,0,1,1,1,0,1,12,4,10.0,0
271128239.0,28041.033333,4,3,271128239.0,0,4,0,0,0,1,1,1,0,0,3,1,1000.0,1
69391.0,2.006933,2,1,69391.0,0,2,0,0,0,1,1,1,0,0,4,1,10.0,0
136065144.0,27250323.9,1,0,133969664.0,0,1,0,1,0,1,1,0,1,1,9,5,100.0,1
0.0,100.0,1,1,119966.0,1,1,0,0,0,1,1,0,0,0,7,3,10.0,0
0.0,1319.9,1,1,4748155.0,1,1,0,0,0,1,1,0,0,0,6,1,10.0,0
812014.0,148887.733333,1,0,812014.0,0,1,1,1,0,1,1,0,0,1,18,2,10.0,1
0.0,275216704.4,1,1,250197004.0,1,1,0,0,0,0,0,0,0,1,3,2,25019700.4,0
0.0,1.1,1,1,147631.0,1,1,0,0,0,0,1,0,0,0,10,1,1.0,0
13639627.0,54242.833333,3,2,13639627.0,0,3,0,1,0,0,0,1,0,1,11,5,13639.627,1
0.0,422568158.1,1,1,384152871.0,1,1,0,1,1,1,1,0,0,1,8,4,10.0,1
0.0,13.8,2,2,729396375.0,1,2,0,0,0,1,1,1,0,0,14,2,50.0,0
87333021.5,16062637.066667,1,0,87314264.0,0,1,1,1,0,0,0,0,1,1,3,0,873142.64,1
0.0,5209.6,2,2,1010154876.0,1,2,0,1,0,0,1,1,0,1,16,2,50.0,0
0.0,82.166667,1,1,446.0,1,1,0,1,0,1,1,0,0,1,7,4,0.446,0
180195946.0,33035930.133333,6,1,180195946.0,0,6,0,1,0,1,0,1,0,1,6,1,180195.946,1
2499.0,481.45,2,1,2499.0,0,2,0,1,0,1,1,1,0,1,15,1,2.499,1
0.0,94639.6,1,1,86036.0,1,1,0,0,0,0,0,0,0,0,12,2,8603.6,0
0.0,128935669.5,5,5,23442849.0,1,5,0,0,0,1,1,1,0,0,8,4,100.0,0
1357078.0,247016.733333,4,1,1357078.0,0,4,0,1,0,0,1,1,0,1,20,2,10.0,1
0.0,17.6,1,1,19747.0,1,1,0,0,0,0,1,0,0,0,2,2,20.0,0
1698372.0,311370.2,7,2,1698372.0,0,7,1,1,0,1,1,1,0,1,17,6,20.0,1
0.0,4.4,1,1,226460.0,1,1,0,0,0,0,0,0,0,1,4,2,22646.0,0
66797640.0,12246824.1,6,1,66797640.0,0,6,0,1,0,1,0,1,0,1,29,2,66797.64,1
0.0,1.578489,3,3,8681517.0,1,3,0,0,0,1,1,1,0,0,19,3,1.0,0
3603.0,1.762933,1,0,3603.0,0,1,0,0,0,0,1,0,0,0,16,3,10.0,0
0.0,29642737.3,1,1,26947943.0,1,1,0,0,0,0,1,0,0,0,8,3,1.0,0
593635.0,79367.133333,1,0,593635.0,0,1,0,0,0,1,1,0,0,0,11,5,10.0,1
0.0,1.1,1,1,12097.0,1,1,0,0,0,0,1,0,0,0,3,2,1.0,0
0.0,602367.7,1,1,547607.0,1,1,0,0,0,0,0,0,0,0,13,1,54760.7,0
0.0,119.8,1,1,647356.0,1,1,0,0,0,1,1,0,0,0,7,4,10.0,0
1529298.5,1992214.766667,1,0,906810.0,0,2,1,1,0,0,0,1,1,1,12,3,906.81,1
0.0,1.1,1,1,26894657.0,1,1,0,0,0,0,1,0,0,0,12,1,1.0,0
0.0,227.266667,2,2,1238.0,1,2,1,1,0,1,0,1,0,1,3,1,1.238,0
234921.0,43101.85,1,0,234921.0,0,1,0,1,0,1,1,0,0,1,19,1,10.0,1
0.0,576.5,1,1,122908.0,1,1,0,0,0,1,1,0,0,0,7,2,100.0,0
0.0,1.1,1,1,185477036.0,1,1,0,0,0,0,1,0,0,0,3,1,1.0,0
3389322.0,317348.35,4,3,3389322.0,0,4,1,1,0,0,1,1,0,1,2,4,10.0,1
0.0,116.6,1,1,7861748.0,1,1,0,0,0,0,1,0,0,0,9,4,20.0,0
623418344.0,1.737676,2,0,623418344.0,0,2,0,0,0,1,1,1,0,0,9,1,1.0,0
10619486.0,1819911.133333,5,1,10619486.0,0,5,1,1,0,0,1,1,0,1,21,7,100.0,1
0.0,14557057.9,1,1,13233689.0,1,1,0,1,0,1,1,0,0,1,19,5,10.0,1
0.0,2204.9,3,3,207801782.0,1,3,0,0,0,1,1,1,0,0,9,5,50.0,0
0.0,2149.5,1,1,2213251.0,1,1,0,0,0,1,1,0,0,0,11,4,100.0,0
0.0,2.4,1,1,163449.0,1,1,0,0,0,1,1,0,0,0,13,1,50.0,0
3428.0,632.766667,3,1,3428.0,0,3,1,1,0,1,1,1,0,1,6,0,10.0,1
6338721.0,682952.166667,3,1,6338721.0,0,3,0,0,0,0,1,1,0,0,15,5,10.0,1
129678713.0,7827875.8,5,2,129678713.0,0,5,0,0,0,0,1,1,0,0,9,3,100.0,1
34450.0,6357.533333,4,2,34450.0,0,4,0,1,0,1,0,1,0,1,15,4,34.45,1
3035891.5,7086725.983333,1,0,661293.0,0,2,0,1,0,0,0,1,1,1,18,5,661.293,1
813.0,149.05,3,0,813.0,0,3,0,1,0,0,1,1,0,1,9,0,8.13,0
13392454.0,2455687.033333,1,0,13392454.0,0,1,0,1,1,1,1,0,0,1,7,1,10.0,1
0.0,17.566667,1,1,92.0,1,1,1,1,0,1,1,0,0,1,11,0,0.92,0
84806005.0,15547767.983333,1,0,84806005.0,0,1,0,1,0,1,0,0,0,1,23,4,84806.005,1
29660028.0,3659941.4,6,2,29660028.0,0,6,0,0,0,1,1,1,0,0,9,5,10.0,1
0.0,874.5,3,3,265.0,1,3,0,0,0,0,1,1,0,0,10,1,26.5,0
207187420.0,37984360.333333,6,4,207187420.0,0,6,0,1,0,0,1,1,0,1,8,1,20.0,1
0.0,9.2,2,2,10738035.0,1,2,0,0,0,1,0,1,0,0,8,4,1073803.5,0
0.0,1.1,1,1,25149.0,1,1,0,0,0,0,1,0,0,0,8,1,1.0,0
10327958.0,9508739.066667,1,0,3404983.0,0,2,1,1,0,1,0,1,1,1,13,4,3404.983,1
730982644.0,1.185944,3,2,730982644.0,0,3,0,0,0,0,1,1,0,0,18,2,1.0,0
77043774.0,14124692.4,8,2,77043774.0,0,8,1,1,0,1,0,1,0,1,23,2,77043.774,1
1087349.0,199347.316667,1,0,1087349.0,0,1,0,1,0,0,0,0,0,1,14,2,1087.349,1
0.0,673.2,1,1,2904977.0,1,1,0,0,0,1,0,0,0,0,14,4,290497.7,0
68.0,15.377074,2,0,68.0,0,2,0,0,0,1,0,1,0,0,2,0,68.0,0
4873710.0,443892.366667,6,3,4873710.0,0,6,0,1,0,1,0,1,0,1,20,6,4873.71,1
0.0,111.1,1,1,100849.0,1,1,0,0,0,0,0,0,0,1,3,2,10084.9,0
413446231.0,75798477.683333,7,1,413446231.0,0,7,0,1,0,1,1,1,0,1,29,2,20.0,1
52464.0,9670.0,1,0,52464.0,0,1,0,1,0,1,1,0,0,1,16,2,10.0,1
0.0,1.1,1,1,57415606.0,1,1,0,0,0,0,1,0,0,0,1,1,1.0,0
100780678.0,441940.433333,5,4,100780678.0,0,5,1,1,0,1,1,1,0,1,6,2,100.0,1
16.0,3.604816,1,0,16.0,0,1,0,0,0,1,0,0,0,0,12,1,1.6,0
155.0,29.56516,1,0,155.0,0,1,0,1,0,1,0,0,0,1,11,3,0.155,0
0.0,406645.8,1,1,369678.0,1,1,0,0,0,0,0,0,0,0,1,2,36967.8,0
0.0,19.8,1,1,51168486.0,1,1,0,0,0,0,0,0,0,1,3,2,5116848.6,0
19265880.0,2568989.566667,2,1,19265880.0,0,2,0,0,0,1,0,1,0,0,2,3,1926588.0,1
207663.0,38071.55,1,0,207663.0,0,1,0,1,0,0,0,0,0,1,2,3,207.663,1
196763701.0,17763664.2,4,2,196763701.0,0,4,0,0,0,0,1,1,0,0,6,5,1000.0,1
92170239.0,16897877.15,7,1,92170239.0,0,7,0,1,0,0,1,1,0,1,5,5,10.0,1
348162220.0,63829750.333333,7,3,348162220.0,0,7,1,1,0,1,1,1,0,1,12,8,100.0,1
11464251.0,2101781.35,3,0,11464251.0,0,3,0,1,0,1,1,1,0,1,5,1,20.0,1
798.0,146.7,1,0,798.0,0,1,0,1,0,1,0,0,0,1,13,1,0.798,0
2438686.0,447094.433333,5,0,2438686.0,0,5,1,1,0,1,1,1,0,1,29,1,20.0,1
221242548.0,40561133.8,1,0,221242548.0,0,1,1,1,0,0,0,0,0,1,4,1,221242.548,1
133579658.0,17810621.066667,1,0,133579658.0,0,1,0,0,0,0,0,0,0,0,11,2,13357965.8,1
0.0,74.6,3,3,2030220.0,1,3,0,0,0,1,1,1,0,0,9,2,20.0,0
3930983.0,524178.666667,1,0,3930983.0,0,1,0,0,0,1,1,0,0,0,13,3,1000.0,1
0.0,1045277.2,2,2,475126.0,1,2,0,0,0,0,1,1,0,0,4,2,1.0,0
498732562.0,0.185166,2,1,498732562.0,0,2,0,0,0,1,1,1,0,0,3,3,10.0,0
72979725.0,13380362.25,1,0,72979725.0,0,1,0,1,0,1,1,0,0,1,24,0,100.0,1
0.0,126.5,1,1,261824.0,1,1,0,0,0,0,1,0,0,0,6,3,50.0,0
264419.0,290865.3,1,1,508405.0,1,1,0,0,0,0,1,0,1,0,4,1,10.0,0
0.0,33202716.8,1,1,30184288.0,1,1,0,0,0,1,1,0,0,0,6,3,100.0,0
0.0,67.5,4,4,739090583.0,1,4,0,0,0,1,1,1,0,0,11,4,10.0,0
0.0,2748270.8,1,1,2498428.0,1,1,0,1,0,1,0,0,0,1,15,2,2498.428,1
0.0,17.6,4,4,1415120508.0,1,4,0,1,0,0,1,1,0,1,8,4,50.0,0
335964.0,6405.066667,5,4,335964.0,0,5,0,0,0,0,1,1,0,0,6,4,10.0,1
5482163.0,1005135.016667,1,0,5482163.0,0,1,0,1,0,1,1,0,0,1,6,1,10.0,1
0.0,256.5,4,4,4067054.0,1,4,0,0,0,1,0,1,0,0,5,1,406705.4,0
84.0,21.34329,1,0,84.0,0,1,1,1,0,1,0,0,0,1,10,3,0.084,0
333201620.0,61086964.666667,6,2,333201620.0,0,6,0,1,0,1,1,1,0,1,27,7,10.0,1
0.0,6883308361.6,4,4,1564388264.0,1,4,0,0,0,0,1,1,0,0,18,5,50.0,0
1289.9,1421.09,1,1,10828.0,1,1,0,0,0,0,0,0,1,0,7,3,1082.8,0
3942892.0,525718.933333,1,0,3942892.0,0,1,0,0,0,0,0,0,0,0,37,3,394289.2,0
53373751.0,2.406459,3,2,53373751.0,0,3,0,0,0,0,1,1,0,0,3,4,1.0,0
297759448.0,11945855.716667,5,4,297759448.0,0,5,0,1,0,0,1,1,0,1,5,2,100.0,1
5773531.0,769804.133333,1,0,5773531.0,0,1,0,0,0,0,0,0,0,0,30,3,577353.1,1
0.0,1528.8,1,1,27396542.0,1,1,0,0,0,1,1,0,0,0,15,2,20.0,0
107685942.0,25236.1,5,2,107685942.0,0,5,0,0,0,1,0,1,0,0,10,1,10768594.2,0
0.0,5.6,5,5,3435269.0,1,5,0,0,0,1,0,1,0,0,17,1,343526.9,0
0.0,104.0,1,1,1639033.0,1,1,0,0,0,1,1,0,0,0,8,3,50.0,0
0.0,1.1,1,1,11465.0,1,1,0,0,0,0,0,0,0,0,12,1,1146.5,0
0.0,775.6,3,3,6582666.0,1,3,0,0,0,1,1,1,0,0,15,4,100.0,0
0.0,493.9,1,1,2246596.0,1,1,0,0,0,0,1,0,0,0,6,1,50.0,0
0.0,1.1,1,1,2839.0,1,1,0,0,0,0,0,0,0,0,2,1,283.9,0
212192711.0,6008.8,5,4,212192711.0,0,5,0,0,0,1,1,1,0,0,20,4,100.0,0
747471.0,137036.55,1,0,747471.0,0,1,0,1,0,1,0,0,0,1,14,4,747.471,1
0.0,7.7,1,1,1577535.0,1,1,0,0,0,0,1,0,0,0,11,3,20.0,0
287270.0,40521.166667,1,0,287270.0,0,1,0,0,0,1,1,0,0,0,14,0,1000.0,1
0.0,21310586.0,1,1,19373260.0,1,1,0,1,0,1,1,0,0,1,15,1,1000.0,1
7935459.0,1454836.15,5,2,7935459.0,0,5,0,1,0,1,1,1,0,1,18,8,20.0,1
0.0,18.0,1,1,445057.0,1,1,0,0,0,1,1,0,0,0,3,3,100.0,0
7785.0,1427.25,3,1,7785.0,0,3,1,1,1,0,1,1,0,1,5,1,7.785,1
0.0,26.4,1,1,50426.0,1,1,0,0,0,0,1,0,0,0,3,1,100.0,0
0.0,9.9,1,1,54476285.0,1,1,0,1,0,0,0,0,0,1,3,1,54476.285,0
1470.0,271.2,2,0,1470.0,0,2,0,1,0,1,1,1,0,1,12,3,1.47,1
141180363.0,962944.766667,5,3,141180363.0,0,5,0,0,0,1,1,1,0,0,4,1,100.0,1
1983.3,2335.63,1,1,3235369.0,1,1,0,0,0,0,0,0,1,0,8,2,323536.9,0
19663048.0,2621748.433333,1,0,19663048.0,0,1,0,0,0,1,1,0,0,0,17,0,100.0,1
0.0,2.4,1,1,801933427.0,1,1,1,0,0,1,1,0,0,0,17,5,50.0,0
0.0,13.5,4,4,1423055366.0,1,4,0,0,0,1,0,1,0,0,18,6,142305536.6,0
0.0,18.7,1,1,4565328.0,1,1,0,1,0,0,0,0,0,1,3,3,4565.328,0
0.0,334.692858,1,1,1270.0,1,1,1,1,0,1,1,0,0,1,2,1,1.27,0
19417146.0,3121721.39134,1,0,19417146.0,0,1,0,0,0,1,0,0,0,0,40,4,1941714.6,1
0.0,2.2,2,2,15132.0,1,2,0,0,0,0,1,1,0,0,13,4,20.0,0
0.0,34689.6,1,1,31536.0,1,1,0,0,0,1,0,0,0,0,14,2,3153.6,0
328967226.0,44624.9,5,3,328967226.0,0,5,0,0,0,0,1,1,0,0,9,2,100.0,0
12133.0,2226.683333,2,1,12133.0,0,2,1,1,0,1,1,1,0,1,8,4,10.0,1
7954082.0,1458249.366667,1,0,7954082.0,0,1,0,1,0,1,0,0,0,1,3,1,7954.082,1
53304925.0,282044.233333,2,1,53304925.0,0,2,0,1,0,1,1,1,0,1,7,4,100.0,1
539.8,601.48,1,1,1400757.0,1,1,0,0,0,0,0,0,1,0,7,1,140075.7,0
0.0,1.1,1,1,2339487.0,1,1,0,0,0,0,1,0,0,0,12,2,1.0,0
60784554.0,11143844.9,8,3,60784554.0,0,8,1,1,0,1,1,1,0,1,8,6,100.0,1
0.0,13.2,1,1,878040437.0,1,1,0,0,0,1,1,0,0,0,9,1,10.0,0
17104.1,18872.81,1,1,47035092.0,1,1,0,0,0,0,1,0,1,0,3,1,100.0,0
46897693.0,930.566667,3,2,46897693.0,0,3,1,1,0,1,0,1,0,1,13,7,46897.693,0
101181721.0,25494773.783333,1,0,94874515.0,0,2,1,1,0,1,0,1,1,1,16,1,94874.515,1
9797.0,1836.116667,2,1,9797.0,0,2,1,1,0,1,1,1,0,1,5,4,9.797,1
7054.0,1293.533333,1,0,7054.0,0,1,0,1,0,1,1,0,0,1,5,0,10.0,1
26527580.5,6202994.233333,1,0,26040452.0,0,2,0,1,0,1,0,1,1,1,8,5,26040.452,1
0.0,930.6,1,1,20498.0,1,1,0,1,0,0,0,0,0,1,2,2,20.498,1
19183885.0,3522710.083333,1,0,19183885.0,0,1,0,1,0,1,1,0,0,1,10,2,100.0,1
6465326.0,1185309.766667,1,0,6465326.0,0,1,1,1,0,0,0,0,0,1,15,2,6465.326,1
0.0,5767.3,1,1,408469.0,1,1,0,0,0,0,0,0,0,1,3,2,40846.9,1
788.1,2074.71,1,1,588870.0,1,1,0,0,0,0,0,0,1,0,7,2,58887.0,1
0.0,3238.3,1,1,15427.0,1,1,0,0,0,1,1,0,0,0,15,1,10.0,1
0.0,8.8,4,4,13966189.0,1,4,0,0,0,0,1,1,0,0,9,2,100.0,0
3215820.0,428786.2,1,0,3215820.0,0,1,0,0,0,1,1,0,0,0,16,4,1000.0,1
0.0,42.0,1,1,96529754.0,1,1,0,0,0,1,1,0,0,0,3,3,100.0,0
0.0,3229.533333,1,1,17614.0,1,1,1,1,0,1,1,0,0,1,10,2,10.0,1
98003665.0,17967806.683333,1,0,98003665.0,0,1,0,1,0,1,1,0,0,1,4,4,100.0,1
0.0,49.5,1,1,261212666.0,1,1,0,1,0,0,1,0,0,1,9,4,10.0,0
6506.0,1201.466667,3,0,6506.0,0,3,0,1,0,1,1,1,0,1,10,3,6.506,1
0.0,432.4,2,2,1593220783.0,1,2,0,1,0,1,1,1,0,1,9,3,50.0,0
10903288.0,7589250.133333,1,0,5821186.0,0,2,1,1,0,1,0,1,1,1,20,1,5821.186,1
0.0,33.366667,1,1,182.0,1,1,0,1,0,0,1,0,0,1,15,2,0.182,0
0.0,3752.6,3,3,858899784.0,1,3,0,0,0,1,1,1,0,0,18,4,200.0,0
157.3,202.73,1,1,1330967.0,1,1,0,0,0,0,1,0,1,0,9,2,100.0,0
1472.0,2679.6,1,1,17207.0,1,1,0,0,0,0,1,0,1,0,2,1,100.0,1
14996201.0,2749304.216667,1,0,14996201.0,0,1,1,1,0,1,1,0,0,1,8,3,10.0,1
0.0,700.7,1,1,447195896.0,1,1,1,1,0,0,1,0,0,1,2,3,50.0,0
94593980.0,22824669.166667,1,0,89609948.0,0,1,0,1,0,1,0,0,1,1,19,3,89609.948,1
1075932.0,197945.5,1,0,1075932.0,0,1,1,1,0,1,1,0,0,1,9,5,10.0,1
0.0,7.2,1,1,334694.0,1,1,0,0,0,1,1,0,0,0,3,1,100.0,0
126370285.0,19544270.910154,1,0,126370285.0,0,1,0,0,0,1,0,0,0,0,16,2,12637028.5,1
35817284.0,9931246.166667,1,0,32759107.0,0,1,0,1,0,1,0,0,1,1,4,2,32759.107,1
0.0,1.1,1,1,64773072.0,1,1,0,0,0,0,1,0,0,0,18,3,50.0,0
0.0,1564.8,1,1,26920905.0,1,1,0,0,0,1,1,0,0,0,11,4,50.0,0
0.0,1.1,1,1,21871208.0,1,1,0,0,0,0,0,0,0,0,1,2,2187120.8,0
0.0,2383.7,1,1,91503805.0,1,1,0,1,0,0,1,0,0,1,5,1,10.0,0
0.0,2.174506,1,1,1914936.0,1,1,0,0,0,0,1,0,0,0,4,2,10.0,0
0.0,1.1,1,1,233194.0,1,1,0,0,0,0,0,0,0,0,10,2,23319.4,0
304081151.0,55749704.816667,6,2,304081151.0,0,6,0,1,0,1,0,1,0,1,8,8,304081.151,1
6379760.0,850634.666667,1,0,6379760.0,0,1,0,0,0,0,0,0,0,0,3,1,637976.0,1
0.0,202.8,1,1,101396674.0,1,1,0,0,0,1,0,0,0,0,7,1,10139667.4,0
0.0,85.0,3,3,950745076.0,1,3,1,0,0,1,1,1,0,0,16,2,50.0,0
0.0,738.0,4,4,2190430980.0,1,4,0,0,0,1,0,1,0,0,2,6,219043098.0,0
59812.0,1.824258,2,1,59812.0,0,2,0,0,0,1,1,1,0,0,9,2,10.0,0
0.0,17.6,1,1,29411.0,1,1,0,0,0,0,1,0,0,0,8,1,20.0,0
145994040.6,26829850.51,1,0,145970853.0,0,2,1,1,0,1,0,1,1,1,7,3,145970.853,1
0.0,8.8,1,1,211468582.0,1,1,0,0,0,0,1,0,0,0,14,4,200.0,0
0.0,1494.9,1,1,192934291.0,1,1,0,1,0,0,1,0,0,1,14,2,10.0,0
2430.0,467.7,2,1,2430.0,0,2,0,1,0,1,1,1,0,1,10,0,10.0,1
0.0,119.9,1,1,120829.0,1,1,0,0,0,0,0,0,0,1,1,2,12082.9,0
0.0,50.4,5,5,13303515.0,1,5,0,0,0,1,1,1,0,0,3,3,20.0,0
2801197.0,513552.783333,1,0,2801197.0,0,1,0,1,0,0,0,0,0,1,6,1,2801.197,1
0.0,1.1,1,1,14939.0,1,1,0,0,0,0,1,0,0,0,1,1,1.0,0
0.0,13471493.2,1,1,12246812.0,1,1,0,0,0,0,1,0,0,0,6,3,10.0,1
695458.0,92727.733333,1,0,695458.0,0,1,0,0,0,0,1,0,0,0,11,5,100.0,1
1613.0,295.716667,3,0,1613.0,0,3,1,1,0,0,1,1,0,1,12,1,1.613,0
6370.0,1168.333333,3,1,6370.0,0,3,1,1,0,1,1,1,0,1,7,3,6.37,1
0.0,0.746428,1,1,86685.0,1,1,0,0,0,1,0,0,0,0,1,1,8668.5,0
106283033.0,1.222125,3,1,106283033.0,0,3,0,0,0,0,1,1,0,0,18,4,10.0,0
0.0,22.0,5,5,106113802.0,1,5,0,0,0,0,1,1,0,0,9,5,100.0,0
512086.0,0.459697,1,0,512086.0,0,1,0,0,0,1,1,0,0,0,20,2,10.0,0
1063944.0,17233.333333,3,1,1063944.0,0,3,0,1,0,1,0,1,0,1,24,7,1063.944,1
0.0,2.4,1,1,12280999.0,1,1,0,0,0,1,1,0,0,0,14,2,50.0,0
708489248.0,129889698.866667,1,0,708489248.0,0,1,0,1,0,1,1,0,0,1,13,1,10.0,1
12503098.0,2292234.633333,1,0,12503098.0,0,1,0,1,0,0,0,0,0,1,2,3,12503.098,1
12839.0,42368.7,3,0,12839.0,0,3,0,1,1,1,1,1,0,1,10,0,100.0,1
161981.0,1716.133333,3,2,161981.0,0,3,0,0,0,0,1,1,0,0,19,2,10.0,1
1351.0,248.383333,1,0,1351.0,0,1,0,1,0,1,0,0,0,1,3,2,1.351,0
3500063.0,641679.216667,8,1,3500063.0,0,8,0,1,0,1,1,1,0,1,15,3,10.0,1
0.0,1.2,1,1,24407.0,1,1,0,0,0,1,1,0,0,0,12,4,100.0,0
897843.3,51417193.63,1,1,22922530.0,1,2,1,1,0,1,1,1,1,1,9,3,100.0,1
97000.0,19388.6,4,3,97000.0,0,4,1,1,0,0,1,1,0,1,21,4,97.0,1
0.0,1.1,1,1,201353048.0,1,1,0,0,0,0,1,0,0,0,5,1,1.0,0
0.0,435.6,2,2,375264546.0,1,2,0,0,0,0,1,1,0,0,7,6,10.0,0
9994911.0,1332654.8,1,0,9994911.0,0,1,0,0,0,0,0,0,0,0,29,4,999491.1,0
0.0,5.5,5,5,381746.0,1,5,0,0,0,0,1,1,0,0,17,1,20.0,0
1298577.5,341642.816667,1,0,1261267.0,0,1,0,1,0,1,1,0,1,1,7,0,100.0,1
166143783.0,30459698.75,1,0,166143783.0,0,1,0,1,0,1,0,0,0,1,15,0,1661437.83,1
0.0,149589099.0,1,1,135990090.0,1,1,0,0,0,1,0,0,0,0,2,1,13599009.0,0
5780529.5,1107499.616667,1,0,5763171.0,0,1,0,1,0,0,0,0,1,1,5,3,5763.171,1
0.0,193.6,4,4,2058974564.0,1,4,0,0,0,0,1,1,0,0,10,2,200.0,0
81599354.0,0.590816,3,1,81599354.0,0,3,0,0,0,0,1,1,0,0,6,4,1.0,0
24749.0,4538.316667,3,2,24749.0,0,3,0,1,0,1,0,1,0,1,4,4,24.749,1
590129.7,67908396.27,1,1,61144776.0,1,1,0,1,0,1,0,0,1,1,7,3,61144.776,1
248137.0,0.897275,3,2,248137.0,0,3,0,0,0,0,0,1,0,0,2,2,24813.7,0
0.0,1572.0,1,1,419977.0,1,1,0,0,0,1,0,0,0,0,3,4,41997.7,1
0.0,281.6,4,4,1286231108.0,1,4,0,0,0,0,0,1,0,0,5,4,128623110.8,0
25616232.0,4696369.9,1,0,25616232.0,0,1,1,1,0,1,1,0,0,1,9,1,100.0,1
0.0,290.4,1,1,264.0,1,1,0,1,0,0,1,0,0,1,9,3,0.264,0
0.0,2191.2,1,1,39401510.0,1,1,0,1,0,0,0,0,0,1,2,1,39401.51,0
0.0,7.2,1,1,20836.0,1,1,0,0,0,1,1,0,0,0,10,4,100.0,0
894560.0,164002.966667,1,0,894560.0,0,1,0,1,0,1,1,0,0,1,13,3,100.0,1
1774053.0,325243.05,1,0,1774053.0,0,1,0,1,0,0,1,0,0,1,2,5,100.0,1
11982652.0,1004621.733333,3,2,11982652.0,0,3,0,0,0,0,1,1,0,0,25,4,100.0,1
277765.0,0.390428,1,0,277765.0,0,1,0,0,0,0,1,0,0,0,14,2,10.0,0
120052717.0,132057988.7,1,0,120052717.0,0,1,0,1,0,1,0,0,0,1,21,0,1200527.17,1
56020.0,10270.533333,1,0,56020.0,0,1,0,0,0,1,0,0,0,1,18,5,5602.0,1
2816968.0,516446.133333,5,2,2816968.0,0,5,1,1,0,1,1,1,0,1,15,5,20.0,1
0.0,1690998573.0,2,2,768635715.0,1,2,0,0,0,1,0,1,0,0,12,6,76863571.5,0
85441830.0,15664337.5,6,1,85441830.0,0,6,1,1,0,1,1,1,0,1,30,8,20.0,1
122016983.0,22369781.216667,1,0,122016983.0,0,1,0,1,0,1,1,0,0,1,15,3,100.0,1
1936495.0,355104.283333,4,1,1936495.0,0,4,0,1,0,1,0,1,0,1,5,1,1936.495,1
0.0,420324861.0,1,1,382113510.0,1,1,0,1,0,1,1,0,0,1,10,4,10.0,1
5794.0,772.533333,4,3,5794.0,0,4,0,0,0,0,1,1,0,0,6,2,100.0,0
0.0,6.6,1,1,137245.0,1,1,0,0,0,0,0,0,0,1,2,3,13724.5,0
136818964.0,18242528.533333,1,0,136818964.0,0,1,0,0,0,0,0,0,0,0,22,3,13681896.4,0
0.0,270.0,1,1,11907452.0,1,1,0,0,0,1,0,0,0,0,3,3,1190745.2,0
0.0,154.8,1,1,321418.0,1,1,0,0,0,1,0,0,0,0,3,2,32141.8,0
0.0,1516.9,1,1,65939.0,1,1,0,0,0,0,0,0,0,1,1,3,6593.9,1
1924298.0,352790.566667,1,0,1924298.0,0,1,0,0,0,1,1,0,0,1,1,3,1000.0,1
25591.7,121001.87,1,1,84410.0,1,1,0,0,0,0,0,0,1,0,2,3,8441.0,0
1265433.0,231996.05,1,0,1265433.0,0,1,1,1,0,0,1,0,0,1,25,3,10.0,1
0.0,17.0,3,3,900698395.0,1,3,0,0,0,1,1,1,0,0,12,4,10.0,0
18873068.0,3460064.466667,3,0,18873068.0,0,3,0,1,0,1,1,1,0,1,18,4,20.0,1
0.0,906.5,1,1,1106168.0,1,1,0,0,0,1,1,0,0,0,13,1,100.0,0
212605997.0,38977766.116667,1,0,212605997.0,0,1,0,1,0,0,0,0,0,1,12,5,212605.997,1
0.0,1000221.2,1,1,909292.0,1,1,0,0,0,1,1,0,0,0,8,1,10.0,0
0.0,0.336269,1,1,85668.0,1,1,0,0,0,0,1,0,0,0,18,2,1.0,0
73707.0,9831.2,1,0,73707.0,0,1,0,0,0,1,1,0,0,0,17,2,1000.0,1
0.0,7578.4,4,4,414967432.0,1,4,0,0,0,1,1,1,0,0,15,3,50.0,0
5536909.0,1015099.983333,1,0,5536909.0,0,1,0,1,0,0,0,0,0,1,8,2,5536.909,1
221708.0,29561.066667,1,0,221708.0,0,1,0,0,0,0,0,0,0,0,12,5,22170.8,1
14625.7,16103.67,1,1,46916.0,1,1,0,0,0,0,1,0,1,0,9,1,10.0,0
0.0,1.1,1,1,119240190.0,1,1,0,0,0,0,1,0,0,0,2,2,1.0,0
0.0,21.6,1,1,23368.0,1,1,0,0,0,1,1,0,0,0,8,2,100.0,0
0.0,1128259242.0,5,5,205138044.0,1,5,0,0,0,1,1,1,0,0,16,1,20.0,0
873623.0,160384.116667,1,0,873623.0,0,1,0,1,0,1,1,0,0,1,6,2,10.0,1
113248744.0,19514.166667,6,5,113248744.0,0,6,0,0,0,1,1,1,0,0,15,1,100.0,0
67126534.0,12306664.233333,1,0,67126534.0,0,1,0,1,1,1,1,0,0,1,7,1,100.0,1
11738.0,2152.666667,3,0,11738.0,0,3,0,1,0,1,1,1,0,1,3,4,10.0,1
23050064.0,390088.433333,6,2,23050064.0,0,6,0,0,0,1,0,1,0,0,7,6,2305006.4,1
654631197.0,87284159.6,1,0,654631197.0,0,1,0,0,0,0,0,0,0,0,37,1,65463119.7,1
2916859.0,388914.533333,1,0,2916859.0,0,1,0,0,0,0,1,0,0,0,14,0,10.0,1
0.0,37.2,1,1,716772.0,1,1,0,0,0,1,1,0,0,0,12,4,100.0,0
0.0,63.6,1,1,104275518.0,1,1,0,0,0,1,1,0,0,0,11,3,100.0,0
173.4,1637.24,1,1,1222217.0,1,1,0,0,0,0,0,0,1,0,3,2,122221.7,1
0.0,1.1,1,1,2347190.0,1,1,0,0,0,0,0,0,0,0,10,1,234719.0,0
26242.0,4811.533333,4,2,26242.0,0,4,1,1,0,1,1,1,0,1,5,4,26.242,1
6426.0,0.553799,2,0,6426.0,0,2,0,0,0,1,1,1,0,0,7,4,1.0,0
28641109.9,5361023.873333,1,0,28601054.0,0,1,0,1,0,0,0,0,1,1,14,5,28601.054,1
30529472.0,5597079.866667,3,1,30529472.0,0,3,1,1,0,1,1,1,0,1,27,8,100.0,1
121612332.0,12521.35,2,1,121612332.0,0,2,1,1,0,1,0,1,0,1,3,1,121612.332,0
120310052.0,22056842.866667,1,0,120310052.0,0,1,0,1,0,0,1,0,0,1,12,1,100.0,1
0.0,2.090663,1,1,387992.0,1,1,0,0,0,0,1,0,0,0,17,2,1.0,0
0.0,2.4,1,1,1362659.0,1,1,0,0,0,1,1,0,0,0,10,1,20.0,0
305177711.0,55949250.316667,3,0,305177711.0,0,3,0,1,0,1,0,1,0,1,30,5,305177.711,1
12190320.0,2234893.4,4,1,12190320.0,0,4,0,1,0,1,1,1,0,1,28,5,20.0,1
193990045.0,35564843.083333,4,1,193990045.0,0,4,1,1,0,1,0,1,0,1,5,7,193990.045,1
16528530.0,1539.366667,4,3,16528530.0,0,4,0,0,0,0,0,1,0,0,4,2,1652853.0,0
46626377.0,415296.9,5,3,46626377.0,0,5,1,1,0,1,1,1,0,1,10,7,100.0,1
66286.6,74149.46,1,1,31068495.0,1,1,0,0,0,0,0,0,1,0,4,3,3106849.5,0
7383535.0,984472.033333,1,0,7383535.0,0,1,0,0,0,1,1,0,0,0,5,1,1000.0,1
2124168.0,389430.8,1,0,2124168.0,0,1,0,0,0,0,0,0,0,1,15,3,212416.8,1
0.0,159.8,3,3,296502102.0,1,3,0,0,0,1,1,1,0,0,14,1,200.0,0
224698108.0,41194653.133333,1,0,224698108.0,0,1,1,1,0,0,0,0,0,1,17,0,2246981.08,1
0.0,964248066.1,1,1,876589151.0,1,1,0,1,0,1,0,0,0,1,10,1,876589.151,1
122317372.0,22424853.533333,8,2,122317372.0,0,8,1,1,0,1,1,1,0,1,11,7,20.0,1
24288.7,26748.37,1,1,169538.0,1,1,0,0,0,0,1,0,1,0,10,1,100.0,0
31150715.0,4115574.8,4,2,31150715.0,0,4,0,0,0,0,1,1,0,0,8,2,100.0,1
0.0,362.4,1,1,16395.0,1,1,0,0,0,1,0,0,0,0,8,1,1639.5,0
207529.0,38057.283333,1,0,207529.0,0,1,0,1,0,1,1,0,0,1,8,2,207.529,1
0.0,867.6,1,1,276427.0,1,1,0,0,0,1,0,0,0,0,3,1,27642.7,1
0.0,11.0,1,1,55171983.0,1,1,0,1,0,0,0,0,0,1,2,3,55171.983,0
64040354.0,11740731.566667,1,0,64040354.0,0,1,0,1,0,0,0,0,0,1,25,0,640403.54,1
5514656.6,13806807.776667,1,0,861643.0,0,2,1,1,0,0,0,1,1,1,8,0,8616.43,1
0.0,117.0,4,4,1735854524.0,1,4,0,0,0,1,1,1,0,0,5,6,200.0,0
0.0,122.0,1,1,96943.0,1,1,0,0,0,1,1,0,0,0,4,2,10.0,0
5383960.0,717861.333333,1,0,5383960.0,0,1,0,0,0,0,1,0,0,0,15,0,10.0,1
33988434.0,6231941.7,1,0,33988434.0,0,1,0,1,1,1,1,0,0,1,8,2,100.0,1
33687004.0,6175950.733333,7,1,33687004.0,0,7,0,1,0,0,0,1,0,1,15,8,33687.004,1
0.0,1.1,1,1,244087.0,1,1,0,0,0,0,1,0,0,0,7,1,1.0,0
933.0,124.4,4,1,933.0,0,4,0,0,0,0,1,1,0,0,3,3,93.3,0
7662.0,1406.0,4,0,7662.0,0,4,0,1,0,1,1,1,0,1,4,4,7.662,1
2881.4,3334.54,1,1,177223.0,1,1,0,0,0,0,1,0,1,0,6,2,10.0,0
14762262.0,2706415.7,3,0,14762262.0,0,3,0,1,0,1,1,1,0,1,4,7,10.0,1
0.0,13654.3,1,1,351507.0,1,1,0,0,0,0,0,0,0,1,1,2,35150.7,1
265399.4,292965.64,1,1,13752.0,1,1,0,0,0,0,1,0,1,0,3,3,100.0,0
27775634.0,3703417.866667,1,0,27775634.0,0,1,0,0,0,0,0,0,0,0,36,1,2777563.4,1
58426809.0,10711591.65,5,1,58426809.0,0,5,1,1,0,1,1,1,0,1,17,3,100.0,1
0.0,2878.7,1,1,194324720.0,1,1,0,1,0,0,1,0,0,1,9,3,10.0,0
36384844.8,6910776.48,1,0,36298510.0,0,1,1,1,0,1,0,0,1,1,12,5,36298.51,1
56916.0,7572.9,2,1,56916.0,0,2,0,0,0,1,0,1,0,0,19,6,5691.6,1
0.0,87251731.6,4,4,19829939.0,1,4,0,0,0,1,1,1,0,0,12,3,100.0,0
620.0,160.712997,3,0,620.0,0,3,0,1,0,1,0,1,0,1,12,0,6.2,0
7413636.0,1499442.7,1,0,7286118.0,0,2,0,1,0,1,0,1,1,1,6,2,7286.118,1
0.0,162.8,1,1,26756176.0,1,1,0,0,0,0,1,0,0,0,7,3,50.0,0
1316.0,219.749842,2,1,1316.0,0,2,0,0,0,1,1,1,0,0,7,2,100.0,0
1248308.0,231724.666667,1,0,1248308.0,0,1,0,1,0,1,1,0,0,1,5,4,1000.0,1
0.0,40.5,4,4,2254337361.0,1,4,0,0,0,1,0,1,0,0,4,1,225433736.1,0
68127390.0,12490022.4,7,4,68127390.0,0,7,0,1,0,1,0,1,0,1,7,5,68127.39,1
0.0,1.1,1,1,284223589.0,1,1,0,0,0,0,0,0,0,0,3,1,28422358.9,0
0.0,464039133.8,2,2,210926879.0,1,2,0,1,0,0,1,1,0,1,17,2,1000.0,1
207.0,45.234158,4,1,207.0,0,4,0,1,0,1,1,1,0,1,8,2,0.207,0
0.0,4.8,1,1,684819984.0,1,1,0,1,0,1,0,0,0,1,8,4,684819.984,0
3874331.3,655773.896667,1,0,3813819.0,0,2,1,0,0,1,0,1,1,0,17,2,381381.9,1
111471468.0,637567.683333,2,1,111471468.0,0,2,1,1,0,1,1,1,0,1,6,5,100.0,1
663.9,773.19,1,1,388003.0,1,1,0,0,0,0,1,0,1,0,8,3,10.0,0
20815053.0,3816095.05,5,2,20815053.0,0,5,0,1,0,1,1,1,0,1,17,3,20.0,1
0.0,1.1,1,1,124995149.0,1,1,0,0,0,0,1,0,0,0,4,1,1.0,0
286247.0,52481.516667,1,0,286247.0,0,1,0,0,0,1,1,0,0,1,7,0,100.0,1
0.0,9.9,3,3,190014.0,1,3,0,0,0,0,0,1,0,0,8,3,19001.4,0
0.0,1575698547.5,5,5,286490645.0,1,5,1,1,0,1,0,1,0,1,9,3,286490.645,1
16223.0,2990.516667,3,2,16223.0,0,3,1,1,0,1,1,1,0,1,5,2,10.0,1
0.0,1007.1,1,1,881297.0,1,1,0,0,0,1,1,0,0,0,11,3,50.0,1
0.0,488.4,4,4,63203523.0,1,4,0,0,0,0,0,1,0,0,7,4,6320352.3,0
5137652.0,4315578.666667,1,0,2070674.0,0,1,0,1,0,0,0,0,1,1,12,5,2070.674,1
6278709.0,837161.2,1,0,6278709.0,0,1,0,0,0,0,0,0,0,0,4,5,627870.9,1
392556.0,51543.233333,4,1,392556.0,0,4,0,0,0,0,1,1,0,0,7,3,100.0,1
5881681.0,1167997.683333,1,0,5849139.0,0,1,1,1,0,1,1,0,1,1,6,1,100.0,1
50578402.0,9272707.033333,1,0,50578402.0,0,1,0,1,0,0,0,0,0,1,6,3,50578.402,1
0.0,18953.0,1,1,114846033.0,1,1,0,1,0,0,0,0,0,1,2,2,114846.033,0
0.0,79306615.3,1,1,72096923.0,1,1,0,0,0,0,1,0,0,0,2,1,1.0,0
123582.0,22656.7,1,0,123582.0,0,1,0,0,0,0,1,0,0,1,7,4,1000.0,1
150590.0,27609.066667,1,0,150590.0,0,1,0,1,0,1,0,0,0,1,16,0,1505.9,1
0.0,4.5,4,4,18167884.0,1,4,0,0,0,1,1,1,0,0,8,3,20.0,0
33761.5,37140.95,1,1,3944684.0,1,1,0,0,0,0,1,0,1,0,3,3,100.0,0
1130.0,222.366667,4,0,1130.0,0,4,0,1,0,1,1,1,0,1,11,4,1.13,0
4462697.6,3328943.276667,1,0,3549703.0,0,1,1,1,0,1,1,0,1,1,10,2,100.0,1
0.0,1919.683333,1,1,10465.0,1,1,1,1,0,1,1,0,0,1,3,4,10.465,1
353447773.0,64798792.583333,1,0,353447773.0,0,1,1,1,0,1,0,0,0,1,14,5,353447.773,1
4401115.0,806878.083333,1,0,4401115.0,0,1,0,1,0,1,0,0,0,1,25,4,4401.115,1
0.0,8.8,1,1,77714116.0,1,1,0,1,0,0,0,0,0,1,4,3,77714.116,0
681738.0,90898.4,1,0,681738.0,0,1,0,0,0,0,1,0,0,0,17,4,10.0,1
24675407.0,3290054.266667,1,0,24675407.0,0,1,0,0,0,0,0,0,0,0,36,1,2467540.7,0
0.0,3.6,1,1,386934.0,1,1,0,0,0,1,1,0,0,0,5,3,50.0,0
32060.0,5879.566667,4,2,32060.0,0,4,0,1,0,1,1,1,0,1,6,1,10.0,1
0.0,79.0,2,2,123373637.0,1,2,0,0,0,1,1,1,0,0,5,2,20.0,0
0.0,3.3,3,3,49151728.0,1,3,0,0,0,0,0,1,0,0,8,1,4915172.8,0
112463.0,14996.866667,1,0,112463.0,0,1,0,0,0,1,0,0,0,0,8,1,11246.3,1
80.0,14.88276,1,0,80.0,0,1,0,0,0,1,1,0,0,0,12,0,10.0,0
0.0,604593.0,1,1,549630.0,1,1,0,1,0,1,0,0,0,1,16,3,549.63,1
0.0,1.1,1,1,10547.0,1,1,0,0,0,0,1,0,0,0,10,1,1.0,0
0.0,2.306614,2,2,330513182.0,1,2,0,0,0,0,1,1,0,0,11,4,1.0,0
0.0,89.6,5,5,33573302.0,1,5,0,0,0,1,1,1,0,0,9,2,100.0,0
260554489.0,34740598.533333,1,0,260554489.0,0,1,0,0,0,0,0,0,0,0,24,2,26055448.9,0
0.0,1.1,1,1,65756.0,1,1,0,0,0,0,0,0,0,0,3,1,6575.6,0
18588638.0,20568.833333,4,3,18588638.0,0,4,0,0,0,1,1,1,0,0,4,2,10.0,1
0.0,999705798.3,3,3,302941151.0,1,3,0,0,0,0,0,1,0,0,8,2,30294115.1,0
17915941.0,3284607.683333,1,0,17915941.0,0,1,1,1,0,1,1,0,0,1,9,4,10.0,1
141.0,156.2,1,1,5929010.0,1,1,0,0,0,0,1,0,1,0,5,2,100.0,0
0.0,74.6,3,3,338499.0,1,3,0,0,0,1,1,1,0,0,6,2,20.0,0
1993.0,406.683333,3,2,1993.0,0,3,0,1,0,1,1,1,0,1,9,0,10.0,0
176155408.0,32295159.033333,2,0,176155408.0,0,2,0,1,0,1,1,1,0,1,4,6,1000.0,1
1288.0,171.733333,2,1,1288.0,0,2,0,0,0,0,0,1,0,0,11,0,1288.0,0
0.0,26.4,1,1,97560.0,1,1,0,0,0,0,0,0,0,1,3,2,9756.0,0
8054013.0,1476569.55,7,1,8054013.0,0,7,0,1,0,1,0,1,0,1,22,1,8054.013,1
0.0,1.734049,1,1,11920.0,1,1,0,0,0,1,0,0,0,0,6,3,1192.0,0
3604.0,2.375777,1,0,3604.0,0,1,0,0,0,0,0,0,0,0,10,2,360.4,0
1652.8,2219.58,1,1,193987.0,1,1,0,0,0,0,1,0,1,0,7,1,10.0,0
341795.0,45572.666667,1,0,341795.0,0,1,0,0,0,0,1,0,0,0,18,0,1000.0,1
2509513.0,460077.383333,4,1,2509513.0,0,4,0,1,0,0,1,1,0,1,10,5,20.0,1
0.0,456.0,1,1,80086156.0,1,1,0,0,0,1,0,0,0,0,14,3,8008615.6,0
339346436.0,62213523.266667,4,3,339346436.0,0,4,0,1,0,1,1,1,0,1,13,2,100.0,1
0.0,633.6,3,3,1326081869.0,1,3,0,0,0,0,0,1,0,0,2,3,132608186.9,0
116477866.0,94547249.133333,1,0,49938799.0,0,1,0,1,0,0,0,0,1,1,10,3,49938.799,1
214633171.0,33810256.333333,4,2,214633171.0,0,4,0,1,0,0,1,1,0,1,16,4,10.0,1
0.0,4064.5,1,1,3695.0,1,1,0,0,0,0,0,0,0,0,4,2,369.5,0
281842576.0,31811693.866667,3,2,281842576.0,0,3,0,0,0,1,1,1,0,0,4,3,1000.0,1
34670317.0,15280.3,4,3,34670317.0,0,4,0,0,0,0,1,1,0,0,13,1,10.0,0
0.0,9.0,4,4,3022568.0,1,4,0,0,0,1,1,1,0,0,13,1,20.0,0
0.0,1615.8,1,1,53478732.0,1,1,0,0,0,1,1,0,0,0,15,4,10.0,0
16580.0,3087.266667,2,1,16580.0,0,2,0,1,1,1,1,1,0,1,15,1,16.58,1
134230904.0,0.500642,3,2,134230904.0,0,3,0,0,0,0,1,1,0,0,3,1,10.0,0
16720749.0,1964902.05,5,3,16720749.0,0,5,0,1,0,1,1,1,0,1,16,1,100.0,1
248830.3,275769.23,1,1,10370.0,1,1,0,0,0,0,1,0,1,0,4,3,100.0,0
3899.0,0.1206,1,0,3899.0,0,1,0,0,0,1,1,0,0,0,16,4,1.0,0
10046595.0,1339302.4,3,1,10046595.0,0,3,0,0,0,0,0,1,0,0,6,1,1004659.5,1
10556952.0,1697256.496315,1,0,10556952.0,0,1,0,0,0,1,0,0,0,0,18,0,10556952.0,1
0.0,1973.9,3,3,789538465.0,1,3,0,0,0,1,0,1,0,0,11,1,78953846.5,0
0.0,34435646.3,1,1,31305133.0,1,1,0,0,0,0,0,0,0,1,2,1,3130513.3,0
315683448.0,1.108228,2,0,315683448.0,0,2,0,0,0,0,0,1,0,0,5,3,31568344.8,0
4194955.2,1119072.72,1,0,4067684.0,0,2,0,1,0,1,1,1,1,1,13,0,100.0,1
0.0,1564.2,3,3,1899327.0,1,3,0,0,0,0,1,1,0,0,19,2,20.0,0
4353868.6,2260691.693333,1,0,3822102.0,0,2,1,1,0,1,1,1,1,1,7,0,100.0,1
22393.0,4107.183333,2,1,22393.0,0,2,1,1,0,1,1,1,0,1,4,3,10.0,1
46051048.0,377226.233333,4,1,46051048.0,0,4,0,0,0,1,0,1,0,0,23,6,4605104.8,1
0.0,997.1,1,1,422426453.0,1,1,0,0,0,1,1,0,0,0,3,1,50.0,0
127526052.0,23379776.2,7,1,127526052.0,0,7,0,1,0,0,0,1,0,1,19,7,127526.052,1
2929.6,3228.06,1,1,3746332.0,1,1,0,0,0,0,0,0,1,0,5,1,374633.2,0
9605542.0,1761016.033333,8,0,9605542.0,0,8,0,1,0,0,1,1,0,1,26,4,20.0,1
22967757.0,3062367.6,1,0,22967757.0,0,1,0,0,0,0,0,0,0,0,33,3,2296775.7,1
106284.8,117166.28,1,1,1243266.0,1,1,0,0,0,0,1,0,1,0,3,1,100.0,0
0.0,3188.9,1,1,10720355.0,1,1,0,0,0,0,1,0,0,0,12,1,20.0,0
0.0,1.1,1,1,1734.0,1,1,0,0,0,0,1,0,0,0,3,1,1.0,0
794277.0,145617.45,1,0,794277.0,0,1,0,1,0,0,1,0,0,1,19,3,794.277,1
0.0,7286.4,3,3,1107285424.0,1,3,1,0,0,0,1,1,0,0,13,1,10.0,0
0.0,68.1,1,1,344208.0,1,1,0,0,0,1,1,0,0,0,11,3,10.0,0
41154440.0,7544980.666667,5,2,41154440.0,0,5,0,1,0,0,1,1,0,1,25,2,100.0,1
0.0,1.1,1,1,38365.0,1,1,0,0,0,0,1,0,0,0,1,1,1.0,0
0.0,180.2,3,3,478339780.0,1,3,0,1,0,1,1,1,0,1,12,2,200.0,0
0.0,5.5,1,1,207572859.0,1,1,0,0,0,0,0,0,0,1,2,2,20757285.9,0
132781197.0,24343220.35,6,1,132781197.0,0,6,1,1,0,1,1,1,0,1,16,3,100.0,1
0.0,162.233333,1,1,880.0,1,1,0,1,0,1,1,0,0,1,5,2,0.88,0
302399246.0,40319899.466667,1,0,302399246.0,0,1,0,0,0,0,0,0,0,0,13,4,30239924.6,0
0.0,8.8,1,1,21394.0,1,1,0,1,0,0,0,0,0,1,4,3,21.394,0
591193653.0,108385503.05,1,0,591193653.0,0,1,1,1,0,0,0,0,0,1,23,0,5911936.53,1
3566197.0,665524.834251,1,0,3566197.0,0,1,0,0,0,1,0,0,0,0,37,0,3566197.0,1
263.6,3222269.16,1,1,2929072.0,1,1,0,0,0,0,1,0,1,0,6,1,10.0,0
0.0,158.4,1,1,457344.0,1,1,0,0,0,0,0,0,0,1,2,2,45734.4,0
135243887.0,25136428.816667,1,0,134933589.0,0,1,1,1,0,1,0,0,1,1,12,0,1349335.89,1
42528197.0,5670426.266667,1,0,42528197.0,0,1,0,0,0,0,0,0,0,0,8,4,4252819.7,1
4075138.0,861867.233333,1,0,3970812.0,0,1,0,1,0,0,0,0,1,1,3,1,3970.812,1
366.0,78.415236,2,0,366.0,0,2,0,1,0,1,0,1,0,1,5,1,0.366,0
0.0,1662.6,3,3,502014700.0,1,3,0,1,0,1,1,1,0,1,13,6,10.0,0
217389371.0,39854718.016667,4,1,217389371.0,0,4,0,1,0,0,1,1,0,1,29,8,100.0,1
0.0,1.1,1,1,13143.0,1,1,0,0,0,0,1,0,0,0,6,1,1.0,0
305032303.0,55922598.883333,5,2,305032303.0,0,5,0,1,0,1,1,1,0,1,15,8,100.0,1
23738.6,26113.56,1,1,82904.0,1,1,0,0,0,0,1,0,1,0,10,3,100.0,0
0.0,5431.2,2,2,1190135460.0,1,2,0,0,0,1,1,1,0,0,2,5,10.0,0
21461697.0,3082240.651861,1,0,21461697.0,0,1,0,0,0,1,0,0,0,0,33,4,2146169.7,1
5664232.0,1038802.633333,1,0,5664232.0,0,1,0,1,0,1,0,0,0,1,11,0,56642.32,1
16856336.0,3090328.266667,1,0,16856336.0,0,1,0,1,0,0,1,0,0,1,8,0,100.0,1
0.0,50.6,1,1,362534842.0,1,1,0,0,0,0,0,0,0,1,4,2,36253484.2,0
225.0,247.5,1,0,225.0,0,1,1,1,1,1,1,0,0,1,12,0,2.25,0
1996222.0,365984.033333,4,1,1996222.0,0,4,1,1,0,1,1,1,0,1,7,7,100.0,1
0.0,51340653.1,1,1,46673321.0,1,1,0,0,0,0,0,0,0,0,4,1,4667332.1,0
2023.0,419.783333,3,2,2023.0,0,3,1,1,0,1,0,1,0,1,12,4,2.023,1
396331892.0,72660848.566667,6,1,396331892.0,0,6,1,1,0,1,0,1,0,1,30,7,396331.892,1
152493002.0,1.068259,3,2,152493002.0,0,3,0,0,0,0,1,1,0,0,7,4,10.0,0
75434.9,5667500.19,1,1,2538419.0,1,2,0,1,0,1,1,1,1,1,14,5,100.0,1
0.0,33.0,1,1,15546852.0,1,1,0,0,0,0,0,0,0,1,2,1,1554685.2,0
16681.0,3075.883333,4,1,16681.0,0,4,1,1,0,1,1,1,0,1,10,3,10.0,1
0.0,1190.2,1,1,768691.0,1,1,0,1,0,0,0,0,0,1,4,3,768.691,1
946.0,173.633333,3,2,946.0,0,3,0,1,0,1,1,1,0,1,15,0,9.46,0
53628229.0,9831841.983333,5,0,53628229.0,0,5,0,1,0,0,0,1,0,1,15,3,53628.229,1
0.0,21013.3,1,1,19103.0,1,1,0,0,0,0,0,0,0,0,3,1,1910.3,0
680140.0,3862.4,3,2,680140.0,0,3,0,0,0,1,1,1,0,0,17,4,1000.0,1
0.0,1369.5,1,1,5101543.0,1,1,0,0,0,0,1,0,0,0,8,2,50.0,1
47199.0,109550.1,1,1,52392.0,1,1,0,0,0,0,1,0,1,0,4,3,100.0,0
3292838.3,5913680.196667,1,0,1361937.0,0,2,0,1,0,1,1,1,1,1,15,5,100.0,1
7238.0,2.083241,2,0,7238.0,0,2,0,0,0,0,0,1,0,0,15,4,723.8,0
0.0,60.4,1,1,52273.0,1,1,0,0,0,1,1,0,0,0,5,3,10.0,0
0.0,31965297.1,1,1,29059361.0,1,1,0,1,0,1,0,0,0,1,13,5,29059.361,1
0.0,181380799.6,1,1,164891636.0,1,1,1,1,0,1,1,0,0,1,5,3,10.0,1
0.0,345.5,1,1,2989620.0,1,1,0,0,0,1,1,0,0,0,5,4,100.0,0
674.0,123.566667,1,0,674.0,0,1,0,1,0,0,1,0,0,1,5,2,0.674,0
449203.0,82353.883333,1,0,449203.0,0,1,0,0,0,0,1,0,0,1,10,1,1000.0,1
11892.0,2218.6,4,1,11892.0,0,4,0,1,0,1,1,1,0,1,10,2,11.892,1
697071994.0,114551955.993644,1,0,697071994.0,0,1,0,0,0,1,0,0,0,0,30,0,697071994.0,1
6936652.0,7630317.2,1,0,6936652.0,0,1,0,0,0,0,0,0,0,0,34,0,6936652.0,1
54010113.0,1.835875,2,1,54010113.0,0,2,0,0,0,0,1,1,0,0,7,3,1.0,0
125409.0,17091.9,1,0,125409.0,0,1,0,0,0,1,1,0,0,0,16,1,100.0,1
0.0,1369153720.0,8,8,155585650.0,1,8,0,1,0,1,0,1,0,1,28,4,155585.65,1
82125448.0,14947075.983333,2,1,82125448.0,0,2,1,1,0,1,1,1,0,1,20,7,10.0,1
0.0,1.1,1,1,95329098.0,1,1,0,0,0,0,0,0,0,0,12,1,9532909.8,0
0.0,1.2,1,1,134357391.0,1,1,0,1,0,1,0,0,0,1,7,2,134357.391,0
81528914.0,381862045.4,1,1,132809200.0,1,2,0,1,0,1,1,1,1,1,10,1,100.0,1
0.0,755.7,3,3,811465304.0,1,3,0,0,0,0,1,1,0,0,12,5,50.0,0
9735516.4,2796175.673333,1,0,9367762.0,0,1,0,1,0,1,1,0,1,1,3,3,100.0,1
0.0,673.9,2,2,488509893.0,1,2,0,1,0,1,1,1,0,1,2,3,10.0,0
75979436.0,10130591.466667,1,0,75979436.0,0,1,0,0,0,0,0,0,0,0,23,0,75979436.0,1
0.0,16.8,5,5,73055396.0,1,5,0,0,0,1,1,1,0,0,7,3,100.0,0
0.0,30.8,1,1,4645369.0,1,1,0,0,0,0,1,0,0,0,11,1,10.0,0
84544589.0,8697315.8,5,2,84544589.0,0,5,0,0,0,1,1,1,0,0,8,5,100.0,1
0.0,649879412.6,1,1,590799466.0,1,1,0,0,0,0,0,0,0,0,32,1,59079946.6,1
127525.0,23445.383333,1,0,127525.0,0,1,0,1,0,1,1,0,0,1,1,5,127.525,1
18720963.0,3432384.95,1,0,18720963.0,0,1,0,1,0,1,1,0,0,1,5,5,10.0,1
215545656.0,38751333.5,3,1,215545656.0,0,3,1,1,0,0,1,1,0,1,13,2,10.0,1
3365031.0,617077.15,1,0,3365031.0,0,1,1,1,0,1,1,0,0,1,8,4,10.0,1
22627885.0,3017051.333333,1,0,22627885.0,0,1,0,0,0,0,0,0,0,0,23,2,2262788.5,0
0.0,2098673.5,1,1,1907885.0,1,1,0,0,0,0,1,0,0,0,5,3,1.0,0
24567850.0,7001338.333333,1,0,22297901.0,0,2,0,1,0,1,0,1,1,1,19,2,22297.901,1
0.0,45394905.6,6,6,6878016.0,1,6,0,1,0,0,1,1,0,1,15,6,1000.0,1
70465.0,12938.183333,1,0,70465.0,0,1,0,0,0,1,1,0,0,1,10,3,10.0,1
0.0,1.1,1,1,8165732.0,1,1,0,0,0,0,0,0,0,0,1,1,816573.2,0
523847.0,96038.616667,1,0,523847.0,0,1,1,1,0,0,1,0,0,1,12,4,100.0,1
2224.0,326.515141,4,2,2224.0,0,4,0,0,0,1,1,1,0,0,4,3,100.0,0
0.0,61980040.1,1,1,56345491.0,1,1,0,0,0,0,0,0,0,0,6,4,5634549.1,0
21773126.0,3991858.666667,1,0,21773126.0,0,1,0,1,0,1,0,0,0,1,10,0,217731.26,1
38879121.0,5041229.366667,5,2,38879121.0,0,5,0,0,0,1,0,1,0,0,3,4,3887912.1,1
346788.6,382115.36,1,1,22197.0,1,1,0,0,0,0,0,0,1,0,9,1,2219.7,0
1074802.0,197057.033333,5,2,1074802.0,0,5,0,1,0,1,1,1,0,1,6,1,100.0,1
637.0,116.783333,2,1,637.0,0,2,0,1,1,0,0,1,0,1,5,0,6.37,0
0.0,123653068.0,5,5,22482376.0,1,5,0,0,0,1,1,1,0,0,13,4,20.0,0
0.0,2.2,1,1,4780233.0,1,1,0,0,0,0,0,0,0,1,1,2,478023.3,0
378089057.0,69316327.116667,1,0,378089057.0,0,1,0,1,0,0,0,0,0,1,25,1,378089.057,1
2536427.0,465012.316667,8,0,2536427.0,0,8,1,1,0,1,0,1,0,1,16,4,2536.427,1
477291603.0,40002501.8,6,4,477291603.0,0,6,0,0,0,1,0,1,0,0,14,2,47729160.3,1
111669716.0,20472781.266667,1,0,111669716.0,0,1,1,1,1,0,0,0,0,1,4,1,111669.716,1
0.0,3.3,3,3,725188542.0,1,3,0,0,0,0,1,1,0,0,10,3,50.0,0
56183996.0,33979.0,4,3,56183996.0,0,4,0,0,0,0,1,1,0,0,15,4,100.0,0
50106565.0,24487.183333,3,1,50106565.0,0,3,1,1,0,1,1,1,0,1,2,5,100.0,1
26184294.0,42963261.0,1,1,6436608.0,1,2,0,1,0,1,0,1,1,1,8,1,6436.608,1
174836.0,23311.466667,1,0,174836.0,0,1,0,0,0,0,1,0,0,0,9,3,10.0,1
0.0,3.3,3,3,1586728273.0,1,3,0,0,0,0,1,1,0,0,15,4,200.0,0
56219780.0,7810423.35,6,4,56219780.0,0,6,1,1,0,1,0,1,0,1,25,4,56219.78,1
611.0,112.016667,4,3,611.0,0,4,0,1,0,0,1,1,0,1,6,2,0.611,0
719740.0,95965.333333,1,0,719740.0,0,1,0,0,0,0,0,0,0,0,3,5,71974.0,1
17390193.0,3394637.95,1,0,17202524.0,0,2,1,1,0,0,1,1,1,1,18,4,100.0,1
0.0,1.985275,2,2,220168343.0,1,2,0,0,0,0,1,1,0,0,11,1,10.0,0
0.0,22.8,1,1,16303067.0,1,1,0,0,0,1,1,0,0,0,14,2,20.0,0
0.0,950.4,4,4,153453825.0,1,4,0,0,0,0,0,1,0,0,16,5,15345382.5,0
29062.0,5329.133333,3,2,29062.0,0,3,0,1,0,1,1,1,0,1,5,0,100.0,1
0.0,5.5,1,1,47968630.0,1,1,0,0,0,0,0,0,0,1,4,2,4796863.0,0
0.0,1537039011.2,7,7,199615456.0,1,7,0,1,0,1,1,1,0,1,11,4,20.0,1
31202631.6,5756520.11,1,0,31189527.0,0,1,1,1,0,0,0,0,1,1,19,4,31189.527,1
46387085.0,8505018.616667,4,1,46387085.0,0,4,0,1,0,1,0,1,0,1,22,2,46387.085,1
0.0,1.1,1,1,3503.0,1,1,0,0,0,0,0,0,0,0,1,1,350.3,0
0.0,2.160057,1,1,72177435.0,1,1,0,0,0,1,1,0,0,0,18,1,10.0,0
33903.0,6215.75,3,2,33903.0,0,3,1,1,0,1,1,1,0,1,14,2,33.903,1
0.0,26.3,1,1,7799626.0,1,1,0,0,0,1,1,0,0,0,11,2,10.0,0
0.0,79.2,4,4,165955577.0,1,4,0,0,0,0,1,1,0,0,11,1,100.0,0
0.0,1.041929,1,1,12797424.0,1,1,0,0,0,0,0,0,0,0,2,1,1279742.4,0
125083152.0,22931911.2,1,0,125083152.0,0,1,1,1,0,0,1,0,0,1,6,5,10.0,1
197621448.0,36230598.8,1,0,197621448.0,0,1,0,1,0,0,0,0,0,1,14,4,197621.448,1
87066423.0,15962197.75,4,1,87066423.0,0,4,1,1,0,1,0,1,0,1,11,6,87066.423,1
43427526.2,8050709.836667,1,0,43398713.0,0,1,1,1,0,1,0,0,1,1,17,4,43398.713,1
508875041.0,93293759.516667,6,2,508875041.0,0,6,0,1,0,1,1,1,0,1,25,2,20.0,1
0.0,27.2,3,3,893600497.0,1,3,0,1,0,1,1,1,0,1,17,2,50.0,0
2892758.0,534363.233333,3,1,2892758.0,0,3,0,1,0,1,1,1,0,1,3,4,1000.0,1
0.0,2351.8,2,2,1069.0,1,2,0,0,0,0,1,1,0,0,3,1,10.0,0
0.0,2.4,1,1,73513133.0,1,1,0,0,0,1,1,0,0,0,13,3,200.0,0
0.0,373.2,1,1,70190009.0,1,1,0,0,0,1,0,0,0,0,5,1,7019000.9,0
30007527.0,35717405.6,1,0,1174604.0,0,2,1,0,0,1,0,1,1,0,16,5,117460.4,1
177186524.0,4885.416667,6,5,177186524.0,0,6,1,1,0,1,0,1,0,1,24,6,177186.524,0
0.0,41230.2,1,1,37482.0,1,1,0,1,0,0,0,0,0,1,1,3,37.482,0
572706.3,240114.83,1,0,523873.0,0,2,1,1,0,1,0,1,1,1,14,3,523.873,1
30063.0,5512.05,3,1,30063.0,0,3,1,1,0,1,0,1,0,1,5,2,30.063,1
309895.0,57487.683333,1,0,309895.0,0,1,0,0,0,1,0,0,0,1,15,3,30989.5,1
4088123.0,749711.516667,1,0,4088123.0,0,1,0,1,0,1,0,0,0,1,16,1,4088.123,1
0.0,1.1,1,1,129742603.0,1,1,0,0,0,0,0,0,0,0,6,1,12974260.3,0
339.1,18480056.21,1,1,16799712.0,1,1,0,0,0,0,1,0,1,0,3,2,10.0,0
7856.0,1440.966667,4,1,7856.0,0,4,0,1,0,1,1,1,0,1,3,0,10.0,1
86881207.0,14335942.683333,5,3,86881207.0,0,5,1,1,0,0,1,1,0,1,9,3,100.0,1
16911.8,19966.98,1,1,7286321.0,1,1,0,0,0,0,1,0,1,0,4,2,10.0,0
0.0,2002.0,1,1,118521588.0,1,1,0,0,0,0,1,0,0,0,7,4,10.0,0
1763103.0,323235.95,1,0,1763103.0,0,1,0,0,0,1,1,0,0,1,17,3,100.0,1
0.0,23.1,1,1,68483024.0,1,1,0,0,0,0,0,0,0,1,4,2,6848302.4,0
0.0,12274.9,1,1,11159.0,1,1,0,0,0,1,0,0,0,0,9,4,1115.9,0
3306101.7,7093075.52,1,0,947210.0,0,2,0,1,0,1,1,1,1,1,20,2,100.0,1
81406.5,800797.25,1,1,646591.0,1,1,0,0,0,0,1,0,1,0,6,1,100.0,0
238286311.0,43685885.383333,1,0,238286311.0,0,1,1,1,0,1,1,0,0,1,14,2,10.0,1
1661561.0,1274435.616667,1,0,779910.0,0,2,0,1,0,0,0,1,1,1,5,1,779.91,1
0.0,95094382.9,1,1,86449439.0,1,1,0,0,0,0,1,0,0,0,3,4,50.0,0
0.0,56.1,1,1,84206178.0,1,1,0,0,0,0,0,0,0,1,1,2,8420617.8,0
2847087.0,3131795.7,1,0,648801.0,0,1,0,1,0,0,0,0,1,1,20,0,6488.01,1
0.0,1.1,1,1,19014994.0,1,1,0,0,0,0,0,0,0,0,2,1,1901499.4,0
602.4,2114.64,1,1,17730817.0,1,1,0,0,0,0,1,0,1,0,10,2,100.0,0
3766457.0,690517.116667,1,0,3766457.0,0,1,0,1,0,0,0,0,0,1,7,3,3766.457,1
13960.0,2591.533333,4,2,13960.0,0,4,0,1,0,1,1,1,0,1,3,4,13.96,1
0.0,1.1,1,1,300066.0,1,1,0,0,0,0,0,0,0,0,4,1,30006.6,0
22914.0,4209.4,4,2,22914.0,0,4,0,1,0,1,1,1,0,1,15,2,22.914,1
223218968.0,40924128.466667,1,0,223218968.0,0,1,0,1,0,1,1,0,0,1,20,2,10.0,1
0.0,2632.8,4,4,1759923808.0,1,4,0,0,0,1,0,1,0,0,16,1,175992380.8,0
0.0,1115853596.0,2,2,507206180.0,1,2,0,1,0,0,1,1,0,1,9,4,10.0,0
13423163.0,1789755.066667,1,0,13423163.0,0,1,0,0,0,0,0,0,0,0,11,2,1342316.3,1
240091.4,264115.94,1,1,1013054.0,1,1,0,0,0,0,0,0,1,0,5,1,101305.4,0
0.0,4034.3,1,1,62948141.0,1,1,0,0,0,1,1,0,0,0,4,4,50.0,0
0.0,15.6,1,1,69513370.0,1,1,0,0,0,1,1,0,0,0,2,2,50.0,0
142094699.0,25706710.463823,1,0,142094699.0,0,1,0,0,0,1,0,0,0,0,30,1,14209469.9,1
12481702.0,1358589.033333,3,1,12481702.0,0,3,0,0,0,0,1,1,0,0,10,2,100.0,1
91172825.0,2917534.2,4,2,91172825.0,0,4,0,1,0,1,0,1,0,1,12,4,91172.825,1
2637212.0,483490.866667,4,2,2637212.0,0,4,0,1,0,1,1,1,0,1,10,8,100.0,1
0.0,5.5,5,5,2234272.0,1,5,0,0,0,0,0,1,0,0,19,3,223427.2,0
0.0,1.2,1,1,2523882.0,1,1,0,0,0,1,1,0,0,0,5,2,50.0,0
0.0,1.1,1,1,26785752.0,1,1,0,0,0,0,1,0,0,0,6,2,1.0,0
956.0,4206.4,4,0,956.0,0,4,0,1,0,1,1,1,0,1,10,0,9.56,0
99566559.0,14371127.683471,1,0,99566559.0,0,1,0,0,0,1,0,0,0,0,25,1,9956655.9,1
40.0,5.333333,1,0,40.0,0,1,0,0,0,0,1,0,0,0,2,2,4.0,0
0.0,1.1,1,1,373321.0,1,1,0,0,0,0,1,0,0,0,9,1,1.0,0
192666.0,2.015913,3,2,192666.0,0,3,0,0,0,0,1,1,0,0,19,2,1.0,0
520.0,95.333333,2,1,520.0,0,2,1,1,0,0,1,1,0,1,15,3,0.52,0
14826.2,16358.32,1,1,216889.0,1,1,0,0,0,0,1,0,1,0,7,2,100.0,0
75246323.0,10736944.62571,1,0,75246323.0,0,1,0,0,0,1,0,0,0,0,24,1,7524632.3,1
50407875.0,9241445.75,8,2,50407875.0,0,8,0,1,0,1,1,1,0,1,5,3,20.0,1
0.0,892541254.0,4,4,202850285.0,1,4,0,1,0,1,1,1,0,1,7,6,1000.0,0
41433.0,0.651687,2,1,41433.0,0,2,0,0,0,1,0,1,0,0,8,4,4143.3,0
0.0,91.3,1,1,11944794.0,1,1,0,0,0,0,1,0,0,0,11,4,10.0,0
0.0,158.7,2,2,1301494229.0,1,2,0,1,0,1,1,1,0,1,14,3,50.0,0
0.0,200.0,4,4,33551466.0,1,4,0,0,0,1,1,1,0,0,12,2,20.0,0
0.0,515153364.0,3,3,156107080.0,1,3,0,0,0,0,1,1,0,0,9,2,10.0,0
0.0,1.1,1,1,150736023.0,1,1,0,0,0,0,0,0,0,0,7,1,15073602.3,0
53754.0,9855.1,3,1,53754.0,0,3,1,1,1,1,1,1,0,1,13,4,10.0,1
6301429.0,76897.433333,6,3,6301429.0,0,6,0,1,0,1,1,1,0,1,7,2,10.0,1
0.0,54128716.4,1,1,49207924.0,1,1,0,1,0,0,0,0,0,1,4,1,49207.924,1
138199649.0,25336605.016667,4,2,138199649.0,0,4,0,1,0,1,0,1,0,1,10,5,138199.649,1
167925048.0,5422345.733333,6,5,167925048.0,0,6,1,1,0,1,1,1,0,1,24,7,100.0,1
0.0,2.3,2,2,1000178827.0,1,2,0,1,0,1,0,1,0,1,10,6,1000178.827,0
481013445.0,27661445.4,4,2,481013445.0,0,4,0,0,0,0,1,1,0,0,9,2,1000.0,1
48298851.0,99648.083333,6,5,48298851.0,0,6,0,1,0,1,1,1,0,1,10,6,1000.0,1
0.0,258392.2,1,1,234902.0,1,1,0,0,0,0,0,0,0,1,4,2,23490.2,0
13358.0,2459.966667,3,1,13358.0,0,3,1,1,0,1,1,1,0,1,7,1,10.0,1
7863827.0,1048510.266667,1,0,7863827.0,0,1,0,0,0,0,0,0,0,0,19,1,786382.7,0
0.0,4.4,2,2,999932565.0,1,2,0,0,0,0,1,1,0,0,12,4,10.0,0
0.0,14291351.8,2,2,6496069.0,1,2,0,0,0,1,1,1,0,0,5,4,1000.0,1
3675785.0,690959.116667,1,0,3675785.0,0,1,0,1,0,1,1,0,0,1,5,3,10.0,1
0.0,1.1,1,1,15380.0,1,1,0,1,0,0,0,0,0,1,3,3,15.38,0
53942553.0,9889468.45,1,0,53942553.0,0,1,1,1,1,1,1,0,0,1,18,3,100.0,1
115648785.0,21202278.15,5,0,115648785.0,0,5,0,1,0,1,1,1,0,1,20,8,20.0,1
17064368.0,21306.633333,6,5,17064368.0,0,6,0,0,0,1,0,1,0,0,12,4,1706436.8,0
18567016.0,2475602.133333,1,0,18567016.0,0,1,0,0,0,0,0,0,0,0,11,1,1856701.6,1
0.0,2924864.8,1,1,2658968.0,1,1,0,1,0,1,0,0,0,1,8,5,2658.968,1
0.0,1.1,1,1,85937.0,1,1,0,0,0,0,1,0,0,0,12,1,1.0,0
1107471.7,247583.403333,1,0,1064028.0,0,2,1,0,0,0,0,1,1,0,20,2,106402.8,1
0.0,4008.4,4,4,1031707993.0,1,4,0,1,0,0,1,1,0,1,8,5,200.0,0
16831787.0,72079134.6,1,1,48694699.0,1,1,1,0,0,0,0,0,1,0,9,3,4869469.9,1
31675.0,5807.083333,4,2,31675.0,0,4,1,1,0,0,1,1,0,1,5,3,10.0,1
217677.0,29023.6,1,0,217677.0,0,1,0,0,0,0,0,0,0,0,10,4,21767.7,1
0.0,253.0,1,1,122886.0,1,1,0,0,0,0,1,0,0,0,7,1,10.0,0
338944962.0,1.482172,3,0,338944962.0,0,3,0,0,0,0,1,1,0,0,1,3,1.0,0
51844761.0,9504872.85,5,1,51844761.0,0,5,0,1,0,0,1,1,0,1,16,2,10.0,1
0.0,1.1,1,1,20228926.0,1,1,0,0,0,0,1,0,0,0,4,2,50.0,0
0.0,1.1,1,1,84891.0,1,1,0,0,0,0,1,0,0,0,12,1,1.0,0
0.0,1.1,1,1,26822183.0,1,1,0,0,0,0,0,0,0,1,2,2,2682218.3,0
0.0,2.064624,1,1,5622.0,1,1,0,0,0,0,0,0,0,0,2,4,562.2,0
0.0,1.1,1,1,70584194.0,1,1,0,0,0,0,0,0,0,0,8,1,7058419.4,0
67018088.0,8935745.066667,1,0,67018088.0,0,1,0,0,0,0,0,0,0,0,17,4,6701808.8,1
492916369.0,90368037.083333,1,0,492916369.0,0,1,1,1,0,1,1,0,0,1,19,1,10.0,1
0.0,48.4,4,4,1042772041.0,1,4,0,0,0,0,1,1,0,0,17,3,50.0,0
0.0,639.0,1,1,3462.0,1,1,0,1,1,1,0,0,0,1,5,3,3.462,1
0.0,235.971788,1,1,903.0,1,1,0,1,0,1,1,0,0,1,7,1,0.903,0
3973058.0,729123.566667,5,2,3973058.0,0,5,0,1,0,1,0,1,0,1,20,2,3973.058,1
0.0,3997877.4,3,3,1211478.0,1,3,0,0,0,0,1,1,0,0,8,2,1.0,0
0.0,3579.4,1,1,18188.0,1,1,0,0,0,0,0,0,0,1,2,1,1818.8,1
0.0,946154.0,1,1,860140.0,1,1,0,1,0,1,0,0,0,1,13,1,860.14,1
309.0,46.555502,3,0,309.0,0,3,0,0,0,1,1,1,0,0,10,1,30.9,0
0.0,478.5,1,1,770887055.0,1,1,0,0,0,0,1,0,0,0,2,2,50.0,0
3721.0,682.183333,1,0,3721.0,0,1,0,1,0,0,1,0,0,1,9,3,3.721,1
120355354.0,19232725.148347,1,0,120355354.0,0,1,0,0,0,1,0,0,0,0,13,1,12035535.4,1
761.0,140.616667,1,0,761.0,0,1,0,1,0,1,0,0,0,1,15,0,7.61,0
25210.0,4622.033333,2,0,25210.0,0,2,0,1,0,1,0,1,0,1,9,2,25.21,1
0.0,17.0,3,3,816524829.0,1,3,0,1,0,1,1,1,0,1,12,2,10.0,0
377936.0,69767.166667,1,0,377936.0,0,1,0,1,0,1,1,0,0,1,17,4,10.0,1
0.0,74.466667,1,1,404.0,1,1,0,1,1,1,1,0,0,1,11,1,0.404,0
0.0,8052.0,4,4,1830.0,1,4,1,1,0,1,1,1,0,1,14,4,1.83,0
0.0,12.0,1,1,856177.0,1,1,0,0,0,1,0,0,0,0,9,2,85617.7,0
549656984.0,100770536.966667,1,0,549656984.0,0,1,0,1,0,1,0,0,0,1,5,1,549656.984,1
269516663.0,19316475.366667,4,3,269516663.0,0,4,0,0,0,1,1,1,0,0,10,3,10.0,1
0.0,233584081.5,5,5,42469833.0,1,5,0,0,0,0,0,1,0,0,7,2,4246983.3,0
2494613.0,332615.466667,2,0,2494613.0,0,2,0,0,0,1,1,1,0,0,2,2,1000.0,1
0.0,596.4,1,1,74843689.0,1,1,0,0,0,1,1,0,0,0,10,2,10.0,0
0.0,12342.0,1,1,76970.0,1,1,0,0,0,0,0,0,0,1,2,1,7697.0,1
19824553.0,3636345.083333,1,0,19824553.0,0,1,0,1,0,1,0,0,0,1,23,5,19824.553,1
0.0,2263329.2,1,1,2057572.0,1,1,0,0,0,0,1,0,0,0,17,4,10.0,1
802.0,882.2,1,0,802.0,0,1,0,1,1,1,0,0,0,1,7,0,8.02,0
0.0,21474.2,2,2,9761.0,1,2,0,0,0,1,1,1,0,0,14,5,20.0,0
0.0,46.2,3,3,82474302.0,1,3,0,0,0,0,1,1,0,0,19,4,20.0,0
5692473.0,758996.4,1,0,5692473.0,0,1,0,0,0,0,0,0,0,0,23,3,569247.3,1
14496737.0,2657743.416667,6,3,14496737.0,0,6,1,1,0,1,0,1,0,1,18,8,14496.737,1
483739850.0,33680185.8,5,3,483739850.0,0,5,0,0,0,1,1,1,0,0,20,1,100.0,1
18524077.4,9684909.656667,1,0,16237231.0,0,1,0,1,0,1,0,0,1,1,18,0,162372.31,1
0.0,16948061.9,1,1,15407329.0,1,1,0,0,0,0,1,0,0,0,1,1,10.0,1
3619.7,5067.37,1,1,158420.0,1,1,0,0,0,0,0,0,1,0,5,3,15842.0,1
40871584.0,7493124.733333,7,1,40871584.0,0,7,0,1,0,1,1,1,0,1,26,1,10.0,1
2509757.0,339164.466667,1,0,2509757.0,0,1,0,0,0,1,1,0,0,0,13,4,10.0,1
299298198.0,867.75,2,1,299298198.0,0,2,0,1,0,1,1,1,0,1,8,3,100.0,0
0.0,3.3,1,1,1344995.0,1,1,0,0,0,0,1,0,0,0,2,1,100.0,0
0.0,1.1,1,1,56179.0,1,1,0,0,0,0,0,0,0,0,7,1,5617.9,0
0.0,167.2,4,4,8082089.0,1,4,0,0,0,0,1,1,0,0,13,5,100.0,0
195060514.5,59286944.2,1,0,186505660.0,0,2,0,1,0,0,0,1,1,1,20,0,1865056.6,1
0.0,1422.3,1,1,206686.0,1,1,0,0,0,0,1,0,0,0,5,1,10.0,1
99073234.0,13209764.733333,3,0,99073234.0,0,3,0,0,0,1,1,1,0,0,19,4,10.0,1
1268629.0,232583.983333,4,3,1268629.0,0,4,0,1,0,1,1,1,0,1,17,3,20.0,1
9026409.0,4755.4,2,1,9026409.0,0,2,0,0,0,1,0,1,0,0,10,5,902640.9,1
0.0,50.4,1,1,66155.0,1,1,0,0,0,1,1,0,0,0,4,4,50.0,0
2559446.0,0.724017,2,1,2559446.0,0,2,0,0,0,0,0,1,0,0,2,1,255944.6,0
70163088.0,40818.0,4,2,70163088.0,0,4,0,0,0,1,1,1,0,0,23,6,10.0,0
0.0,35275.9,1,1,32069.0,1,1,0,0,0,1,0,0,0,0,18,3,3206.9,0
627282.0,115001.7,1,0,627282.0,0,1,0,1,0,0,0,0,0,1,21,5,627.282,1
0.0,5382.9,1,1,10149.0,1,1,0,0,0,1,1,0,0,0,5,3,50.0,1
0.0,90.0,4,4,1410898947.0,1,4,0,1,0,1,1,1,0,1,10,6,50.0,0
0.0,4.4,4,4,1440527477.0,1,4,0,1,0,0,1,1,0,1,13,1,200.0,0
1871112.0,343044.9,1,0,1871112.0,0,1,0,1,0,1,1,0,0,1,13,0,10.0,1
0.0,811.8,1,1,11085.0,1,1,0,0,0,0,0,0,0,1,3,3,1108.5,1
24374.0,4474.166667,2,0,24374.0,0,2,0,1,1,1,1,1,0,1,3,4,24.374,1
2237679.0,298357.2,1,0,2237679.0,0,1,0,0,0,0,0,0,0,0,24,1,223767.9,1
1591240.0,291824.233333,1,0,1591240.0,0,1,1,1,0,1,1,0,0,1,20,3,10.0,1
66416.7,34086827.17,1,1,30921608.0,1,1,1,1,0,0,0,0,1,1,6,2,30921.608,1
299772962.0,2.430421,2,1,299772962.0,0,2,0,0,0,1,1,1,0,0,18,3,1.0,0
1551.0,1.323441,1,0,1551.0,0,1,0,0,0,1,1,0,0,0,18,3,1.0,0
773885323.0,141878975.883333,1,0,773885323.0,0,1,1,1,1,0,1,0,0,1,24,0,10.0,1
0.0,1.1,1,1,36593.0,1,1,0,0,0,0,1,0,0,0,6,2,1.0,0
141058848.0,155164732.8,1,0,111435587.0,0,1,0,1,0,1,0,0,1,1,16,0,1114355.87,1
0.0,7.7,1,1,456724.0,1,1,0,0,0,0,1,0,0,0,3,4,100.0,0
45923.0,202061.2,4,0,45923.0,0,4,0,1,0,1,0,1,0,1,9,0,459.23,1
283732593.0,52023626.75,3,1,283732593.0,0,3,0,1,0,1,0,1,0,1,25,7,283732.593,1
0.0,5.5,1,1,766266.0,1,1,0,0,0,0,0,0,0,1,1,1,76626.6,0
6048670.0,806489.833333,1,0,6048670.0,0,1,0,0,0,1,1,0,0,0,20,0,10.0,1
4159767.0,564283.866667,2,1,4159767.0,0,2,0,1,0,0,1,1,0,1,12,4,10.0,1
35430977.0,6495681.116667,7,1,35430977.0,0,7,1,1,0,1,1,1,0,1,19,3,20.0,1
1177473.0,215886.05,1,0,1177473.0,0,1,0,1,0,1,1,0,0,1,17,3,1000.0,1
0.0,312.2,1,1,108956794.0,1,1,0,0,0,1,1,0,0,0,7,4,20.0,0
6400157.0,7040172.7,1,0,6400157.0,0,1,0,1,0,0,0,0,0,1,6,0,64001.57,1
0.0,577.5,3,3,105025369.0,1,3,0,0,0,0,1,1,0,0,8,3,20.0,0
0.0,231.0,1,1,69473774.0,1,1,0,0,0,0,0,0,0,1,4,3,6947377.4,0
11747.0,2153.816667,3,1,11747.0,0,3,0,1,0,1,1,1,0,1,10,3,10.0,1
57877512.0,10611772.3,1,0,57877512.0,0,1,0,1,0,1,1,0,0,1,19,0,100.0,1
0.0,1254.0,5,5,57062031.0,1,5,0,0,0,0,1,1,0,0,8,3,20.0,0
6663215.0,1221589.416667,7,3,6663215.0,0,7,0,1,0,0,0,1,0,1,26,3,6663.215,1
3516826.0,644761.433333,5,2,3516826.0,0,5,0,1,0,1,1,1,0,1,4,1,100.0,1
0.0,85.0,3,3,159648152.0,1,3,0,0,0,1,1,1,0,0,12,3,100.0,0
1448183.0,265500.216667,1,0,1448183.0,0,1,0,1,0,0,0,0,0,1,7,5,1448.183,1
0.0,23.1,1,1,91867550.0,1,1,0,0,0,0,1,0,0,0,8,4,100.0,0
12012665.0,2118144.56481,1,0,12012665.0,0,1,0,0,0,1,0,0,0,0,40,3,1201266.5,1
0.0,15558719.0,1,1,14144290.0,1,1,0,0,0,0,0,0,0,1,3,1,1414429.0,0
5839591.0,1013116.25,6,5,5839591.0,0,6,0,1,0,1,1,1,0,1,24,3,1000.0,1
0.0,3181.7,1,1,87768795.0,1,1,0,0,0,1,1,0,0,0,6,5,10.0,0
0.0,13.2,4,4,21761005.0,1,4,0,0,0,0,1,1,0,0,18,2,100.0,0
3527997.0,646799.45,1,0,3527997.0,0,1,1,1,0,0,1,0,0,1,23,2,10.0,1
0.0,4.165853,1,1,18.0,1,1,0,1,0,1,1,0,0,1,10,2,0.018,0
74232.0,13609.2,1,0,74232.0,0,1,0,1,0,0,0,0,0,1,20,4,74.232,1
0.0,1.1,1,1,103179013.0,1,1,0,0,0,0,1,0,0,0,10,1,1.0,0
13015368.0,1735382.4,1,0,13015368.0,0,1,0,0,0,0,0,0,0,0,12,4,1301536.8,1
0.0,3605854841.6,4,4,819512464.0,1,4,1,1,0,1,1,1,0,1,17,1,10.0,0
0.0,1456.4,4,4,1045653456.0,1,4,0,1,0,0,1,1,0,1,2,6,50.0,0
0.0,1574688.5,1,1,1431535.0,1,1,1,1,0,0,0,0,0,1,5,5,1431.535,1
0.0,290.4,3,3,180327842.0,1,3,0,0,0,0,0,1,0,0,20,4,18032784.2,0
348541126.0,55211830.483333,6,1,348541126.0,0,6,1,1,0,0,1,1,0,1,16,4,100.0,1
1204.0,229.833333,4,0,1204.0,0,4,1,1,0,1,0,1,0,1,7,1,1.204,0
76172.5,83898.65,1,1,11254.0,1,1,0,0,0,0,0,0,1,0,10,3,1125.4,0
839711168.0,153947048.366667,1,0,839711168.0,0,1,1,1,0,1,1,0,0,1,23,4,100.0,1
0.0,4.6,2,2,279196995.0,1,2,0,0,0,1,1,1,0,0,12,3,10.0,0
35.0,38.5,1,0,35.0,0,1,0,1,0,1,1,0,0,1,3,0,0.35,0
566528.0,6179.033333,6,3,566528.0,0,6,0,0,0,0,1,1,0,0,21,4,100.0,1
28460.0,5221.166667,4,1,28460.0,0,4,0,1,0,1,0,1,0,1,4,2,28.46,1
19236294.0,2823315.916667,6,4,19236294.0,0,6,0,1,0,0,1,1,0,1,25,4,100.0,1
0.0,23.8,3,3,1539202996.0,1,3,1,0,0,1,1,1,0,0,14,1,10.0,0
204735.0,1.445307,3,1,204735.0,0,3,0,0,0,1,1,1,0,0,11,3,1.0,0
0.0,1154683952.4,2,2,524856342.0,1,2,0,0,0,0,1,1,0,0,9,3,50.0,0
0.0,76.5,4,4,1208666.0,1,4,0,0,0,1,1,1,0,0,20,4,20.0,0
0.0,6815.6,4,4,1201890318.0,1,4,0,1,0,0,1,1,0,1,18,3,10.0,0
147622.0,27064.033333,1,0,147622.0,0,1,0,1,0,0,1,0,0,1,5,5,147.622,1
18885872.0,146564.0,3,2,18885872.0,0,3,0,0,0,1,1,1,0,0,17,5,100.0,1
35668.2,54083.92,1,1,13499.0,1,1,0,0,0,0,1,0,1,0,8,1,100.0,0
46841920.0,8587751.833333,1,0,46841920.0,0,1,1,1,0,1,0,0,0,1,13,1,46841.92,1
0.0,4236469.6,1,1,3851336.0,1,1,0,0,0,0,0,0,0,0,13,3,385133.6,0
168514889.0,28232671.516667,2,1,168514889.0,0,2,0,1,0,1,1,1,0,1,17,4,10.0,1
250518439.0,29491.466667,5,4,250518439.0,0,5,1,1,0,1,1,1,0,1,4,6,100.0,0
0.0,6.6,3,3,613710720.0,1,3,0,0,0,0,1,1,0,0,12,6,50.0,0
251058.0,33474.4,1,0,251058.0,0,1,0,0,0,0,1,0,0,0,1,5,1000.0,1
0.0,462708790.5,5,5,84128871.0,1,5,0,0,0,1,0,1,0,0,24,3,8412887.1,1
0.0,336.6,3,3,1170832226.0,1,3,0,1,0,0,1,1,0,1,8,3,50.0,0
1652.0,220.266667,4,0,1652.0,0,4,0,0,0,0,0,1,0,0,6,0,1652.0,0
0.0,5.5,1,1,31830005.0,1,1,0,1,0,0,0,0,0,1,3,2,31830.005,0
380272711.0,69716664.683333,7,3,380272711.0,0,7,1,1,0,1,1,1,0,1,19,7,10.0,1
26086.0,4782.433333,4,3,26086.0,0,4,1,1,1,0,1,1,0,1,9,3,10.0,1
28449.0,5224.75,3,0,28449.0,0,3,0,1,0,1,1,1,0,1,14,0,10.0,1
2911992.0,388265.6,1,0,2911992.0,0,1,0,0,0,0,0,0,0,0,10,2,291199.2,1
0.0,11866.8,3,3,3596.0,1,3,0,1,0,1,1,1,0,1,14,1,3.596,1
0.0,1861.7,3,3,1886958882.0,1,3,0,0,0,1,1,1,0,0,6,3,200.0,0
40918730.0,3110623.816667,2,1,40918730.0,0,2,0,1,0,0,1,1,0,1,13,6,10.0,1
70518439.0,77570282.9,1,0,70518439.0,0,1,0,0,0,0,0,0,0,0,25,0,70518439.0,1
999949.0,183323.983333,1,0,999949.0,0,1,0,1,0,0,1,0,0,1,4,2,10.0,1
12560930.0,2302837.166667,1,0,12560930.0,0,1,0,0,0,0,1,0,0,1,19,1,100.0,1
3662.0,671.366667,2,1,3662.0,0,2,1,1,0,0,1,1,0,1,15,1,3.662,1
53015553.0,7076260.033333,2,1,53015553.0,0,2,0,0,0,0,1,1,0,0,20,7,10.0,1
554191073.0,101601698.716667,8,3,554191073.0,0,8,0,1,0,1,1,1,0,1,6,8,20.0,1
4645072.0,619342.933333,1,0,4645072.0,0,1,0,0,0,0,0,0,0,0,23,2,464507.2,0
16552135.0,3034558.083333,1,0,16552135.0,0,1,0,1,0,0,0,0,0,1,3,5,16552.135,1
387717.0,51695.6,1,0,387717.0,0,1,0,0,0,0,1,0,0,0,12,3,1000.0,1
0.0,491.7,1,1,57160.0,1,1,0,0,0,0,1,0,0,0,2,3,100.0,0
11182483.0,2050121.883333,5,2,11182483.0,0,5,0,1,0,0,0,1,0,1,5,5,11182.483,1
0.0,1.1,1,1,3941.0,1,1,0,0,0,0,0,0,0,0,6,1,394.1,0
0.0,1705.5,4,4,873271361.0,1,4,0,0,0,1,1,1,0,0,8,4,200.0,0
17056650.0,2274220.0,1,0,17056650.0,0,1,0,0,0,0,0,0,0,0,33,4,1705665.0,1
0.0,673.2,3,3,261807229.0,1,3,0,1,0,0,1,1,0,1,6,6,10.0,0
0.0,3.3,3,3,1153878502.0,1,3,0,0,0,0,1,1,0,0,2,6,50.0,0
0.0,1988.8,1,1,1808.0,1,1,0,0,0,0,0,0,0,0,1,2,180.8,0
0.0,19.2,1,1,92839623.0,1,1,0,1,0,1,1,0,0,1,12,3,10.0,0
9731287.2,16545861.42,1,0,3101567.0,0,1,0,0,0,0,0,0,1,0,11,5,310156.7,1
3453147.0,427524.733333,4,3,3453147.0,0,4,0,0,0,0,1,1,0,0,9,1,10.0,1
209323.0,27909.733333,1,0,209323.0,0,1,0,0,0,0,1,0,0,0,9,3,100.0,1
4888387.0,896204.783333,1,0,4888387.0,0,1,0,1,0,1,1,0,0,1,22,1,10.0,1
5.0,0.806034,1,0,5.0,0,1,0,0,0,1,0,0,0,0,8,2,0.5,0
0.0,3750.4,2,2,632030270.0,1,2,0,0,0,1,0,1,0,0,17,6,63203027.0,0
0.0,194.5,1,1,182117.0,1,1,0,0,0,1,1,0,0,0,2,4,20.0,0
2389294.0,340049.394623,1,0,2389294.0,0,1,0,0,0,1,0,0,0,0,8,2,238929.4,1
27768323.0,14363.633333,6,5,27768323.0,0,6,0,1,0,1,1,1,0,1,10,7,100.0,0
1486.0,276.733333,2,1,1486.0,0,2,1,1,0,1,1,1,0,1,10,4,1.486,0
0.0,13723754.0,4,4,3119035.0,1,4,0,1,0,1,1,1,0,1,29,5,20.0,1
80594888.0,14776138.066667,1,0,80594888.0,0,1,0,1,0,1,1,0,0,1,24,1,100.0,1
0.0,642.5,5,5,52415518.0,1,5,0,0,0,1,1,1,0,0,5,4,100.0,0
1712426.0,313944.766667,1,0,1712426.0,0,1,0,0,0,0,1,0,0,1,9,4,1000.0,1
0.0,10433.5,1,1,9485.0,1,1,0,1,0,1,0,0,0,1,13,4,9.485,1
18790442.0,3444914.366667,1,0,18790442.0,0,1,0,1,0,0,1,0,0,1,1,5,10.0,1
0.0,37035.9,3,3,11223.0,1,3,0,1,0,1,1,1,0,1,15,4,11.223,1
23865.1,26430.91,1,1,9183016.0,1,1,0,0,0,0,0,0,1,0,3,1,918301.6,0
341.0,69.326804,4,1,341.0,0,4,1,1,0,1,0,1,0,1,4,0,3.41,0
360.0,68.3,3,0,360.0,0,3,1,1,0,1,1,1,0,1,7,3,0.36,0
1920050.0,2112055.0,1,0,1920050.0,0,1,0,0,0,1,1,0,0,1,14,0,10.0,1
29959297.0,5679550.983333,1,0,29789285.0,0,2,0,1,0,0,1,1,1,1,6,4,100.0,1
8633818.0,0.811167,3,2,8633818.0,0,3,0,0,0,0,0,1,0,0,14,3,863381.8,0
0.0,56.65,2,2,303.0,1,2,0,1,0,1,1,1,0,1,5,2,0.303,0
184320.0,348.033333,2,1,184320.0,0,2,0,0,0,0,1,1,0,0,7,7,10.0,0
49325880.0,6576784.0,1,0,49325880.0,0,1,0,0,0,0,0,0,0,0,21,0,49325880.0,0
0.0,1387491836.5,5,5,252271243.0,1,5,0,0,0,1,1,1,0,0,19,1,10.0,1
457397965.0,43203009.033333,2,1,457397965.0,0,2,1,1,0,1,1,1,0,1,24,4,10.0,1
186008041.0,34101476.183333,7,2,186008041.0,0,7,1,1,0,1,1,1,0,1,28,7,20.0,1
591.4,657.14,1,1,1437535.0,1,1,0,0,0,0,0,0,1,0,8,2,143753.5,0
=======
538.0,101.233333,1,0,538.0,0,1,1,1,0,1,0,0,0,1,15,0,5.38,0
0.0,1258.3,1,1,12743682.0,1,1,0,0,0,1,1,0,0,0,6,1,10.0,0
0.0,2026.0,4,4,37358306.0,1,4,0,0,0,1,1,1,0,0,4,1,20.0,0
126284097.0,40646.333333,6,4,126284097.0,0,6,0,0,0,1,0,1,0,0,3,3,12628409.7,0
0.0,22.5,4,4,1070563954.0,1,4,0,0,0,1,0,1,0,0,11,6,107056395.4,0
0.0,29.75,1,1,105.0,1,1,0,1,0,1,1,0,0,1,10,3,0.105,0
0.0,1.2,1,1,71371068.0,1,1,0,0,0,1,1,0,0,0,14,4,100.0,0
60597769.0,11109590.983333,1,0,60597769.0,0,1,1,1,0,0,0,0,0,1,24,4,60597.769,1
0.0,1128259242.0,5,5,205138044.0,1,5,0,0,0,1,1,1,0,0,16,1,20.0,0
0.0,3.3,1,1,132190.0,1,1,0,0,0,0,0,0,0,1,2,3,13219.0,0
0.0,26933.5,1,1,24485.0,1,1,0,0,0,1,1,0,0,0,15,1,20.0,1
7041800.0,938906.666667,1,0,7041800.0,0,1,0,0,0,0,0,0,0,0,12,3,704180.0,1
0.0,34.1,1,1,5135832.0,1,1,0,0,0,0,1,0,0,0,12,1,20.0,0
54963.7,60988.07,1,1,4274963.0,1,1,0,0,0,0,0,0,1,0,5,2,427496.3,0
0.0,292.5,4,4,191215429.0,1,4,0,0,0,1,1,1,0,0,5,4,100.0,0
0.0,95094382.9,1,1,86449439.0,1,1,0,0,0,0,1,0,0,0,3,4,50.0,0
6493483.0,10480028.683333,1,0,3115463.0,0,2,0,1,0,1,1,1,1,1,3,5,100.0,1
180687446.0,28416592.301339,1,0,180687446.0,0,1,0,0,0,1,0,0,0,0,20,4,18068744.6,1
0.0,509117.4,1,1,462834.0,1,1,0,0,0,0,0,0,0,1,3,1,46283.4,0
0.0,151358.9,1,1,137599.0,1,1,0,1,0,0,0,0,0,1,2,1,137.599,0
264260947.0,48449980.683333,1,0,264260947.0,0,1,1,1,0,1,0,0,0,1,17,4,264260.947,1
2051.0,397.116667,2,1,2051.0,0,2,0,1,0,1,1,1,0,1,3,1,2.051,1
83846219.0,11179495.866667,1,0,83846219.0,0,1,0,0,0,0,0,0,0,0,35,4,8384621.9,0
0.0,2079.0,5,5,4226968.0,1,5,0,0,0,0,0,1,0,0,8,4,422696.8,0
467159621.0,85645930.916667,1,0,467159621.0,0,1,0,1,0,1,1,0,0,1,3,5,10.0,1
0.0,1.1,1,1,182290336.0,1,1,0,0,0,0,0,0,0,0,1,1,18229033.6,0
10633832.0,1386731.2,4,3,10633832.0,0,4,0,0,0,0,1,1,0,0,22,3,100.0,1
0.0,549453377.0,1,1,499503070.0,1,1,0,0,0,1,0,0,0,0,14,4,49950307.0,1
18233.0,3342.816667,4,1,18233.0,0,4,0,1,0,1,1,1,0,1,6,3,10.0,1
16745830.0,3070068.833333,1,0,16745830.0,0,1,0,0,0,0,0,0,0,1,14,5,1674583.0,1
17722555.0,2108726.5,4,3,17722555.0,0,4,0,0,0,1,1,1,0,0,11,2,10.0,1
0.0,2.3,2,2,4098371.0,1,2,0,0,0,1,1,1,0,0,15,1,100.0,0
42713137.0,7833478.483333,8,3,42713137.0,0,8,1,1,0,1,0,1,0,1,17,3,42713.137,1
0.0,9.6,1,1,84045333.0,1,1,0,0,0,1,1,0,0,0,5,4,200.0,0
57260870.0,7971136.616667,3,2,57260870.0,0,3,0,1,0,0,1,1,0,1,3,6,100.0,1
0.0,1410.1,1,1,82951975.0,1,1,0,0,0,1,1,0,0,0,4,2,10.0,0
761.0,140.616667,1,0,761.0,0,1,0,1,0,1,0,0,0,1,15,0,7.61,0
5719693.0,780497.933333,1,0,5719693.0,0,1,0,0,0,1,1,0,0,0,17,4,10.0,1
0.0,1772151216.0,3,3,537015520.0,1,3,0,0,0,1,1,1,0,0,4,5,50.0,0
203438592.0,35681649.983333,6,3,203438592.0,0,6,1,1,0,1,1,1,0,1,6,5,100.0,1
0.0,108.1,2,2,140223526.0,1,2,0,1,0,1,1,1,0,1,17,3,50.0,0
0.0,13.2,1,1,48984.0,1,1,0,0,0,1,0,0,0,0,3,3,4898.4,0
0.0,1443.2,1,1,96423.0,1,1,0,0,0,0,1,0,0,0,6,2,50.0,1
72634312.0,89607989.033333,1,0,3284324.0,0,1,0,1,0,1,0,0,1,1,20,4,3284.324,1
0.0,221.7,1,1,20509535.0,1,1,0,0,0,1,1,0,0,0,13,2,50.0,0
51484.0,9438.733333,4,3,51484.0,0,4,0,1,0,0,0,1,0,1,9,3,51.484,1
0.0,2978.8,4,4,1308916175.0,1,4,0,0,0,0,1,1,0,0,12,2,50.0,0
14545187.0,2666618.616667,7,2,14545187.0,0,7,0,1,0,1,1,1,0,1,28,2,10.0,1
10951009.0,688227.033333,2,1,10951009.0,0,2,0,0,0,1,1,1,0,0,11,6,1000.0,1
8569144.0,1142552.533333,1,0,8569144.0,0,1,0,0,0,0,0,0,0,0,35,4,856914.4,0
71258685.0,9501158.0,1,0,71258685.0,0,1,0,0,0,0,0,0,0,0,39,1,7125868.5,0
0.0,6.6,2,2,546315.0,1,2,0,0,0,0,1,1,0,0,8,4,20.0,0
377772951.0,69258375.35,4,0,377772951.0,0,4,0,1,0,1,1,1,0,1,19,1,10.0,1
27331555.8,7690332.43,1,0,26357175.0,0,1,1,1,0,0,1,0,1,1,3,3,100.0,1
0.0,1.1,1,1,1580.0,1,1,0,0,0,0,0,0,0,0,8,2,158.0,0
0.0,485233.1,1,1,441121.0,1,1,0,0,0,0,1,0,0,0,1,1,1.0,0
0.0,1.1,1,1,249825.0,1,1,0,0,0,0,0,0,0,0,12,1,24982.5,0
0.0,277.1,1,1,228604.0,1,1,0,0,0,1,1,0,0,0,14,3,10.0,0
0.0,4.6,2,2,1308714.0,1,2,0,0,0,1,0,1,0,0,18,4,130871.4,0
0.0,92523.2,1,1,84112.0,1,1,0,0,0,1,1,0,0,0,9,5,100.0,1
21674063.0,3897.4,3,2,21674063.0,0,3,0,0,0,1,1,1,0,0,21,7,10.0,0
32291762.0,4305568.266667,1,0,32291762.0,0,1,0,0,0,0,0,0,0,0,11,2,3229176.2,1
0.0,92.4,2,2,105925695.0,1,2,0,0,0,0,1,1,0,0,13,1,100.0,0
14020354.0,2570422.733333,1,0,14020354.0,0,1,0,1,1,1,1,0,0,1,21,2,10.0,1
87757418.6,39310524.476667,1,0,79313177.0,0,1,0,1,0,0,1,0,1,1,12,1,100.0,1
0.0,1.1,1,1,1492586.0,1,1,0,0,0,0,0,0,0,0,1,1,149258.6,0
47623118.0,8730919.666667,1,0,47623118.0,0,1,0,1,0,1,1,0,0,1,8,4,100.0,1
386127.8,426678.78,1,1,3699760.0,1,1,0,0,0,0,1,0,1,0,7,3,100.0,0
1562.0,296.966667,2,1,1562.0,0,2,0,1,0,1,1,1,0,1,7,1,1.562,1
132909.0,24366.65,1,0,132909.0,0,1,0,0,0,0,1,0,0,1,14,0,10.0,1
992335.0,30647.65,3,2,992335.0,0,3,1,1,0,0,0,1,0,1,5,7,992.335,1
295472875.0,53296042.683333,6,3,295472875.0,0,6,1,1,0,1,1,1,0,1,9,3,1000.0,1
0.0,2420268.4,1,1,2200244.0,1,1,0,0,0,0,1,0,0,0,5,2,1.0,0
0.0,1578.3,1,1,228764.0,1,1,0,0,0,1,1,0,0,0,2,4,20.0,1
0.0,89.1,3,3,8702420.0,1,3,0,0,0,0,1,1,0,0,12,3,100.0,0
9477.0,1737.55,4,2,9477.0,0,4,0,1,0,1,1,1,0,1,12,3,9.477,1
0.0,2273.7,1,1,9330110.0,1,1,0,0,0,0,1,0,0,0,8,2,10.0,0
9796052.0,1798774.366667,6,2,9796052.0,0,6,0,1,0,1,0,1,0,1,23,4,9796.052,1
5996481.0,799534.7,1,0,5996481.0,0,1,0,0,0,1,1,0,0,0,12,4,10.0,1
211238357.0,3784982.3,3,2,211238357.0,0,3,1,1,0,0,1,1,0,1,12,6,100.0,1
265399.4,292965.64,1,1,13752.0,1,1,0,0,0,0,1,0,1,0,3,3,100.0,0
23439.0,4297.95,3,1,23439.0,0,3,0,1,0,1,1,1,0,1,5,1,23.439,1
22858.0,4192.433333,4,0,22858.0,0,4,0,1,0,1,0,1,0,1,13,2,22.858,1
269050469.0,49325557.283333,4,1,269050469.0,0,4,1,1,0,1,1,1,0,1,25,5,100.0,1
0.0,2585.0,1,1,797445.0,1,1,0,0,0,0,0,0,0,1,4,1,79744.5,1
121612332.0,12521.35,2,1,121612332.0,0,2,1,1,0,1,0,1,0,1,3,1,121612.332,0
341795.0,45572.666667,1,0,341795.0,0,1,0,0,0,0,1,0,0,0,18,0,1000.0,1
0.0,5869052.2,1,1,5335502.0,1,1,0,0,0,0,0,0,0,0,2,1,533550.2,0
0.0,182.6,1,1,3498169.0,1,1,0,0,0,0,1,0,0,0,8,1,10.0,0
0.0,957.0,3,3,214233180.0,1,3,0,0,0,0,0,1,0,0,12,3,21423318.0,0
0.0,12.0,1,1,3546183.0,1,1,0,0,0,1,1,0,0,0,6,4,10.0,0
0.0,1.1,1,1,4126254.0,1,1,0,0,0,0,1,0,0,0,12,1,1.0,0
0.0,38.5,5,5,184329706.0,1,5,0,0,0,0,1,1,0,0,19,3,20.0,0
0.0,1.1,1,1,42195.0,1,1,0,0,0,0,1,0,0,0,11,1,1.0,0
0.0,18.0,4,4,1205968336.0,1,4,0,0,0,1,1,1,0,0,10,5,200.0,0
0.0,225.5,1,1,155875278.0,1,1,0,0,0,0,1,0,0,0,5,2,20.0,0
0.0,1.1,1,1,97467538.0,1,1,0,0,0,0,0,0,0,0,7,1,9746753.8,0
125740540.0,765628.783333,6,5,125740540.0,0,6,1,1,0,0,1,1,0,1,18,6,10.0,1
149937372.8,32717566.996667,1,0,148035913.0,0,1,0,1,0,1,0,0,1,1,3,4,148035.913,1
177323139.0,32509308.25,3,1,177323139.0,0,3,0,1,0,1,0,1,0,1,22,7,177323.139,1
109524483.0,20079498.55,8,4,109524483.0,0,8,0,1,0,1,1,1,0,1,28,6,100.0,1
0.0,972.0,4,4,1384257503.0,1,4,0,1,0,1,1,1,0,1,3,4,200.0,0
262997.0,3342.2,4,3,262997.0,0,4,0,0,0,0,0,1,0,0,5,7,26299.7,1
0.0,2811.6,2,2,1278.0,1,2,0,1,0,1,1,1,0,1,3,3,1.278,0
0.0,202167141.0,1,1,183788310.0,1,1,1,1,0,1,1,0,0,1,15,1,10.0,1
0.0,973.4,1,1,2678449.0,1,1,0,0,0,1,1,0,0,0,6,2,10.0,0
6384.6,8783.06,1,1,1275641.0,1,1,0,0,0,0,1,0,1,0,7,3,10.0,1
93403.7,102758.37,1,1,165510.0,1,1,0,0,0,0,1,0,1,0,10,2,10.0,0
0.0,3.3,1,1,496829.0,1,1,0,1,0,0,0,0,0,1,4,3,496.829,0
306293.0,40839.066667,1,0,306293.0,0,1,0,0,0,0,0,0,0,0,17,0,306293.0,1
591456008.0,90370761.188061,1,0,591456008.0,0,1,0,0,0,1,0,0,0,0,36,3,59145600.8,1
129136642.0,17218218.933333,1,0,129136642.0,0,1,0,0,0,0,0,0,0,0,33,3,12913664.2,0
2019211.0,370189.383333,3,1,2019211.0,0,3,0,1,0,1,1,1,0,1,11,2,10.0,1
0.0,1.1,1,1,102075.0,1,1,0,0,0,0,1,0,0,0,14,4,20.0,0
3252219.0,596241.15,7,3,3252219.0,0,7,1,1,0,1,1,1,0,1,13,7,10.0,1
0.0,13.5,4,4,6082839.0,1,4,0,0,0,1,1,1,0,0,8,2,100.0,0
0.0,11231039622.0,4,4,2552509005.0,1,4,0,0,0,0,0,1,0,0,13,6,255250900.5,0
1002.0,188.2,2,1,1002.0,0,2,1,1,0,1,1,1,0,1,10,2,1.002,0
0.0,3972455.3,1,1,3611323.0,1,1,0,1,0,1,0,0,0,1,13,3,3611.323,1
0.0,98676287.6,1,1,89705716.0,1,1,1,1,0,1,0,0,0,1,3,4,89705.716,1
0.0,5718.9,3,3,1733.0,1,3,1,1,0,1,1,1,0,1,7,3,1.733,0
8987298.0,1649353.8,8,3,8987298.0,0,8,1,1,0,1,0,1,0,1,9,3,8987.298,1
3554565.0,651671.85,1,0,3554565.0,0,1,0,1,0,1,1,0,0,1,2,1,10.0,1
14707.0,2696.283333,1,0,14707.0,0,1,1,1,0,0,1,0,0,1,3,3,14.707,1
0.0,4490902750.400001,4,4,1020659716.0,1,4,0,1,0,0,1,1,0,1,2,5,10.0,0
2532041.0,468514.216667,1,0,2532041.0,0,1,0,0,0,1,1,0,0,1,13,5,100.0,1
49511363.0,9077084.116667,4,2,49511363.0,0,4,0,1,0,1,1,1,0,1,20,5,100.0,1
1174252.0,216586.633333,1,0,1174252.0,0,1,0,1,0,1,1,0,0,1,14,4,100.0,1
0.0,18.0,1,1,445057.0,1,1,0,0,0,1,1,0,0,0,3,3,100.0,0
289548982.0,38606530.933333,1,0,289548982.0,0,1,0,0,0,0,0,0,0,0,13,2,28954898.2,1
0.0,3.3,3,3,725188542.0,1,3,0,0,0,0,1,1,0,0,10,3,50.0,0
25274771.0,4633708.816667,1,0,25274771.0,0,1,0,1,0,1,0,0,0,1,4,5,25274.771,1
676.5,774.95,1,1,12517.0,1,1,0,0,0,0,0,0,1,0,5,1,1251.7,0
305438772.0,55988730.966667,4,1,305438772.0,0,4,1,1,0,0,1,1,0,1,21,2,100.0,1
15569353.0,2854618.383333,1,0,15569353.0,0,1,0,1,0,1,0,0,0,1,21,1,15569.353,1
2464240.7,3508137.636667,1,0,1352837.0,0,1,1,1,0,0,0,0,1,1,11,4,1352.837,1
0.0,1684205.6,1,1,1531096.0,1,1,0,0,0,1,1,0,0,0,4,1,1000.0,1
33090628.0,4412083.733333,1,0,33090628.0,0,1,0,0,0,0,0,0,0,0,19,3,3309062.8,0
125409.0,17091.9,1,0,125409.0,0,1,0,0,0,1,1,0,0,0,16,1,100.0,1
744409.0,136480.983333,1,0,744409.0,0,1,0,1,0,1,1,0,0,1,4,2,10.0,1
18567016.0,2475602.133333,1,0,18567016.0,0,1,0,0,0,0,0,0,0,0,11,1,1856701.6,1
0.0,1.1,1,1,149036256.0,1,1,0,0,0,0,1,0,0,0,11,1,1.0,0
3930983.0,524178.666667,1,0,3930983.0,0,1,0,0,0,1,1,0,0,0,13,3,1000.0,1
0.0,142743.7,1,1,129767.0,1,1,0,1,0,1,1,0,0,1,4,5,10.0,1
1558.0,285.633333,2,0,1558.0,0,2,1,1,0,0,0,1,0,1,3,4,1.558,0
0.0,16.8,5,5,40601270.0,1,5,0,0,0,1,1,1,0,0,8,2,100.0,0
0.0,61594.5,3,3,18665.0,1,3,1,1,1,1,1,1,0,1,3,1,10.0,1
0.0,1.1,1,1,333877.0,1,1,0,0,0,0,1,0,0,0,1,2,1.0,0
32909139.0,4116943.733333,5,2,32909139.0,0,5,0,0,0,1,1,1,0,0,13,2,100.0,1
18937.0,3475.883333,4,1,18937.0,0,4,1,1,0,1,1,1,0,1,10,1,18.937,1
0.0,1314942.2,1,1,1195402.0,1,1,0,0,0,1,1,0,0,0,11,2,20.0,0
9322716.0,1710757.6,1,0,9322716.0,0,1,0,1,0,1,0,0,0,1,18,1,9322.716,1
0.0,199968938.4,7,7,25969992.0,1,7,0,1,0,1,1,1,0,1,11,5,10.0,1
55253.0,10129.716667,1,0,55253.0,0,1,0,1,0,0,1,0,0,1,11,5,55.253,1
0.0,154.0,1,1,53870592.0,1,1,0,0,0,0,1,0,0,0,11,2,10.0,0
2798692.0,249187.816667,6,3,2798692.0,0,6,0,1,0,1,1,1,0,1,4,3,10.0,1
0.0,156.75,1,1,855.0,1,1,1,1,1,0,1,0,0,1,12,1,0.855,0
563779.0,9367.183333,4,3,563779.0,0,4,1,1,0,1,1,1,0,1,9,3,563.779,1
23901360.0,3186848.0,1,0,23901360.0,0,1,0,0,0,0,0,0,0,0,35,4,2390136.0,1
0.0,158.4,3,3,16207621.0,1,3,0,0,0,0,1,1,0,0,20,4,20.0,0
0.0,1.1,1,1,71093.0,1,1,0,0,0,0,0,0,0,0,1,1,7109.3,0
0.0,1672.0,4,4,77290353.0,1,4,0,0,0,0,1,1,0,0,5,3,20.0,0
13624.0,2498.133333,2,1,13624.0,0,2,0,1,0,1,1,1,0,1,3,4,13.624,1
8721426.0,1268895.47588,1,0,8721426.0,0,1,0,0,0,1,0,0,0,0,15,1,872142.6,1
47316262.0,6308834.933333,1,0,47316262.0,0,1,0,0,0,0,0,0,0,0,10,2,4731626.2,1
0.0,1.1,1,1,1495.0,1,1,0,0,0,0,0,0,0,0,10,1,149.5,0
114.0,140.8,1,1,101713.0,1,1,0,0,0,0,1,0,1,0,5,3,10.0,0
24162.0,4431.9,4,1,24162.0,0,4,0,1,1,1,1,1,0,1,9,1,10.0,1
0.0,1.1,1,1,5323.0,1,1,0,0,0,0,1,0,0,0,7,1,1.0,0
4096121.0,750955.516667,8,3,4096121.0,0,8,1,1,0,0,1,1,0,1,25,5,20.0,1
85979744.0,15762953.066667,1,0,85979744.0,0,1,1,1,0,0,1,0,0,1,25,1,100.0,1
0.0,25.1,1,1,90711258.0,1,1,0,0,0,1,1,0,0,0,15,1,20.0,0
21398316.0,3923040.9,1,0,21398316.0,0,1,0,1,0,1,1,0,0,1,12,4,10.0,1
34819147.0,11001425.783333,1,0,30621042.0,0,2,0,1,0,0,0,1,1,1,8,5,30621.042,1
0.0,1972.3,1,1,1793.0,1,1,0,1,0,1,1,0,0,1,7,3,1.793,1
0.0,67090.1,1,1,60991.0,1,1,0,0,0,0,0,0,0,0,15,1,6099.1,0
0.0,3.3,1,1,1344995.0,1,1,0,0,0,0,1,0,0,0,2,1,100.0,0
5376745.0,716899.333333,1,0,5376745.0,0,1,0,0,0,0,0,0,0,0,34,4,537674.5,0
1252398.0,229770.1,1,0,1252398.0,0,1,1,1,0,1,0,0,0,1,20,1,1252.398,1
3874331.3,655773.896667,1,0,3813819.0,0,2,1,0,0,1,0,1,1,0,17,2,381381.9,1
26803992.0,5061559.0,1,0,26669908.0,0,2,0,1,0,1,0,1,1,1,16,3,26669.908,1
2030299.0,372221.583333,1,0,2030299.0,0,1,0,1,0,1,0,0,0,1,18,0,20302.99,1
7795729.0,1039514.633333,1,0,7795729.0,0,1,0,0,0,1,1,0,0,0,8,0,100.0,1
0.0,1.1,1,1,62776879.0,1,1,0,0,0,0,1,0,0,0,9,1,1.0,0
0.0,306.9,1,1,572835.0,1,1,0,0,0,0,1,0,0,0,12,1,100.0,0
0.0,1.1,1,1,85344.0,1,1,0,0,0,0,1,0,0,0,8,2,1.0,0
0.0,405435.8,1,1,368578.0,1,1,0,0,0,0,1,0,0,0,11,2,10.0,0
0.0,2.2,2,2,14629502.0,1,2,0,0,0,0,1,1,0,0,6,2,100.0,0
0.0,42.9,1,1,23418.0,1,1,0,1,0,0,0,0,0,1,2,1,23.418,0
97049431.0,17793295.183333,1,0,97049431.0,0,1,0,1,0,1,1,0,0,1,12,2,10.0,1
18940.8,20909.68,1,1,1167331.0,1,1,0,0,0,0,0,0,1,0,4,2,116733.1,0
0.0,6.0,1,1,33803.0,1,1,0,0,0,1,1,0,0,0,14,1,50.0,0
0.0,1238084.1,1,1,1125531.0,1,1,0,0,0,1,1,0,0,1,11,4,100.0,1
23738.6,26113.56,1,1,82904.0,1,1,0,0,0,0,1,0,1,0,10,3,100.0,0
3495225.0,640792.45,5,3,3495225.0,0,5,1,1,0,1,0,1,0,1,20,5,3495.225,1
146955414.0,752097.3,2,1,146955414.0,0,2,0,0,0,1,1,1,0,0,10,3,1000.0,1
0.0,8.8,4,4,956842025.0,1,4,1,1,0,0,1,1,0,1,11,1,10.0,0
7278371.0,1334368.916667,7,2,7278371.0,0,7,0,1,0,1,1,1,0,1,8,3,20.0,1
199924749.0,36652871.25,1,0,199924749.0,0,1,0,1,0,1,0,0,0,1,5,0,1999247.49,1
173549166.0,23945.533333,4,3,173549166.0,0,4,0,1,0,0,1,1,0,1,15,1,10.0,0
0.0,59.4,3,3,804704859.0,1,3,0,0,0,0,1,1,0,0,8,4,10.0,0
0.0,34.5,2,2,4194.0,1,2,0,0,0,1,0,1,0,0,5,1,419.4,0
19237592.0,3527819.666667,1,0,19237592.0,0,1,1,1,0,1,1,0,0,1,9,3,10.0,1
0.0,185334151.2,4,4,42121398.0,1,4,0,0,0,0,1,1,0,0,7,5,100.0,0
379534509.0,50604601.2,1,0,379534509.0,0,1,0,0,0,0,0,0,0,0,22,4,37953450.9,1
1484999.6,17139802.46,1,1,14096639.0,1,1,0,1,0,1,1,0,1,1,19,3,100.0,1
0.0,842.1,1,1,10960.0,1,1,0,0,0,1,1,0,0,0,8,1,50.0,1
696399.0,93026.2,1,0,696399.0,0,1,0,0,0,1,1,0,0,0,3,2,1000.0,1
0.0,1.1,1,1,5156614.0,1,1,0,0,0,0,0,0,0,0,9,1,515661.4,0
0.0,735.9,1,1,21592.0,1,1,0,0,0,0,0,0,0,1,3,1,2159.2,1
0.0,1.1,1,1,181746991.0,1,1,0,0,0,0,1,0,0,0,1,1,1.0,0
0.0,4.4,1,1,16148918.0,1,1,0,0,0,0,1,0,0,0,14,4,100.0,0
0.0,354.2,1,1,101333.0,1,1,0,0,0,0,0,0,0,1,3,1,10133.3,0
0.0,149407.5,1,1,135825.0,1,1,0,0,0,1,1,0,0,0,7,3,10.0,0
0.0,6.6,3,3,2064986079.0,1,3,0,0,0,0,1,1,0,0,3,3,10.0,0
15993353.0,2932115.716667,3,1,15993353.0,0,3,1,1,0,1,1,1,0,1,14,3,10.0,1
9665777.0,1772059.116667,1,0,9665777.0,0,1,0,0,0,0,0,0,0,1,14,5,966577.7,1
144309.0,19243.2,1,0,144309.0,0,1,0,0,0,1,0,0,0,0,5,0,144309.0,1
0.0,1.1,1,1,306920.0,1,1,0,0,0,0,1,0,0,0,11,1,1.0,0
290942626.0,1662970.4,5,3,290942626.0,0,5,0,0,0,0,1,1,0,0,17,5,1000.0,1
13873767.0,9734331.6,1,0,6706065.0,0,2,1,0,0,1,0,1,1,0,7,4,670606.5,1
1099470.0,201695.3,1,0,1099470.0,0,1,1,1,0,1,1,0,0,1,23,0,100.0,1
291305566.0,53406020.433333,1,0,291305566.0,0,1,1,1,1,0,0,0,0,1,3,4,291305.566,1
0.0,5.5,1,1,35392.0,1,1,0,0,0,0,1,0,0,0,6,4,20.0,0
0.0,1.1,1,1,615855.0,1,1,0,0,0,0,1,0,0,0,10,1,1.0,0
374925175.0,49990023.333333,1,0,374925175.0,0,1,0,0,0,0,0,0,0,0,19,4,37492517.5,1
0.0,39.1,2,2,453872713.0,1,2,0,0,0,1,0,1,0,0,9,4,45387271.3,0
3445423.0,631660.883333,1,0,3445423.0,0,1,0,0,0,0,1,0,0,1,16,1,1000.0,1
0.0,339.9,1,1,12030.0,1,1,0,0,0,0,1,0,0,0,13,4,100.0,0
0.0,7383.2,1,1,2835732.0,1,1,0,0,0,0,0,0,0,1,2,1,283573.2,1
55972.0,7463.033333,1,0,55972.0,0,1,0,0,0,1,1,0,0,0,18,5,10.0,1
40537841.0,5405045.466667,1,0,40537841.0,0,1,0,0,0,0,0,0,0,0,35,4,4053784.1,1
0.0,3867.6,1,1,918091.0,1,1,0,1,0,0,0,0,0,1,2,3,918.091,1
0.0,2.4,1,1,9553921.0,1,1,0,0,0,1,1,0,0,0,11,2,50.0,0
634166887.0,116263929.583333,1,0,634166887.0,0,1,1,1,0,1,0,0,0,1,21,1,634166.887,1
119.4,137.94,1,1,58879.0,1,1,0,0,0,0,1,0,1,0,8,2,100.0,0
143611273.0,26328733.383333,5,2,143611273.0,0,5,1,1,0,0,0,1,0,1,20,8,143611.273,1
590129.7,67908396.27,1,1,61144776.0,1,1,0,1,0,1,0,0,1,1,7,3,61144.776,1
153612778.0,1065027.5,3,2,153612778.0,0,3,0,0,0,1,1,1,0,0,17,6,100.0,1
0.0,247.5,3,3,18079562.0,1,3,0,0,0,0,1,1,0,0,13,5,20.0,0
0.0,144.9,2,2,788019.0,1,2,0,0,0,1,1,1,0,0,18,3,100.0,0
7012.0,1285.533333,3,2,7012.0,0,3,1,1,0,0,1,1,0,1,6,0,70.12,1
23556985.0,4318780.583333,7,2,23556985.0,0,7,0,1,0,0,1,1,0,1,13,2,10.0,1
385406069.0,70657779.316667,1,0,385406069.0,0,1,0,1,1,0,1,0,0,1,9,1,10.0,1
0.0,7578.4,4,4,414967432.0,1,4,0,0,0,1,1,1,0,0,15,3,50.0,0
0.0,12085932.1,1,1,10987211.0,1,1,1,1,0,0,0,0,0,1,5,5,10987.211,1
0.0,251.9,3,3,1374.0,1,3,0,1,0,0,1,1,0,1,9,3,1.374,0
0.0,24.333333,1,1,124.0,1,1,1,1,1,1,1,0,0,1,12,2,0.124,0
1925626.0,353067.333333,1,0,1925626.0,0,1,0,1,0,1,1,0,0,1,16,2,1000.0,1
714.0,131.3,2,0,714.0,0,2,1,1,0,1,1,1,0,1,14,2,0.714,0
0.0,255509.1,3,3,77427.0,1,3,0,0,0,0,0,1,0,0,14,1,7742.7,0
0.0,61216.1,1,1,55651.0,1,1,0,0,0,0,0,0,0,0,6,1,5565.1,0
0.0,190.3,1,1,174532632.0,1,1,0,0,0,0,0,0,0,1,2,2,17453263.2,0
0.0,308.1,1,1,297271.0,1,1,0,0,0,1,1,0,0,0,5,1,100.0,0
63806108.0,11697786.466667,1,0,63806108.0,0,1,1,1,0,0,0,0,0,1,12,3,63806.108,1
0.0,669131806.2,6,6,101383607.0,1,6,0,0,0,1,0,1,0,0,23,6,10138360.7,1
263400.0,48297.9,1,0,263400.0,0,1,0,0,0,1,0,0,0,1,4,2,26340.0,1
126173098.0,23398.583333,4,3,126173098.0,0,4,0,1,0,1,1,1,0,1,15,1,1000.0,1
153925.0,28219.583333,1,0,153925.0,0,1,0,0,0,0,1,0,0,1,4,4,10.0,1
0.0,1.1,1,1,89384312.0,1,1,0,0,0,0,1,0,0,0,11,1,1.0,0
0.0,1.2,1,1,14517118.0,1,1,0,0,0,1,1,0,0,0,14,3,10.0,0
17899.0,3283.483333,3,2,17899.0,0,3,0,1,0,1,0,1,0,1,5,3,17.899,1
0.0,1.1,1,1,27938584.0,1,1,0,0,0,0,1,0,0,0,9,1,1.0,0
0.0,62.4,1,1,819915.0,1,1,0,0,0,1,0,0,0,0,4,3,81991.5,0
0.0,1.1,1,1,8080923.0,1,1,0,0,0,0,1,0,0,0,1,2,1.0,0
0.0,10622225.9,1,1,9656569.0,1,1,0,0,0,1,1,0,0,0,8,2,10.0,0
0.0,5.5,1,1,287474.0,1,1,0,0,0,0,0,0,0,1,1,3,28747.4,0
454061222.0,83244762.466667,7,1,454061222.0,0,7,1,1,0,1,0,1,0,1,6,8,454061.222,1
0.0,1.1,1,1,6946219.0,1,1,0,0,0,0,1,0,0,0,5,1,1.0,0
136065144.0,27250323.9,1,0,133969664.0,0,1,0,1,0,1,1,0,1,1,9,5,100.0,1
1413443.0,259131.216667,1,0,1413443.0,0,1,0,1,0,0,1,0,0,1,25,0,100.0,1
0.0,89.6,5,5,16636469.0,1,5,0,0,0,1,1,1,0,0,10,2,100.0,0
0.0,954.9,1,1,683846.0,1,1,0,0,0,1,1,0,0,0,13,4,100.0,1
0.0,806.4,5,5,858475.0,1,5,0,0,0,1,0,1,0,0,14,5,85847.5,0
154896549.0,464503.333333,4,2,154896549.0,0,4,0,0,0,0,1,1,0,0,21,6,1000.0,1
0.0,546.7,1,1,465965.0,1,1,0,1,0,0,0,0,0,1,4,2,465.965,0
1848876.0,220788.883333,3,2,1848876.0,0,3,1,1,0,0,1,1,0,1,19,7,100.0,1
178734549.0,34490531.95,1,0,178108175.0,0,2,1,1,0,1,0,1,1,1,14,2,178108.175,1
0.0,28530.7,1,1,25937.0,1,1,0,0,0,1,1,0,0,0,5,2,100.0,1
12160.7,63611.57,1,1,45668.0,1,1,0,0,0,0,1,0,1,0,4,3,100.0,0
239521953.0,43912368.05,3,1,239521953.0,0,3,0,1,0,1,1,1,0,1,8,4,100.0,1
0.0,3.3,1,1,206359820.0,1,1,0,0,0,0,1,0,0,0,10,3,50.0,0
0.0,2635.2,1,1,5036327.0,1,1,0,0,0,1,0,0,0,0,6,4,503632.7,1
15688.0,2876.133333,3,2,15688.0,0,3,0,1,0,0,0,1,0,1,4,4,15.688,1
0.0,4.5,4,4,1444172.0,1,4,0,0,0,1,1,1,0,0,14,1,20.0,0
159728.0,21299.166667,1,0,159728.0,0,1,0,0,0,1,1,0,0,0,15,5,1000.0,1
0.0,82.166667,1,1,446.0,1,1,0,1,0,1,1,0,0,1,7,4,0.446,0
18871965.0,3458574.233333,4,2,18871965.0,0,4,0,1,0,1,1,1,0,1,12,3,100.0,1
862288.0,158329.033333,1,0,862288.0,0,1,0,1,0,1,0,0,0,1,20,1,862.288,1
0.0,30.6,3,3,1440129892.0,1,3,0,0,0,1,1,1,0,0,18,3,50.0,0
0.0,1.1,1,1,24249306.0,1,1,0,0,0,0,1,0,0,0,6,1,1.0,0
0.0,13.2,1,1,878040437.0,1,1,0,0,0,1,1,0,0,0,9,1,10.0,0
0.0,1056.0,5,5,12080478.0,1,5,0,0,0,0,0,1,0,0,17,3,1208047.8,0
0.0,1.1,1,1,185477036.0,1,1,0,0,0,0,1,0,0,0,3,1,1.0,0
0.0,1837863.5,1,1,1670785.0,1,1,0,0,0,1,1,0,0,0,5,1,100.0,0
96041346.0,17607582.1,4,1,96041346.0,0,4,0,1,0,1,1,1,0,1,10,2,20.0,1
1141041.0,209603.15,1,0,1141041.0,0,1,0,1,0,1,1,0,0,1,15,3,1000.0,1
0.0,202274904.7,1,1,183886277.0,1,1,0,0,0,0,0,0,0,0,4,3,18388627.7,0
0.0,114.4,2,2,1016879990.0,1,2,0,0,0,0,1,1,0,0,14,1,200.0,0
0.0,1.1,1,1,708178.0,1,1,0,0,0,0,1,0,0,0,6,1,1.0,0
24693823.0,4527202.883333,3,1,24693823.0,0,3,0,1,0,1,1,1,0,1,21,6,20.0,1
122290329.0,16305377.2,1,0,122290329.0,0,1,0,0,0,0,0,0,0,0,11,3,12229032.9,0
10915.0,2001.783333,4,1,10915.0,0,4,0,1,0,1,0,1,0,1,14,4,10.915,1
0.0,206.6,2,2,75636365.0,1,2,0,0,0,1,1,1,0,0,6,2,20.0,0
0.0,13.8,2,2,730901989.0,1,2,0,0,0,1,1,1,0,0,11,6,50.0,0
0.0,372.6,2,2,40248559.0,1,2,0,0,0,1,0,1,0,0,15,3,4024855.9,0
0.0,4.8,1,1,81909.0,1,1,0,0,0,1,1,0,0,0,8,3,20.0,0
0.0,70.033333,2,2,382.0,1,2,1,1,0,0,1,1,0,1,4,2,0.382,0
5012341.0,918929.183333,1,0,5012341.0,0,1,0,1,0,0,1,0,0,1,7,1,10.0,1
0.0,3050.3,1,1,7334080.0,1,1,0,1,0,0,0,0,0,1,3,3,7334.08,1
72584524.0,14166205.533333,1,0,71803576.0,0,1,1,1,0,0,0,0,1,1,17,4,71803.576,1
0.0,1322.2,1,1,126098456.0,1,1,0,0,0,0,1,0,0,0,11,1,20.0,0
10054575.0,1340664.1,2,0,10054575.0,0,2,0,0,0,1,1,1,0,0,5,3,10.0,1
0.0,476.3,1,1,1174812.0,1,1,0,0,0,0,0,0,0,1,2,1,117481.2,0
289130347.0,38550712.933333,1,0,289130347.0,0,1,0,0,0,0,0,0,0,0,14,4,28913034.7,1
0.0,54.0,4,4,1746365696.0,1,4,1,0,0,1,0,1,0,0,8,3,174636569.6,0
0.0,139.5,5,5,741486.0,1,5,0,0,0,1,1,1,0,0,20,5,20.0,0
0.0,2218.7,1,1,75075845.0,1,1,0,0,0,0,0,0,0,1,1,1,7507584.5,0
0.0,2239.0,1,1,127337706.0,1,1,0,0,0,1,0,0,0,0,12,1,12733770.6,0
0.0,1288.6,2,2,746176688.0,1,2,0,0,0,1,1,1,0,0,9,2,200.0,0
0.0,1.1,1,1,1313.0,1,1,0,0,0,0,0,0,0,0,4,1,131.3,0
0.0,1.1,1,1,288805.0,1,1,0,0,0,0,1,0,0,0,6,1,1.0,0
52912319.0,56045229.016667,1,0,10785648.0,0,2,0,1,0,1,1,1,1,1,9,4,100.0,1
0.0,1.1,1,1,170737.0,1,1,0,0,0,0,1,0,0,0,9,1,1.0,0
3391495.0,683877.333333,1,0,3368912.0,0,2,0,1,0,0,0,1,1,1,13,0,33689.12,1
104.7,121.77,1,1,280228.0,1,1,0,0,0,0,1,0,1,0,2,1,100.0,0
0.0,946059321.9,3,3,286684643.0,1,3,0,0,0,0,1,1,0,0,11,3,100.0,0
0.0,1.1,1,1,2669.0,1,1,0,0,0,0,1,0,0,0,12,1,1.0,0
5754.0,1054.9,2,0,5754.0,0,2,0,1,0,0,1,1,0,1,15,0,10.0,1
0.0,1.1,1,1,27910.0,1,1,0,0,0,0,0,0,0,1,1,2,2791.0,0
99591519.0,9476920.1,5,3,99591519.0,0,5,0,0,0,0,1,1,0,0,18,6,1000.0,1
1733665.0,317838.583333,1,0,1733665.0,0,1,0,1,0,0,1,0,0,1,23,1,10.0,1
0.0,27875991.0,5,5,5068362.0,1,5,1,1,0,1,1,1,0,1,6,3,100.0,1
19084604.0,3863423.216667,1,0,18955225.0,0,1,0,1,0,1,1,0,1,1,14,5,100.0,1
0.0,2.3,2,2,201754467.0,1,2,1,0,0,1,1,1,0,0,13,6,50.0,0
0.0,964248066.1,1,1,876589151.0,1,1,0,1,0,1,0,0,0,1,10,1,876589.151,1
0.0,642.5,5,5,52415518.0,1,5,0,0,0,1,1,1,0,0,5,4,100.0,0
13138.0,2411.933333,2,1,13138.0,0,2,1,1,0,1,1,1,0,1,4,4,13.138,1
0.0,143.0,5,5,13301167.0,1,5,0,0,0,0,0,1,0,0,17,2,1330116.7,0
0.0,5447617524.8,4,4,1238094892.0,1,4,0,0,0,1,1,1,0,0,3,5,200.0,0
20802.0,3817.1,3,2,20802.0,0,3,1,1,0,1,0,1,0,1,8,4,20.802,1
0.0,279.0,4,4,907837125.0,1,4,0,1,0,1,1,1,0,1,17,3,200.0,0
5609510.0,1028412.466667,4,0,5609510.0,0,4,0,1,0,1,0,1,0,1,19,1,5609.51,1
0.0,136.4,1,1,170847.0,1,1,0,0,0,0,0,0,0,1,3,2,17084.7,0
31591377.0,5385228.0,6,5,31591377.0,0,6,1,1,0,1,1,1,0,1,9,1,100.0,1
0.0,154678753.9,1,1,140617049.0,1,1,0,0,0,0,0,0,0,0,26,3,14061704.9,0
7369244.0,8106168.4,1,0,7369244.0,0,1,0,0,0,0,0,0,0,0,19,0,7369244.0,0
0.0,2748270.8,1,1,2498428.0,1,1,0,1,0,1,0,0,0,1,15,2,2498.428,1
0.0,1.2,1,1,8054198.0,1,1,0,0,0,1,1,0,0,0,12,1,50.0,0
0.0,11739791.8,1,1,10672538.0,1,1,0,0,0,0,1,0,0,0,6,1,10.0,0
0.0,1.1,1,1,135542437.0,1,1,0,0,0,0,1,0,0,0,4,2,1.0,0
72674589.0,447847.433333,4,2,72674589.0,0,4,0,0,0,1,1,1,0,0,7,6,1000.0,1
173890.0,118245100.6,1,1,107321656.0,1,1,1,1,0,0,0,0,1,1,8,3,107321.656,1
0.0,732758.4,1,1,666144.0,1,1,0,0,0,1,1,0,0,0,15,3,10.0,1
80754073.1,11047144.476667,1,0,80632364.0,0,2,0,0,0,1,0,1,1,0,3,5,8063236.4,1
0.0,112.2,3,3,1045824022.0,1,3,0,1,0,1,1,1,0,1,3,4,10.0,0
4791.0,878.35,4,0,4791.0,0,4,0,1,0,0,1,1,0,1,6,0,10.0,1
6625200.0,1160135.2,1,0,6373590.0,0,2,0,0,0,1,0,1,1,0,16,5,637359.0,1
1943875.0,356377.083333,1,0,1943875.0,0,1,0,0,0,0,1,0,0,1,19,0,100.0,1
1895136.0,347441.6,1,0,1895136.0,0,1,0,0,0,0,1,0,0,1,6,2,100.0,1
0.0,1.1,1,1,238900.0,1,1,0,0,0,0,0,0,0,0,1,2,23890.0,0
0.0,108931376.4,3,3,33009508.0,1,3,0,0,0,0,1,1,0,0,9,5,100.0,0
330593057.0,44079074.266667,1,0,330593057.0,0,1,0,0,0,0,0,0,0,0,40,4,33059305.7,0
0.0,324.5,1,1,96230718.0,1,1,0,1,0,0,0,0,0,1,2,1,96230.718,0
0.0,4283.4,1,1,3894.0,1,1,0,0,0,0,1,0,0,0,11,1,1.0,0
627224756.0,83629967.466667,1,0,627224756.0,0,1,0,0,0,0,0,0,0,0,37,4,62722475.6,1
4629421.0,848727.283333,1,0,4629421.0,0,1,1,1,0,1,0,0,0,1,12,5,4629.421,1
17070989.0,3129682.316667,3,1,17070989.0,0,3,1,1,0,1,1,1,0,1,30,1,10.0,1
0.0,744.7,1,1,87442939.0,1,1,0,0,0,0,1,0,0,0,13,1,50.0,0
16988.0,3154.466667,3,1,16988.0,0,3,1,1,0,1,0,1,0,1,14,2,16.988,1
0.0,1.1,1,1,2187627.0,1,1,0,0,0,0,1,0,0,0,12,1,1.0,0
30018.0,5503.7,3,2,30018.0,0,3,0,1,0,1,1,1,0,1,9,0,10.0,1
73379812.0,15965127.933333,1,0,71096028.0,0,2,0,1,0,0,0,1,1,1,15,3,71096.028,1
678323.0,126678.116667,1,0,678323.0,0,1,1,1,0,1,1,0,0,1,10,4,100.0,1
515.0,573.1,1,1,536241.0,1,1,0,0,0,0,1,0,1,0,5,2,100.0,0
129.0,23.85,1,0,129.0,0,1,1,1,0,1,1,0,0,1,4,4,0.129,0
48201688.0,8837001.333333,1,0,48201688.0,0,1,0,1,0,1,0,0,0,1,25,2,48201.688,1
446.6,573.76,1,1,19081.0,1,1,0,0,0,0,1,0,1,0,4,1,10.0,0
0.0,3408873058.8,4,4,774743877.0,1,4,0,0,0,0,1,1,0,0,16,4,200.0,0
145.0,26.883333,2,1,145.0,0,2,1,1,0,1,1,1,0,1,5,1,0.145,0
0.0,983.4,2,2,334099257.0,1,2,1,1,0,0,1,1,0,1,9,5,10.0,0
128215629.0,23506208.65,3,0,128215629.0,0,3,0,1,0,1,1,1,0,1,8,6,100.0,1
0.0,31.7,1,1,25836050.0,1,1,0,0,0,1,1,0,0,0,7,2,20.0,0
0.0,1890542.5,1,1,1718675.0,1,1,0,0,0,1,1,0,0,0,15,1,50.0,0
0.0,110957.0,1,1,100870.0,1,1,0,0,0,1,1,0,0,0,5,3,1000.0,1
0.0,1254.0,5,5,57062031.0,1,5,0,0,0,0,1,1,0,0,8,3,20.0,0
153.0,28.05,1,0,153.0,0,1,0,1,0,0,1,0,0,1,7,1,0.153,0
12989946.0,1731992.8,2,0,12989946.0,0,2,0,0,0,0,1,1,0,0,15,3,10.0,1
34565.0,6336.916667,2,1,34565.0,0,2,0,1,0,0,0,1,0,1,14,3,34.565,1
2345812.0,312774.933333,1,0,2345812.0,0,1,0,0,0,0,1,0,0,0,10,4,10.0,1
421985142.0,77363950.5,7,2,421985142.0,0,7,0,1,0,1,0,1,0,1,15,3,421985.142,1
0.0,1.1,1,1,11436.0,1,1,0,0,0,0,1,0,0,0,1,2,1.0,0
10301505.6,2970116.21,1,0,9911667.0,0,2,0,1,0,1,0,1,1,1,5,2,9911.667,1
0.0,13312.2,1,1,2433646.0,1,1,0,0,0,0,0,0,0,1,3,1,243364.6,1
133899866.0,24548309.366667,3,0,133899866.0,0,3,0,1,0,1,1,1,0,1,9,5,100.0,1
528601255.0,70480167.333333,1,0,528601255.0,0,1,0,0,0,0,0,0,0,0,15,4,52860125.5,0
10335.8,11370.48,1,1,1833526.0,1,1,0,0,0,0,0,0,1,0,2,2,183352.6,0
0.0,1.1,1,1,702730.0,1,1,0,0,0,0,0,0,0,0,4,1,70273.0,0
44706331.0,8199612.883333,1,0,44706331.0,0,1,1,1,0,1,0,0,0,1,8,0,447063.31,1
0.0,1.1,1,1,14312.0,1,1,0,0,0,0,1,0,0,0,4,1,1.0,0
0.0,145.2,2,2,3899.0,1,2,0,0,0,0,1,1,0,0,20,2,20.0,0
0.0,1.1,1,1,1202918.0,1,1,0,0,0,0,0,0,0,0,5,1,120291.8,0
0.0,3.4,3,3,345648.0,1,3,0,0,0,1,0,1,0,0,16,4,34564.8,0
1903793.0,349028.716667,1,0,1903793.0,0,1,0,0,0,0,1,0,0,1,9,2,100.0,1
27517915.0,5044953.083333,5,1,27517915.0,0,5,0,1,0,1,1,1,0,1,29,2,20.0,1
0.0,2401.8,2,2,113764756.0,1,2,0,0,0,1,1,1,0,0,7,1,200.0,0
0.0,8035.5,1,1,247050.0,1,1,0,0,0,0,0,0,0,1,4,1,24705.0,1
0.0,1.1,1,1,194903.0,1,1,0,0,0,0,0,0,0,0,8,2,19490.3,0
0.0,940.5,3,3,1256996143.0,1,3,0,0,0,0,0,1,0,0,12,1,125699614.3,0
0.0,1.1,1,1,18888.0,1,1,0,0,0,0,1,0,0,0,11,2,1.0,0
0.0,229.9,1,1,6338190.0,1,1,0,0,0,0,0,0,0,1,4,2,633819.0,0
0.0,95.7,1,1,883131.0,1,1,0,0,0,0,0,0,0,1,4,1,88313.1,0
0.0,1.2,1,1,21079392.0,1,1,0,0,0,1,1,0,0,0,6,1,100.0,0
0.0,9.0,4,4,193341106.0,1,4,0,0,0,1,1,1,0,0,15,4,100.0,0
0.0,398125.2,3,3,120644.0,1,3,0,0,0,0,0,1,0,0,6,4,12064.4,0
174160.5,192506.05,1,1,142652.0,1,1,0,0,0,0,1,0,1,0,4,1,100.0,0
0.0,3.4,3,3,1436003058.0,1,3,0,1,0,1,1,1,0,1,9,3,50.0,0
0.0,1601.6,5,5,142436246.0,1,5,0,0,0,1,0,1,0,0,9,4,14243624.6,0
0.0,1.1,1,1,80655.0,1,1,0,0,0,0,1,0,0,0,10,1,1.0,0
49325880.0,6576784.0,1,0,49325880.0,0,1,0,0,0,0,0,0,0,0,21,0,49325880.0,0
112000.0,14933.333333,1,0,112000.0,0,1,0,0,0,0,0,0,0,0,6,5,11200.0,1
0.0,5.6,5,5,44001237.0,1,5,0,0,0,1,0,1,0,0,19,1,4400123.7,0
10271565.0,28118.633333,2,1,10271565.0,0,2,0,0,0,1,0,1,0,0,19,6,1027156.5,1
4793266.0,639102.133333,1,0,4793266.0,0,1,0,0,0,0,0,0,0,0,35,3,479326.6,1
0.0,13723754.0,4,4,3119035.0,1,4,0,1,0,1,1,1,0,1,29,5,20.0,1
0.0,216.0,4,4,1660774757.0,1,4,1,1,0,1,0,1,0,1,11,1,1660774.757,0
0.0,3501.3,3,3,1722310637.0,1,3,0,0,0,0,1,1,0,0,13,4,50.0,0
244480674.0,32597423.2,1,0,244480674.0,0,1,0,0,0,0,0,0,0,0,18,1,24448067.4,0
0.0,96.7,1,1,9132598.0,1,1,0,0,0,1,1,0,0,0,14,1,10.0,0
1070566.0,196270.433333,1,0,1070566.0,0,1,0,1,0,0,1,0,0,1,14,5,10.0,1
0.0,3314.3,1,1,458725.0,1,1,0,0,0,0,0,0,0,1,1,3,45872.5,1
0.0,680026045.6,2,2,309102748.0,1,2,0,0,0,1,1,1,0,0,5,2,50.0,0
0.0,1.1,1,1,22075.0,1,1,0,0,0,0,1,0,0,0,11,1,1.0,0
4353170.0,798084.366667,6,4,4353170.0,0,6,1,1,0,1,0,1,0,1,13,3,4353.17,1
0.0,1.1,1,1,35064.0,1,1,0,0,0,0,0,0,0,0,10,2,3506.4,0
126768515.3,25554827.796667,1,0,125927085.0,0,2,0,1,0,0,1,1,1,1,8,5,100.0,1
1188.8,1484.78,1,1,13138.0,1,1,0,0,0,0,1,0,1,0,3,3,10.0,0
131646637.0,20496457.633333,1,0,128971292.0,0,2,0,0,0,1,0,1,1,0,9,1,12897129.2,1
478362.7,526219.87,1,1,73746.0,1,1,0,0,0,0,0,0,1,0,3,1,7374.6,0
1685143.0,308943.883333,4,0,1685143.0,0,4,1,1,0,1,1,1,0,1,16,6,10.0,1
55056306.0,10093656.1,5,0,55056306.0,0,5,0,1,0,0,1,1,0,1,16,5,100.0,1
0.0,1.1,1,1,1173.0,1,1,0,0,0,0,1,0,0,0,11,1,1.0,0
0.0,393.8,2,2,146725610.0,1,2,0,0,0,0,1,1,0,0,5,6,10.0,0
0.0,1.1,1,1,1007.0,1,1,0,0,0,0,1,0,0,0,5,1,1.0,0
60647.8,66713.68,1,1,31927.0,1,1,0,0,0,0,1,0,1,0,5,1,100.0,0
55686.0,10247.9,4,2,55686.0,0,4,1,1,0,1,0,1,0,1,15,2,55.686,1
0.0,697.9,1,1,73336716.0,1,1,0,0,0,1,1,0,0,0,11,6,200.0,0
0.0,196.7,3,3,822430.0,1,3,0,0,0,1,1,1,0,0,19,1,20.0,0
5462.6,6092.46,1,1,11897.0,1,1,0,0,0,0,1,0,1,0,2,2,10.0,0
793966953.0,145560641.15,1,0,793966953.0,0,1,1,1,0,1,1,0,0,1,14,1,10.0,1
12347672.0,2263739.866667,1,0,12347672.0,0,1,0,1,0,0,1,0,0,1,8,4,100.0,1
0.0,98.9,2,2,327516740.0,1,2,0,0,0,1,1,1,0,0,18,2,10.0,0
1230.0,229.6,2,0,1230.0,0,2,1,1,0,1,1,1,0,1,8,4,1.23,0
38481917.0,34908696.866667,1,0,11411279.0,0,1,0,0,0,1,1,0,1,0,19,4,100.0,1
0.0,136.0,3,3,893769773.0,1,3,0,0,0,1,1,1,0,0,10,1,200.0,0
23184335.0,2372382.733333,4,3,23184335.0,0,4,0,0,0,1,1,1,0,0,13,1,10.0,1
0.0,1.1,1,1,19661.0,1,1,0,0,0,0,1,0,0,0,4,1,1.0,0
33063.0,6084.05,4,2,33063.0,0,4,0,1,1,1,0,1,0,1,4,3,33.063,1
1626307.0,302284.283333,1,0,1626307.0,0,1,0,1,0,1,0,0,0,1,13,5,1626.307,1
62856549.0,11523701.05,1,0,62856549.0,0,1,1,1,0,1,1,0,0,1,21,4,10.0,1
32005532.0,5867682.966667,3,1,32005532.0,0,3,0,1,0,1,0,1,0,1,4,8,32005.532,1
0.0,9.0,4,4,1128875566.0,1,4,0,1,0,1,1,1,0,1,2,3,200.0,0
872663119.0,159988238.483333,1,0,872663119.0,0,1,0,1,0,0,1,0,0,1,23,2,100.0,1
0.0,1.1,1,1,236016.0,1,1,0,0,0,0,1,0,0,0,3,1,1.0,0
252769978.0,22601.1,6,5,252769978.0,0,6,0,0,0,1,1,1,0,0,5,7,100.0,0
7805940.0,1431089.0,8,3,7805940.0,0,8,0,1,0,0,0,1,0,1,19,8,7805.94,1
78874.0,10519.633333,1,0,78874.0,0,1,0,0,0,1,1,0,0,0,8,1,1000.0,1
0.0,83.6,1,1,412827.0,1,1,0,1,0,0,0,0,0,1,2,2,412.827,0
0.0,1163.8,1,1,1058.0,1,1,0,0,0,0,0,0,0,0,1,1,105.8,0
0.0,448949311.8,2,2,204067869.0,1,2,0,0,0,1,1,1,0,0,4,1,10.0,0
0.0,835427109.0,6,6,126579865.0,1,6,0,0,0,0,0,1,0,0,15,4,12657986.5,1
0.0,242.0,4,4,36187768.0,1,4,0,0,0,0,1,1,0,0,17,1,20.0,0
0.0,1214414228.5,5,5,220802587.0,1,5,1,1,0,1,1,1,0,1,8,2,20.0,1
0.0,21524.8,1,1,1733780.0,1,1,0,1,0,0,0,0,0,1,4,3,1733.78,1
14625.7,16103.67,1,1,46916.0,1,1,0,0,0,0,1,0,1,0,9,1,10.0,0
0.0,261.0,4,4,935959988.0,1,4,0,0,0,1,1,1,0,0,16,3,10.0,0
0.0,41.8,1,1,23072451.0,1,1,0,0,0,0,0,0,0,1,2,2,2307245.1,0
0.0,2056057439.7,3,3,623047709.0,1,3,0,0,0,1,1,1,0,0,8,4,50.0,0
1138762.0,1252638.2,1,0,1138762.0,0,1,0,1,0,1,1,0,0,1,13,0,1000.0,1
17058121.0,3127322.383333,1,0,17058121.0,0,1,0,0,0,1,0,0,0,1,5,3,1705812.1,1
0.0,716909.6,1,1,651736.0,1,1,0,0,0,0,1,0,0,0,1,2,1.0,0
75246323.0,10736944.62571,1,0,75246323.0,0,1,0,0,0,1,0,0,0,0,24,1,7524632.3,1
641936.0,2912.65,4,3,641936.0,0,4,1,1,0,1,1,1,0,1,4,5,10.0,1
0.0,1.1,1,1,66963400.0,1,1,0,0,0,0,1,0,0,0,2,1,1.0,0
415958320.0,76259027.333333,6,0,415958320.0,0,6,1,1,0,1,1,1,0,1,4,7,20.0,1
2085590.9,711190.956667,1,0,1966249.0,0,2,1,1,0,1,1,1,1,1,18,4,100.0,1
0.0,2151.0,4,4,1915926455.0,1,4,0,0,0,1,1,1,0,0,3,5,10.0,0
0.0,10.8,1,1,116768.0,1,1,0,0,0,1,1,0,0,0,10,1,20.0,0
0.0,17.6,2,2,2458579.0,1,2,0,0,0,0,0,1,0,0,8,2,245857.9,0
0.0,1.1,1,1,41311.0,1,1,0,0,0,0,0,0,0,0,7,1,4131.1,0
0.0,7756.1,1,1,71186.0,1,1,0,0,0,0,0,0,0,1,1,1,7118.6,1
341276.6,19184651.86,1,1,8549658.0,1,2,0,1,0,0,0,1,1,1,14,5,8549.658,1
8698524.0,1752898.6,1,0,8554738.0,0,1,0,1,0,1,0,0,1,1,19,1,8554.738,1
0.0,830.3,2,2,784036809.0,1,2,0,1,0,1,1,1,0,1,2,2,10.0,0
0.0,842180809.8,6,6,127603153.0,1,6,1,1,0,1,0,1,0,1,12,8,127603.153,1
8015405.1,7459811.81,1,0,5837111.0,0,2,1,1,0,1,1,1,1,1,8,0,100.0,1
2225305.0,407973.583333,5,1,2225305.0,0,5,0,1,0,1,1,1,0,1,22,4,10.0,1
117147706.0,21477079.533333,1,0,117147706.0,0,1,0,1,0,1,1,0,0,1,18,1,100.0,1
0.0,71.4,1,1,17934530.0,1,1,0,0,0,1,1,0,0,0,9,4,10.0,0
3783527.0,653798.961148,1,0,3783527.0,0,1,0,0,0,1,0,0,0,0,25,2,378352.7,1
309895.0,57487.683333,1,0,309895.0,0,1,0,0,0,1,0,0,0,1,15,3,30989.5,1
7289083.0,1336331.883333,1,0,7289083.0,0,1,1,1,0,0,1,0,0,1,11,1,100.0,1
15852240.0,2906244.0,1,0,15852240.0,0,1,0,1,0,0,1,0,0,1,15,0,100.0,1
68727596.0,70683497.166667,1,0,15924507.0,0,2,1,1,0,1,1,1,1,1,20,1,100.0,1
35257.0,6464.083333,4,2,35257.0,0,4,1,1,0,1,0,1,0,1,13,2,35.257,1
0.0,2.4,1,1,308143.0,1,1,0,0,0,1,0,0,0,0,6,1,30814.3,0
0.0,1.1,1,1,124186.0,1,1,0,0,0,0,1,0,0,0,9,1,1.0,0
0.0,4.5,4,4,3614366.0,1,4,0,0,0,1,1,1,0,0,7,3,100.0,0
121022.4,133536.04,1,1,239417.0,1,1,0,0,0,0,1,0,1,0,2,2,10.0,0
0.0,107692.2,1,1,97902.0,1,1,0,0,0,0,1,0,0,0,10,4,100.0,0
793333292.0,145444491.766667,1,0,793333292.0,0,1,0,1,1,1,1,0,0,1,18,1,10.0,1
0.0,9.6,1,1,137492314.0,1,1,0,0,0,1,1,0,0,0,10,3,50.0,0
4900230.0,5390253.0,1,0,4900230.0,0,1,0,1,0,0,0,0,0,1,3,0,49002.3,1
0.0,1.1,1,1,2839.0,1,1,0,0,0,0,0,0,0,0,2,1,283.9,0
12416316.5,5141098.666667,1,0,11374670.0,0,1,0,1,0,1,1,0,1,1,13,4,100.0,1
199882891.0,31884.166667,3,2,199882891.0,0,3,0,0,0,1,1,1,0,0,11,4,100.0,0
0.0,7608486.6,1,1,6916806.0,1,1,0,1,0,1,1,0,0,1,4,3,100.0,1
0.0,1.1,1,1,3351.0,1,1,0,0,0,0,0,0,0,0,1,2,335.1,0
0.0,52.8,4,4,1203797260.0,1,4,0,0,0,0,1,1,0,0,12,4,10.0,0
0.0,270.6,3,3,2554498796.0,1,3,1,0,0,0,0,1,0,0,12,6,255449879.6,0
0.0,877.9,1,1,489147.0,1,1,0,0,0,1,1,0,0,0,9,1,100.0,0
0.0,42.9,1,1,236140.0,1,1,0,0,0,0,1,0,0,0,4,3,10.0,0
772.6,852.06,1,1,3241768.0,1,1,0,0,0,0,0,0,1,0,4,1,324176.8,0
69219334.0,9229244.533333,1,0,69219334.0,0,1,0,0,0,0,0,0,0,0,34,2,6921933.4,1
0.0,51.7,1,1,4570652.0,1,1,0,0,0,0,1,0,0,0,2,1,20.0,0
0.0,85197.2,2,2,38726.0,1,2,0,0,0,0,1,1,0,0,16,1,20.0,0
222585780.0,7327749.8,4,2,222585780.0,0,4,0,0,0,1,0,1,0,0,23,7,22258578.0,1
0.0,1.1,1,1,93151473.0,1,1,0,0,0,0,1,0,0,0,12,1,1.0,0
0.0,20790511.5,5,5,3780093.0,1,5,0,1,0,1,0,1,0,1,23,5,3780.093,1
0.0,4.4,1,1,92822.0,1,1,0,1,0,0,0,0,0,1,4,3,92.822,0
1221481.0,837707.383333,1,0,663509.0,0,1,1,1,0,0,1,0,1,1,9,3,100.0,1
29101097.0,5335203.116667,7,2,29101097.0,0,7,0,1,0,1,1,1,0,1,7,8,20.0,1
249839.0,47193.116667,1,0,249839.0,0,1,0,1,0,1,1,0,0,1,4,1,10.0,1
0.0,17975833.7,1,1,16341667.0,1,1,0,0,0,0,0,0,0,0,31,1,1634166.7,0
5323909.0,976236.783333,1,0,5323909.0,0,1,0,1,0,1,0,0,0,1,8,1,5323.909,1
5019728.0,784389.778934,1,0,5019728.0,0,1,0,0,0,1,0,0,0,0,35,0,5019728.0,1
1466282.3,2675528.996667,1,0,591119.0,0,1,0,1,0,1,0,0,1,1,4,5,591.119,1
0.0,92.4,1,1,110292537.0,1,1,0,0,0,0,1,0,0,0,12,1,20.0,0
0.0,225.5,1,1,4190276.0,1,1,0,0,0,0,0,0,0,1,2,1,419027.6,0
0.0,2162.0,2,2,852077115.0,1,2,0,0,0,1,1,1,0,0,13,4,200.0,0
0.0,120.8,2,2,54819313.0,1,2,0,0,0,1,1,1,0,0,8,4,20.0,0
0.0,118208019.6,3,3,35820612.0,1,3,0,1,0,1,0,1,0,1,24,1,35820.612,1
3151223.0,577724.216667,5,1,3151223.0,0,5,1,1,0,0,1,1,0,1,6,1,20.0,1
15636676.0,3678170.833333,1,0,14188239.0,0,1,1,0,0,0,0,0,1,0,19,1,1418823.9,1
309813920.0,41306303.5,5,1,309813920.0,0,5,0,0,0,1,0,1,0,0,9,2,30981392.0,1
0.0,625.9,1,1,18372.0,1,1,0,0,0,0,0,0,0,1,4,2,1837.2,0
0.0,1.1,1,1,2341.0,1,1,0,0,0,0,1,0,0,0,6,2,1.0,0
43695150.0,8012799.6,1,0,43695150.0,0,1,0,1,0,1,1,0,0,1,14,5,10.0,1
2034.0,3613.5,1,1,10797502.0,1,1,0,0,0,0,1,0,1,0,8,3,10.0,0
9745.0,1787.183333,3,0,9745.0,0,3,1,1,0,1,1,1,0,1,15,1,9.745,1
266487157.0,34978971.066667,3,2,266487157.0,0,3,0,0,0,1,1,1,0,0,12,3,1000.0,1
29818435.8,25061952.33,1,0,22692895.0,0,1,1,1,0,1,1,0,1,1,16,1,100.0,1
347412.0,63695.7,1,0,347412.0,0,1,0,0,0,1,1,0,0,1,15,4,10.0,1
16390501.6,27679935.693333,1,0,7419914.0,0,2,1,1,0,1,0,1,1,1,19,5,7419.914,1
0.0,1787.6,4,4,7981068.0,1,4,0,0,0,1,1,1,0,0,20,1,100.0,0
173.4,1637.24,1,1,1222217.0,1,1,0,0,0,0,0,0,1,0,3,2,122221.7,1
9890431.0,1319120.033333,1,0,9890431.0,0,1,0,0,0,1,1,0,0,0,13,0,10.0,1
249872154.0,274859369.4,1,0,249872154.0,0,1,1,1,0,1,0,0,0,1,14,0,2498721.54,1
0.0,2899.6,1,1,174982.0,1,1,0,1,0,0,0,0,0,1,3,2,174.982,1
774223753.0,141941026.083333,1,0,774223753.0,0,1,1,1,0,1,0,0,0,1,18,3,774223.753,1
0.0,1269.2,4,4,41297575.0,1,4,0,0,0,1,1,1,0,0,15,2,20.0,0
6301429.0,76897.433333,6,3,6301429.0,0,6,0,1,0,1,1,1,0,1,7,2,10.0,1
0.0,2516717.5,1,1,2287925.0,1,1,0,1,0,0,1,0,0,1,7,3,100.0,1
123279259.0,16437234.533333,1,0,123279259.0,0,1,0,0,0,0,0,0,0,0,23,3,12327925.9,0
43025.0,7887.916667,4,3,43025.0,0,4,0,1,0,0,1,1,0,1,8,1,10.0,1
0.0,73.7,1,1,82635.0,1,1,0,0,0,0,0,0,0,1,1,3,8263.5,0
466409936.0,85508488.266667,8,3,466409936.0,0,8,0,1,0,0,1,1,0,1,10,7,100.0,1
676.1,745.91,1,1,142945.0,1,1,0,0,0,0,1,0,1,0,5,1,100.0,0
0.0,2195937.7,1,1,1996307.0,1,1,0,0,0,1,1,0,0,1,15,2,1000.0,1
0.0,16.8,1,1,18829763.0,1,1,0,0,0,1,1,0,0,0,3,2,50.0,0
0.0,9.0,4,4,1810855638.0,1,4,0,0,0,1,0,1,0,0,14,1,181085563.8,0
16111358.0,2148390.766667,1,0,16111358.0,0,1,0,0,0,1,1,0,0,0,11,2,10.0,1
0.0,1.1,1,1,5103264.0,1,1,0,0,0,0,0,0,0,0,2,2,510326.4,0
0.0,20556.8,1,1,575262.0,1,1,0,0,0,0,0,0,0,1,4,2,57526.2,1
0.0,1146846.8,1,1,1042588.0,1,1,0,1,0,1,0,0,0,1,20,1,1042.588,1
12525488.6,2338859.226667,1,0,12510168.0,0,1,0,1,0,1,0,0,1,1,19,1,12510.168,1
43643289.0,5819611.6,2,0,43643289.0,0,2,0,0,0,1,1,1,0,0,13,5,100.0,1
17216740.0,3156403.333333,3,0,17216740.0,0,3,0,1,0,1,1,1,0,1,11,5,10.0,1
0.0,4.8,1,1,234822235.0,1,1,0,0,0,1,1,0,0,0,18,4,200.0,0
1129254.0,150573.7,1,0,1129254.0,0,1,0,0,0,1,1,0,0,0,17,2,1000.0,1
0.0,1.1,1,1,69631554.0,1,1,0,0,0,0,1,0,0,0,7,1,1.0,0
0.0,79.2,4,4,165955577.0,1,4,0,0,0,0,1,1,0,0,11,1,100.0,0
0.0,3.3,1,1,26840.0,1,1,0,0,0,0,0,0,0,1,1,1,2684.0,0
11679251.0,2141196.016667,1,0,11679251.0,0,1,1,1,0,0,0,0,0,1,21,5,11679.251,1
0.0,28.0,5,5,10760466.0,1,5,0,0,0,1,1,1,0,0,4,3,100.0,0
17971683.0,3046513.091867,1,0,17971683.0,0,1,0,0,0,1,0,0,0,0,36,0,17971683.0,1
0.0,22.4,5,5,25897325.0,1,5,0,0,0,1,0,1,0,0,3,1,2589732.5,0
67214.0,12322.566667,1,0,67214.0,0,1,0,1,0,0,1,0,0,1,6,5,67.214,1
311121636.0,41482884.8,1,0,311121636.0,0,1,0,0,0,0,0,0,0,0,38,3,31112163.6,0
0.0,251.6,3,3,49338606.0,1,3,0,0,0,1,1,1,0,0,11,3,100.0,0
0.0,459.3,1,1,12151.0,1,1,0,0,0,1,1,0,0,0,13,3,50.0,1
230874.0,253963.6,1,1,22014801.0,1,1,0,0,0,0,0,0,1,0,4,3,2201480.1,0
365579124.0,48743883.2,1,0,365579124.0,0,1,0,0,0,0,0,0,0,0,40,3,36557912.4,1
0.0,1.1,1,1,163144144.0,1,1,0,0,0,0,1,0,0,0,5,1,1.0,0
446807.0,81914.616667,1,0,446807.0,0,1,0,1,0,0,0,0,0,1,7,4,446.807,1
834914662.0,153067688.033333,1,0,834914662.0,0,1,0,1,0,0,0,0,0,1,13,2,834914.662,1
0.0,12091.2,4,4,701098081.0,1,4,0,0,0,0,1,1,0,0,12,6,200.0,0
0.0,1589.6,4,4,60533424.0,1,4,0,0,0,1,1,1,0,0,5,2,100.0,0
5232108.0,961911.5,1,0,5232108.0,0,1,1,1,0,1,1,0,0,1,10,0,10.0,1
799879883.0,126274469.564967,1,0,799879883.0,0,1,0,0,0,1,0,0,0,0,10,0,799879883.0,1
3874571.0,516609.466667,1,0,3874571.0,0,1,0,0,0,0,0,0,0,0,26,2,387457.1,1
0.0,72.6,1,1,2511958.0,1,1,0,1,0,0,0,0,0,1,4,2,2511.958,0
19879570.0,3644587.833333,1,0,19879570.0,0,1,0,1,0,0,0,0,0,1,14,5,19879.57,1
0.0,1.1,1,1,7056802.0,1,1,0,0,0,0,1,0,0,0,5,1,1.0,0
235458557.0,31037468.166667,5,3,235458557.0,0,5,0,0,0,0,0,1,0,0,14,6,23545855.7,1
0.0,23.8,3,3,563077120.0,1,3,0,1,0,1,1,1,0,1,9,3,50.0,0
484106843.0,87901258.31642,1,0,484106843.0,0,1,0,0,0,1,0,0,0,0,16,3,48410684.3,1
49736704.0,6631560.533333,1,0,49736704.0,0,1,0,0,0,0,0,0,0,0,37,4,4973670.4,1
106008.0,14134.4,1,0,106008.0,0,1,0,0,0,0,0,0,0,0,8,5,10600.8,1
0.0,2631.6,1,1,65484495.0,1,1,0,0,0,1,0,0,0,0,14,2,6548449.5,0
0.0,653.4,1,1,84827068.0,1,1,0,0,0,0,0,0,0,1,2,1,8482706.8,0
11080629.0,1504833.884486,1,0,11080629.0,0,1,0,0,0,1,0,0,0,0,14,3,1108062.9,1
9435504.0,1729842.4,3,0,9435504.0,0,3,1,1,0,0,0,1,0,1,25,1,9435.504,1
165.7,1486.87,1,1,73550.0,1,1,0,0,0,0,1,0,1,0,5,2,10.0,1
0.0,39.6,4,4,75473471.0,1,4,0,0,0,0,1,1,0,0,11,5,20.0,0
65234098.7,12242316.936667,1,0,65131287.0,0,1,0,1,0,0,0,0,1,1,6,4,65131.287,1
0.0,5.5,5,5,2605768.0,1,5,0,0,0,0,0,1,0,0,5,4,260576.8,0
23597.0,4336.016667,3,2,23597.0,0,3,0,1,0,1,0,1,0,1,11,2,23.597,1
39176158.0,16235.45,5,4,39176158.0,0,5,0,1,0,0,1,1,0,1,6,4,1000.0,1
4529368.0,830384.133333,1,0,4529368.0,0,1,0,1,0,0,0,0,0,1,16,2,4529.368,1
0.0,20176.2,1,1,39948.0,1,1,0,0,0,0,0,0,0,1,4,3,3994.8,1
565819911.0,103733651.65,4,1,565819911.0,0,4,1,1,0,1,1,1,0,1,13,5,100.0,1
0.0,11630853.3,1,1,10573503.0,1,1,0,0,0,1,1,0,0,0,3,3,50.0,0
0.0,2554.8,1,1,37211.0,1,1,0,0,0,1,1,0,0,0,14,4,50.0,1
0.0,1.1,1,1,300457482.0,1,1,0,0,0,0,0,0,0,0,10,2,30045748.2,0
0.0,2300.1,3,3,697.0,1,3,0,1,0,0,1,1,0,1,4,1,0.697,0
59390233.0,816305.783333,4,3,59390233.0,0,4,1,1,0,0,1,1,0,1,25,5,1000.0,1
0.0,1.1,1,1,13420181.0,1,1,0,0,0,0,1,0,0,0,12,1,1.0,0
0.0,3.4,3,3,710214262.0,1,3,0,0,0,1,1,1,0,0,3,4,200.0,0
41225.0,5496.666667,2,0,41225.0,0,2,0,0,0,0,1,1,0,0,23,1,10.0,1
0.0,55.0,5,5,256480074.0,1,5,0,0,0,0,1,1,0,0,15,5,20.0,0
1975444.0,362166.733333,8,3,1975444.0,0,8,1,1,0,1,1,1,0,1,17,7,20.0,1
0.0,3.3,1,1,212801854.0,1,1,0,0,0,0,0,0,0,1,1,1,21280185.4,0
1462.8,1621.18,1,1,92341.0,1,1,0,0,0,0,1,0,1,0,8,3,100.0,0
0.0,1.1,1,1,8243.0,1,1,0,0,0,0,1,0,0,0,7,2,1.0,0
0.0,40.5,4,4,1390428505.0,1,4,0,0,0,1,1,1,0,0,3,4,200.0,0
7669.0,1410.183333,3,2,7669.0,0,3,1,1,0,1,1,1,0,1,14,0,76.69,1
0.0,1183.2,1,1,48486407.0,1,1,0,0,0,1,0,0,0,0,6,4,4848640.7,0
2932487.0,537622.616667,1,0,2932487.0,0,1,0,0,0,0,1,0,0,1,5,3,1000.0,1
203035024.0,37223088.233333,1,0,203035024.0,0,1,1,1,0,1,1,0,0,1,25,3,10.0,1
24675407.0,3290054.266667,1,0,24675407.0,0,1,0,0,0,0,0,0,0,0,36,1,2467540.7,0
2270584.0,416277.633333,8,2,2270584.0,0,8,0,1,0,1,1,1,0,1,15,8,100.0,1
0.0,13211.0,1,1,12010.0,1,1,0,0,0,0,0,0,0,1,3,2,1201.0,1
0.0,5953.2,1,1,17736.0,1,1,0,0,0,0,0,0,0,1,4,2,1773.6,1
0.0,167.1,1,1,19150344.0,1,1,0,0,0,1,1,0,0,0,10,1,10.0,0
1924226.0,352774.766667,8,4,1924226.0,0,8,0,1,0,0,0,1,0,1,25,3,1924.226,1
0.0,82.5,1,1,32663.0,1,1,0,0,0,0,0,0,0,1,3,3,3266.3,0
11184296.0,13152112.866667,1,0,1091881.0,0,2,0,1,0,1,0,1,1,1,5,2,1091.881,1
1408.2,2764.52,1,1,1058978.0,1,1,0,0,0,0,1,0,1,0,8,2,10.0,1
125533513.0,23014478.083333,6,1,125533513.0,0,6,0,1,0,1,0,1,0,1,8,8,125533.513,1
24538381.0,4498703.383333,1,0,24538381.0,0,1,0,1,0,1,1,0,0,1,4,5,10.0,1
0.0,1.1,1,1,148902452.0,1,1,0,0,0,0,1,0,0,0,5,2,1.0,0
766.0,141.133333,3,1,766.0,0,3,1,1,0,1,1,1,0,1,14,0,7.66,0
11455473.0,2100171.05,6,1,11455473.0,0,6,0,1,0,1,1,1,0,1,10,2,10.0,1
2286321.0,304842.8,1,0,2286321.0,0,1,0,0,0,0,0,0,0,0,15,0,2286321.0,0
0.0,13.6,3,3,893584178.0,1,3,1,0,0,1,1,1,0,0,14,4,50.0,0
0.0,17.6,4,4,1415120508.0,1,4,0,1,0,0,1,1,0,1,8,4,50.0,0
0.0,32.2,2,2,30762822.0,1,2,0,0,0,1,1,1,0,0,9,2,20.0,0
196763701.0,17763664.2,4,2,196763701.0,0,4,0,0,0,0,1,1,0,0,6,5,1000.0,1
12908544.0,2366566.4,3,0,12908544.0,0,3,0,1,0,0,1,1,0,1,2,4,100.0,1
0.0,1175059195.2,3,3,356078544.0,1,3,0,0,0,1,1,1,0,0,16,6,200.0,0
1321462.0,242270.933333,1,0,1321462.0,0,1,0,1,0,1,1,0,0,1,13,4,1000.0,1
0.0,34435646.3,1,1,31305133.0,1,1,0,0,0,0,0,0,0,1,2,1,3130513.3,0
31652.0,5803.666667,4,1,31652.0,0,4,1,1,1,1,1,1,0,1,11,4,31.652,1
0.0,1.1,1,1,34587763.0,1,1,0,0,0,0,1,0,0,0,12,2,1.0,0
0.0,1190.0,3,3,615308236.0,1,3,0,1,0,1,1,1,0,1,12,3,200.0,0
0.0,1.1,1,1,129742603.0,1,1,0,0,0,0,0,0,0,0,6,1,12974260.3,0
155845514.0,28730804.866667,1,0,155700897.0,0,1,1,1,0,1,0,0,1,1,6,4,155700.897,1
0.0,436.5,4,4,831934117.0,1,4,0,0,0,1,1,1,0,0,3,5,200.0,0
0.0,5.5,5,5,7805915.0,1,5,0,0,0,0,0,1,0,0,10,1,780591.5,0
661190.0,121232.966667,1,0,661190.0,0,1,0,1,0,1,0,0,0,1,6,2,661.19,1
0.0,471.9,3,3,14986170.0,1,3,0,0,0,0,1,1,0,0,15,5,100.0,0
0.0,8661.4,1,1,7874.0,1,1,0,0,0,0,1,0,0,0,6,1,1.0,0
10534139.0,56851.633333,5,3,10534139.0,0,5,0,0,0,1,1,1,0,0,3,4,10.0,1
12351493.0,2264442.083333,3,1,12351493.0,0,3,0,1,0,1,0,1,0,1,24,3,12351.493,1
23803901.0,28692881.166667,1,0,605183.0,0,2,0,0,0,1,1,1,1,0,4,3,100.0,1
13943.0,2556.216667,4,1,13943.0,0,4,0,1,0,0,1,1,0,1,7,4,10.0,1
56603005.0,10144720.1,5,3,56603005.0,0,5,0,1,0,1,1,1,0,1,20,1,100.0,1
16386.9,18087.19,1,1,16197765.0,1,1,0,0,0,0,0,0,1,0,10,1,1619776.5,0
5204717.0,6933.466667,3,2,5204717.0,0,3,0,0,0,1,1,1,0,0,23,4,100.0,1
12374180.0,2268599.666667,1,0,12374180.0,0,1,0,1,0,0,1,0,0,1,19,1,1000.0,1
0.0,2126422.1,1,1,1933111.0,1,1,0,0,0,1,0,0,0,0,4,4,193311.1,1
129951587.0,23824458.616667,4,0,129951587.0,0,4,1,1,0,1,1,1,0,1,11,8,10.0,1
0.0,4.8,1,1,10223.0,1,1,0,0,0,1,1,0,0,0,15,3,10.0,0
955194929.0,175119109.916667,1,0,955194929.0,0,1,0,1,1,1,0,0,0,1,6,5,955194.929,1
141287024.0,25902633.166667,5,0,141287024.0,0,5,1,1,0,1,0,1,0,1,16,2,141287.024,1
16095350.0,2146046.666667,1,0,16095350.0,0,1,0,0,0,0,0,0,0,0,18,0,16095350.0,0
0.0,2561.7,1,1,6933807.0,1,1,0,0,0,1,1,0,0,0,11,3,20.0,0
0.0,1.1,1,1,202573.0,1,1,0,0,0,0,1,0,0,0,4,1,1.0,0
0.0,1.2,1,1,323966.0,1,1,0,0,0,1,1,0,0,0,7,2,50.0,0
0.0,15.6,1,1,9748696.0,1,1,0,0,0,1,1,0,0,0,6,2,50.0,0
0.0,1.1,1,1,260266.0,1,1,0,0,0,0,0,0,0,1,3,3,26026.6,0
1067.0,195.616667,3,1,1067.0,0,3,0,1,0,0,0,1,0,1,11,3,1.067,0
0.0,7334.8,4,4,1667.0,1,4,0,1,0,1,1,1,0,1,3,1,1.667,0
472953.0,63162.4,1,0,472953.0,0,1,0,0,0,1,0,0,0,0,1,5,47295.3,1
0.0,11099532.4,4,4,2522621.0,1,4,1,1,0,1,1,1,0,1,10,3,20.0,1
0.0,1.1,1,1,12935.0,1,1,0,0,0,0,1,0,0,0,7,1,1.0,0
246299523.0,40325989.833333,4,1,246299523.0,0,4,0,1,0,1,1,1,0,1,7,3,100.0,1
0.0,376.2,1,1,1423543.0,1,1,0,0,0,0,0,0,0,1,4,2,142354.3,0
35338673.0,6478756.716667,1,0,35338673.0,0,1,0,1,0,0,0,0,0,1,21,1,35338.673,1
61372334.0,8143980.466667,5,3,61372334.0,0,5,0,0,0,1,1,1,0,0,16,7,1000.0,1
0.0,441.1,1,1,209213124.0,1,1,0,1,0,0,1,0,0,1,8,2,10.0,0
7214311.2,1612820.77,1,0,7108785.0,0,1,1,1,0,0,1,0,1,1,17,3,100.0,1
20086163.0,3821153.316667,1,0,19960159.0,0,2,0,1,0,1,1,1,1,1,14,0,100.0,1
317618418.0,58230045.3,7,3,317618418.0,0,7,1,1,0,1,1,1,0,1,9,2,20.0,1
0.0,3195.5,1,1,977359.0,1,1,0,0,0,0,1,0,0,0,2,2,50.0,1
21830.0,4002.266667,4,2,21830.0,0,4,1,1,1,1,1,1,0,1,7,0,10.0,1
0.0,600.6,3,3,4746639.0,1,3,0,0,0,0,1,1,0,0,5,1,100.0,0
92208523.0,16904900.083333,1,0,92208523.0,0,1,0,1,0,1,1,0,0,1,10,0,10.0,1
8093.0,1483.716667,2,0,8093.0,0,2,1,1,0,0,1,1,0,1,9,1,8.093,1
7296873.0,1337760.05,1,0,7296873.0,0,1,0,0,0,0,0,0,0,1,15,2,729687.3,1
3874551.0,715103.25,1,0,3874551.0,0,1,0,1,0,1,0,0,0,1,18,0,38745.51,1
0.0,162.8,1,1,188350962.0,1,1,0,0,0,0,1,0,0,0,10,4,10.0,0
439959181.0,62879833.7548,1,0,439959181.0,0,1,0,0,0,1,0,0,0,0,8,2,43995918.1,1
0.0,886997630.2,2,2,403180741.0,1,2,1,0,0,0,1,1,0,0,8,3,10.0,0
38339396.0,7029266.966667,7,3,38339396.0,0,7,0,1,0,1,0,1,0,1,8,8,38339.396,1
2066422.0,378846.033333,6,2,2066422.0,0,6,0,1,0,1,1,1,0,1,4,3,20.0,1
0.0,4427.0,1,1,265489.0,1,1,0,0,0,1,1,0,0,0,13,3,50.0,1
0.0,15.6,1,1,413161922.0,1,1,0,0,0,1,1,0,0,0,6,1,200.0,0
0.0,308.0,1,1,131431.0,1,1,0,0,0,0,1,0,0,0,12,4,100.0,0
0.0,93768790.5,1,1,85244355.0,1,1,0,0,0,0,0,0,0,1,2,3,8524435.5,0
0.0,39.6,1,1,231346643.0,1,1,0,1,0,0,0,0,0,1,3,1,231346.643,0
4766.0,902.066667,2,1,4766.0,0,2,0,1,0,1,1,1,0,1,7,0,47.66,1
25460092.0,14770569.183333,1,0,21786939.0,0,2,0,1,0,1,0,1,1,1,14,5,21786.939,1
285304949.0,323.033333,4,3,285304949.0,0,4,0,1,0,0,0,1,0,1,19,5,285304.949,0
0.0,9.9,1,1,45966.0,1,1,0,0,0,0,0,0,0,0,2,4,4596.6,0
0.0,9873139.1,1,1,8975581.0,1,1,0,0,0,0,0,0,0,1,1,1,897558.1,0
5762.0,1056.366667,4,2,5762.0,0,4,0,1,0,0,1,1,0,1,6,3,5.762,1
1088.0,199.966667,2,1,1088.0,0,2,1,1,0,1,1,1,0,1,6,0,10.88,0
2969.5,3368.75,1,1,6590897.0,1,1,0,0,0,0,0,0,1,0,8,1,659089.7,0
221.2,325.82,1,1,3892902.0,1,1,0,0,0,0,1,0,1,0,7,3,10.0,0
730033186.0,133839417.433333,1,0,730033186.0,0,1,0,1,0,0,1,0,0,1,10,4,100.0,1
58788.0,10777.8,3,1,58788.0,0,3,0,1,1,0,1,1,0,1,14,4,58.788,1
0.0,16.8,5,5,277845075.0,1,5,0,0,0,1,1,1,0,0,12,3,100.0,0
0.0,105135.8,1,1,95578.0,1,1,0,0,0,0,1,0,0,1,17,5,1000.0,1
83627613.3,11902867.73,1,0,83300431.0,0,1,0,0,0,0,1,0,1,0,6,1,100.0,1
129865.2,142916.62,1,1,592295.0,1,1,0,0,0,0,1,0,1,0,8,2,10.0,0
111410.0,20425.166667,1,0,111410.0,0,1,0,1,0,0,1,0,0,1,13,2,100.0,1
0.0,1.2,1,1,3431668.0,1,1,0,0,0,1,1,0,0,0,8,3,100.0,0
246059.0,34955.866667,1,0,246059.0,0,1,0,0,0,1,1,0,0,0,20,4,10.0,1
0.0,313.6,5,5,985050.0,1,5,0,0,0,1,1,1,0,0,16,2,100.0,0
0.0,981.2,1,1,147741120.0,1,1,0,1,0,0,1,0,0,1,18,6,200.0,0
0.0,2703.2,1,1,168035682.0,1,1,0,1,0,1,0,0,0,1,12,6,168035.682,0
0.0,1.1,1,1,1435636.0,1,1,0,0,0,0,0,0,0,0,5,1,143563.6,0
5948604.0,5522921.4,1,0,1919202.0,0,2,0,1,0,1,1,1,1,1,9,3,100.0,1
129833.4,142834.34,1,1,326303.0,1,1,0,0,0,0,1,0,1,0,8,2,10.0,0
183013.0,33552.383333,1,0,183013.0,0,1,0,0,0,0,1,0,0,1,19,0,10.0,1
0.0,1118.7,1,1,188699522.0,1,1,0,0,0,0,0,0,0,1,4,3,18869952.2,0
0.0,119.0,3,3,1264260969.0,1,3,0,1,0,1,0,1,0,1,14,4,1264260.969,0
143234392.0,26259639.033333,6,2,143234392.0,0,6,0,1,0,1,1,1,0,1,25,6,10.0,1
143375807.0,26285564.716667,1,0,143375807.0,0,1,0,1,0,1,0,0,0,1,22,3,143375.807,1
94257509.0,7442741.116667,6,3,94257509.0,0,6,0,1,0,1,1,1,0,1,14,1,1000.0,1
227.0,48.416667,3,1,227.0,0,3,0,1,1,1,1,1,0,1,11,0,2.27,0
0.0,959803510.6,2,2,436274323.0,1,2,0,0,0,1,0,1,0,0,8,3,43627432.3,0
559655145.0,102603459.85,1,0,559655145.0,0,1,1,1,0,1,0,0,0,1,22,5,559655.145,1
164019829.0,30070303.983333,5,2,164019829.0,0,5,0,1,0,1,1,1,0,1,12,7,20.0,1
4630964.0,849010.966667,1,0,4630964.0,0,1,0,1,0,1,1,0,0,1,1,3,10.0,1
0.0,33.0,1,1,22740156.0,1,1,0,0,0,0,0,0,0,1,3,2,2274015.6,0
0.0,48.3,2,2,360501059.0,1,2,0,0,0,1,1,1,0,0,6,3,200.0,0
2083478.0,381972.966667,7,1,2083478.0,0,7,0,1,0,1,1,1,0,1,29,2,20.0,1
425652.8,468231.28,1,1,17328513.0,1,1,0,0,0,0,1,0,1,0,8,2,10.0,0
1473244.0,270096.733333,6,0,1473244.0,0,6,0,1,0,1,1,1,0,1,13,2,20.0,1
0.0,22241904.3,3,3,6739971.0,1,3,0,0,0,1,1,1,0,0,12,4,20.0,0
682241508.0,125077611.3,1,0,682241508.0,0,1,0,1,0,1,1,0,0,1,22,4,10.0,1
6974173.0,1279718.883333,1,0,6974173.0,0,1,0,1,0,1,1,0,0,1,13,4,10.0,1
233382068.0,176758.666667,3,2,233382068.0,0,3,0,0,0,0,1,1,0,0,18,6,10.0,0
72622657.0,12192178.35,2,1,72622657.0,0,2,1,1,0,0,0,1,0,1,2,3,72622.657,1
0.0,1.1,1,1,389839781.0,1,1,0,0,0,0,1,0,0,0,10,2,1.0,0
13702220.0,1928949.466667,1,0,13657978.0,0,1,0,0,0,1,0,0,1,0,10,5,1365797.8,1
195071.0,185254520.0,1,1,168218129.0,1,1,0,1,0,0,0,0,1,1,8,2,168218.129,1
0.0,3906551.0,2,2,1775705.0,1,2,0,0,0,0,1,1,0,0,6,2,100.0,0
516.0,94.6,3,1,516.0,0,3,1,1,0,0,1,1,0,1,7,2,0.516,0
452749696.0,83004137.433333,1,0,452749696.0,0,1,0,1,0,1,0,0,0,1,21,0,4527496.96,1
14195773.0,2602558.383333,1,0,14195773.0,0,1,1,1,0,0,0,0,0,1,23,4,14195.773,1
38627539.0,37307900.483333,1,0,11149189.0,0,1,1,1,0,0,1,0,1,1,5,1,100.0,1
101280.8,112127.18,1,1,10835785.0,1,1,0,0,0,0,1,0,1,0,5,2,100.0,0
210828.0,38653.6,1,0,210828.0,0,1,0,0,0,1,1,0,0,1,18,4,1000.0,1
30989886.0,5681479.1,1,0,30989886.0,0,1,1,1,1,0,1,0,0,1,13,4,100.0,1
41440395.0,7729101.820432,1,0,41440395.0,0,1,0,0,0,1,0,0,0,0,12,2,4144039.5,1
802479333.0,147121211.05,1,0,802479333.0,0,1,0,1,0,0,0,0,0,1,7,3,802479.333,1
0.0,2477.2,1,1,56216.0,1,1,0,0,0,0,0,0,0,1,3,3,5621.6,1
0.0,246.4,2,2,636168257.0,1,2,0,0,0,0,0,1,0,0,3,4,63616825.7,0
0.0,1.1,1,1,486870.0,1,1,0,0,0,0,1,0,0,0,3,1,100.0,0
2864433.0,525146.15,1,0,2864433.0,0,1,0,0,0,1,1,0,0,1,7,5,1000.0,1
86772024.0,11569603.2,1,0,86772024.0,0,1,0,0,0,0,0,0,0,0,36,3,8677202.4,1
1123893.1,257268.543333,1,0,1077218.0,0,2,0,0,0,1,1,1,1,0,11,0,100.0,1
0.0,3215.3,1,1,2347297.0,1,1,0,1,0,0,0,0,0,1,1,3,2347.297,1
2321.0,425.516667,2,1,2321.0,0,2,1,1,1,0,0,1,0,1,13,0,23.21,0
0.0,2358.5,1,1,15533106.0,1,1,0,0,0,1,1,0,0,0,10,2,100.0,0
10901.0,1998.516667,2,0,10901.0,0,2,0,1,0,0,1,1,0,1,8,3,10.901,1
0.0,9988490.6,1,1,9080446.0,1,1,0,0,0,1,1,0,0,0,1,5,1000.0,1
0.0,30.8,1,1,157439967.0,1,1,0,0,0,0,1,0,0,0,7,1,50.0,0
501.0,107.45,2,1,501.0,0,2,0,1,0,1,1,1,0,1,11,1,0.501,0
15929.0,2921.916667,2,1,15929.0,0,2,0,1,0,1,1,1,0,1,12,2,10.0,1
67476849.8,12935846.396667,1,0,67273763.0,0,1,0,1,0,1,0,0,1,1,19,0,672737.63,1
0.0,14220.8,4,4,3232.0,1,4,1,1,0,1,1,1,0,1,5,1,3.232,1
0.0,1.1,1,1,211162482.0,1,1,0,0,0,0,0,0,0,1,1,1,21116248.2,0
0.0,444.5,1,1,136977.0,1,1,0,0,0,1,1,0,0,0,6,2,100.0,0
217677.0,29023.6,1,0,217677.0,0,1,0,0,0,0,0,0,0,0,10,4,21767.7,1
35810.5,3863625.15,1,1,3476576.0,1,1,0,0,0,0,0,0,1,0,9,3,347657.6,0
0.0,1.1,1,1,776353.0,1,1,0,0,0,0,1,0,0,0,7,1,1.0,0
6348.0,1163.8,3,1,6348.0,0,3,1,1,0,0,0,1,0,1,7,1,6.348,1
484896525.0,88897698.25,8,3,484896525.0,0,8,1,1,0,1,1,1,0,1,16,4,20.0,1
0.0,12.1,1,1,69770.0,1,1,0,1,0,0,0,0,0,1,4,3,69.77,0
105.0,155.1,1,1,29163.0,1,1,0,0,0,0,0,0,1,0,8,1,2916.3,0
21895773.0,2918960.033333,2,1,21895773.0,0,2,0,0,0,0,1,1,0,0,25,5,1000.0,1
4968380.0,910875.566667,6,3,4968380.0,0,6,0,1,0,1,0,1,0,1,21,3,4968.38,1
3888831.0,518510.8,1,0,3888831.0,0,1,0,0,0,0,0,0,0,0,10,2,388883.1,1
0.0,2015801414.0,2,2,916273370.0,1,2,0,1,0,1,1,1,0,1,7,4,50.0,0
50192300.0,11372.4,6,5,50192300.0,0,6,0,0,0,1,0,1,0,0,13,2,5019230.0,0
145054189.0,26593268.183333,1,0,145054189.0,0,1,0,1,1,1,0,0,0,1,23,3,145054.189,1
65058103.0,8674413.733333,1,0,65058103.0,0,1,0,0,0,0,0,0,0,0,11,0,65058103.0,1
0.0,1.1,1,1,8674427.0,1,1,0,0,0,0,1,0,0,0,3,2,1.0,0
0.0,141005.7,3,3,42729.0,1,3,1,1,0,0,1,1,0,1,10,2,10.0,1
307509437.0,56376738.716667,1,0,307509437.0,0,1,0,1,0,1,0,0,0,1,23,3,307509.437,1
0.0,283.8,1,1,5152413.0,1,1,0,0,0,0,0,0,0,1,3,1,515241.3,0
20458888.0,3750797.733333,8,2,20458888.0,0,8,0,1,0,1,1,1,0,1,8,1,100.0,1
0.0,11121.0,1,1,480500.0,1,1,0,0,0,0,0,0,0,1,2,3,48050.0,1
66392.0,8632.066667,2,1,66392.0,0,2,0,0,0,1,1,1,0,0,8,5,100.0,1
0.0,36.0,4,4,25151199.0,1,4,0,0,0,1,0,1,0,0,4,3,2515119.9,0
3665659.0,676400.083333,4,0,3665659.0,0,4,0,1,0,1,0,1,0,1,8,3,3665.659,1
26419851.0,4843931.25,1,0,26419851.0,0,1,0,1,0,1,0,0,0,1,10,4,26419.851,1
55508.0,10196.866667,4,2,55508.0,0,4,1,1,0,1,0,1,0,1,11,1,55.508,1
0.0,531.0,4,4,1215710.0,1,4,0,0,0,1,0,1,0,0,10,3,121571.0,0
0.0,128.4,1,1,146869334.0,1,1,0,0,0,1,1,0,0,0,11,4,50.0,0
13895568.0,2547521.8,3,1,13895568.0,0,3,0,1,0,1,1,1,0,1,22,1,10.0,1
56959.0,7594.533333,1,0,56959.0,0,1,0,0,0,0,1,0,0,0,20,3,1000.0,1
360228626.0,66042143.466667,4,1,360228626.0,0,4,1,1,0,1,0,1,0,1,9,3,360228.626,1
2438686.0,447094.433333,5,0,2438686.0,0,5,1,1,0,1,1,1,0,1,29,1,20.0,1
62204733.0,11404201.95,1,0,62204733.0,0,1,0,1,0,1,1,0,0,1,20,5,10.0,1
1610958.0,211442.533333,2,1,1610958.0,0,2,0,0,0,1,1,1,0,0,15,5,1000.0,1
188935645.0,34638201.583333,1,0,188935645.0,0,1,1,1,0,0,1,0,0,1,13,0,10.0,1
0.0,1.1,1,1,7478766.0,1,1,0,0,0,0,1,0,0,0,6,2,1.0,0
0.0,1.1,1,1,42388128.0,1,1,0,0,0,0,1,0,0,0,9,1,1.0,0
0.0,4.6,2,2,254861167.0,1,2,0,0,0,1,1,1,0,0,18,2,50.0,0
0.0,1.1,1,1,74008.0,1,1,0,0,0,0,1,0,0,0,9,1,1.0,0
0.0,139853040.8,1,1,127139128.0,1,1,0,1,0,1,0,0,0,1,8,5,127139.128,1
0.0,2521.2,3,3,1483885895.0,1,3,0,0,0,0,1,1,0,0,3,1,10.0,0
51606.9,56832.49,1,1,46549353.0,1,1,0,0,0,0,1,0,1,0,8,2,10.0,0
33903.0,6215.75,3,2,33903.0,0,3,1,1,0,1,1,1,0,1,14,2,33.903,1
204702143.3,27319174.996667,1,0,204691042.0,0,1,0,0,0,1,1,0,1,0,8,5,100.0,1
186.9,293.59,1,1,278024.0,1,1,0,0,0,0,0,0,1,0,7,3,27802.4,0
36799820.0,6746644.566667,1,0,36799820.0,0,1,0,1,0,1,0,0,0,1,6,4,36799.82,1
0.0,574.2,3,3,430431.0,1,3,0,0,0,0,1,1,0,0,3,5,100.0,0
287970419.0,1567091.533333,5,2,287970419.0,0,5,1,1,0,1,1,1,0,1,6,2,100.0,1
1272.4,2664.64,1,1,10073192.0,1,1,0,0,0,0,0,0,1,0,2,1,1007319.2,0
0.0,1.1,1,1,3483602.0,1,1,0,0,0,0,1,0,0,0,6,1,1.0,0
138708718.0,113639.166667,5,2,138708718.0,0,5,0,0,0,1,1,1,0,0,13,4,10.0,0
1357078.0,247016.733333,4,1,1357078.0,0,4,0,1,0,0,1,1,0,1,20,2,10.0,1
9569797.0,1754463.083333,1,0,9569797.0,0,1,0,1,0,1,1,0,0,1,10,1,100.0,1
215217319.9,463054727.19,1,0,205741523.0,0,2,1,1,0,0,1,1,1,1,8,0,100.0,1
0.0,3.3,1,1,133234699.0,1,1,0,1,0,0,0,0,0,1,4,2,133234.699,0
0.0,65.8,1,1,43259072.0,1,1,0,0,0,1,1,0,0,0,7,4,20.0,0
0.0,41.8,1,1,80701605.0,1,1,0,1,0,0,0,0,0,1,10,3,80701.605,0
0.0,531578285.7,3,3,161084329.0,1,3,0,1,0,0,1,1,0,1,16,2,10.0,0
4629.0,850.35,3,0,4629.0,0,3,0,1,0,1,1,1,0,1,14,3,4.629,1
107550364.0,183994.266667,5,4,107550364.0,0,5,0,1,0,1,1,1,0,1,18,4,100.0,1
0.0,1.1,1,1,124842.0,1,1,0,0,0,0,1,0,0,0,8,1,1.0,0
6721415.0,896188.666667,1,0,6721415.0,0,1,0,0,0,0,0,0,0,0,35,4,672141.5,1
0.0,247.5,4,4,1492730229.0,1,4,0,1,0,1,1,1,0,1,8,6,10.0,0
0.0,1056167758.8,4,4,240038127.0,1,4,0,0,0,0,1,1,0,0,10,3,100.0,0
0.0,4.5,4,4,138278377.0,1,4,0,0,0,1,0,1,0,0,20,1,13827837.7,0
0.0,2625.6,1,1,23572.0,1,1,0,0,0,1,0,0,0,0,5,3,2357.2,1
24995.0,4621.816667,2,1,24995.0,0,2,0,1,0,1,1,1,0,1,13,2,24.995,1
23968709.5,13601220.933333,1,0,20620744.0,0,2,0,1,0,1,0,1,1,1,15,5,20620.744,1
0.0,1091.2,2,2,1085375933.0,1,2,0,1,0,0,1,1,0,1,18,3,50.0,0
0.0,2758368.8,4,4,626902.0,1,4,0,0,0,1,1,1,0,0,23,4,1000.0,1
0.0,29.6,1,1,177120.0,1,1,0,0,0,1,1,0,0,0,15,1,10.0,0
192106699.0,35219571.483333,8,3,192106699.0,0,8,0,1,0,1,1,1,0,1,30,7,100.0,1
24405906.0,4474419.3,1,0,24405906.0,0,1,0,1,0,1,1,0,0,1,8,5,10.0,1
1098.5,1762603.15,1,1,1601268.0,1,1,0,0,0,0,0,0,1,0,9,2,160126.8,0
4522865.0,789425.683333,3,1,4522865.0,0,3,0,1,0,1,1,1,0,1,22,4,100.0,1
2383839.0,437039.15,7,3,2383839.0,0,7,1,1,0,1,1,1,0,1,29,3,20.0,1
84020534.0,15404448.266667,1,0,84020534.0,0,1,0,1,0,1,1,0,0,1,25,1,100.0,1
18603679.0,3410674.883333,1,0,18603679.0,0,1,0,1,0,1,0,0,0,1,15,5,18603.679,1
145236059.0,279681.8,4,2,145236059.0,0,4,1,1,0,1,0,1,0,1,4,6,145236.059,1
8959390.0,1642558.433333,7,3,8959390.0,0,7,0,1,0,1,1,1,0,1,14,3,100.0,1
0.0,394.8,1,1,694011.0,1,1,0,0,0,1,0,0,0,0,3,3,69401.1,0
13785755.0,1838139.866667,1,0,13785755.0,0,1,0,0,0,1,0,0,0,0,1,3,1378575.5,1
0.0,2878.7,1,1,194324720.0,1,1,0,1,0,0,1,0,0,1,9,3,10.0,0
34754448.0,6371648.8,1,0,34754448.0,0,1,0,1,1,0,0,0,0,1,16,2,34754.448,1
208.2,255.42,1,1,114862.0,1,1,0,0,0,0,1,0,1,0,7,2,100.0,0
4277150.0,570286.666667,1,0,4277150.0,0,1,0,0,0,0,0,0,0,0,36,0,4277150.0,1
45867995.0,6115732.666667,1,0,45867995.0,0,1,0,0,0,0,0,0,0,0,14,4,4586799.5,0
978.0,183.7,2,1,978.0,0,2,1,1,0,1,1,1,0,1,13,1,0.978,0
0.0,139.7,1,1,17700589.0,1,1,0,0,0,0,1,0,0,0,15,1,10.0,0
0.0,9.9,1,1,1420467.0,1,1,0,0,0,0,0,0,0,1,3,1,142046.7,0
312563890.0,57303379.833333,1,0,312563890.0,0,1,0,1,0,0,1,0,0,1,24,5,100.0,1
0.0,8.8,4,4,13735366.0,1,4,0,0,0,0,1,1,0,0,18,4,100.0,0
2194794.0,292639.2,1,0,2194794.0,0,1,0,0,0,0,0,0,0,0,24,4,219479.4,1
0.0,867.0,3,3,1709325310.0,1,3,0,1,0,1,0,1,0,1,15,3,1709325.31,0
438972.4,564470.94,1,1,74183.0,1,1,0,0,0,0,1,0,1,0,10,2,100.0,0
411389509.0,68692515.029855,1,0,411389509.0,0,1,0,0,0,1,0,0,0,0,27,3,41138950.9,1
1174038.0,157888.7,1,0,1174038.0,0,1,0,0,0,1,1,0,0,0,3,3,10.0,1
0.0,33.6,5,5,234749.0,1,5,0,0,0,1,0,1,0,0,4,2,23474.9,0
0.0,1.1,1,1,129168318.0,1,1,0,0,0,0,1,0,0,0,3,1,1.0,0
1982760.0,363603.3,1,0,1982760.0,0,1,0,1,0,1,1,0,0,1,21,1,100.0,1
2000062.0,366678.033333,6,3,2000062.0,0,6,0,1,0,0,1,1,0,1,8,8,10.0,1
0.0,2.2,2,2,1565109.0,1,2,0,0,0,0,1,1,0,0,12,1,20.0,0
673.1,819.61,1,1,247475.0,1,1,0,0,0,0,0,0,1,0,3,2,24747.5,0
48469521.0,7332.566667,6,3,48469521.0,0,6,0,1,0,1,1,1,0,1,21,6,10.0,0
0.0,1544.3,1,1,93318978.0,1,1,0,0,0,1,1,0,0,0,14,1,10.0,0
104060.0,13874.666667,1,0,104060.0,0,1,0,0,0,0,1,0,0,0,19,2,1000.0,1
2543047.0,339072.933333,1,0,2543047.0,0,1,0,0,0,0,0,0,0,0,23,3,254304.7,1
32667321.0,4355642.8,1,0,32667321.0,0,1,0,0,0,0,0,0,0,0,23,1,3266732.1,1
0.0,799.0,3,3,28331519.0,1,3,0,0,0,1,0,1,0,0,8,1,2833151.9,0
0.0,216.0,4,4,1205935843.0,1,4,1,0,0,1,1,1,0,0,15,3,10.0,0
0.0,1380.4,3,3,665210681.0,1,3,0,0,0,1,1,1,0,0,7,5,200.0,0
0.0,1.1,1,1,2449.0,1,1,0,0,0,0,1,0,0,0,7,1,1.0,0
635014.0,79558.166667,2,1,635014.0,0,2,0,0,0,1,1,1,0,0,21,3,100.0,1
536798.0,98412.966667,1,0,536798.0,0,1,0,1,0,0,0,0,0,1,18,2,536.798,1
0.0,1747851.6,1,1,1588956.0,1,1,0,0,0,0,1,0,0,0,6,3,1000.0,1
63877569.0,11719126.25,8,4,63877569.0,0,8,0,1,0,1,0,1,0,1,19,1,63877.569,1
0.0,7.2,1,1,245581960.0,1,1,1,1,0,1,1,0,0,1,12,2,50.0,0
1173666.0,215172.1,1,0,1173666.0,0,1,1,1,0,0,0,0,0,1,11,0,11736.66,1
48030273.0,6404036.4,1,0,48030273.0,0,1,0,0,0,0,0,0,0,0,10,3,4803027.3,0
0.0,21.6,1,1,23368.0,1,1,0,0,0,1,1,0,0,0,8,2,100.0,0
122303691.0,193289.733333,5,4,122303691.0,0,5,0,0,0,1,1,1,0,0,13,1,100.0,1
6272800.0,836373.333333,1,0,6272800.0,0,1,0,0,0,0,0,0,0,0,8,2,627280.0,0
143161049.3,35395134.546667,1,0,139834186.0,0,1,1,1,0,1,0,0,1,1,13,5,139834.186,1
390047.0,56050.8,6,2,390047.0,0,6,0,0,0,0,1,1,0,0,10,2,100.0,1
0.0,11709.5,1,1,242496.0,1,1,0,1,0,0,0,0,0,1,2,2,242.496,1
0.0,352.1,1,1,5746008.0,1,1,0,0,0,1,1,0,0,0,5,1,100.0,0
0.0,120770.1,3,3,36597.0,1,3,0,1,0,0,1,1,0,1,7,2,36.597,1
0.0,447.5,3,3,140414214.0,1,3,0,0,0,1,1,1,0,0,15,5,20.0,0
9378.0,41263.2,4,0,9378.0,0,4,0,1,0,1,1,1,0,1,8,0,93.78,1
0.0,1.1,1,1,76531568.0,1,1,0,0,0,0,1,0,0,0,9,1,1.0,0
227186.6,249907.46,1,1,2030899.0,1,1,0,0,0,0,0,0,1,0,4,3,203089.9,0
22942065.0,3058942.0,1,0,22942065.0,0,1,0,0,0,0,0,0,0,0,34,1,2294206.5,1
0.0,117.7,1,1,107.0,1,1,0,1,0,1,0,0,0,1,12,2,0.107,0
0.0,4.4,1,1,165450630.0,1,1,0,0,0,0,1,0,0,0,10,1,100.0,0
0.0,72.8,5,5,73354534.0,1,5,0,0,0,1,1,1,0,0,16,3,20.0,0
12525.0,2296.85,2,1,12525.0,0,2,0,1,0,1,1,1,0,1,13,1,12.525,1
118816096.0,1414864.1,6,5,118816096.0,0,6,0,1,0,1,1,1,0,1,14,4,1000.0,1
17768252.4,6604353.64,1,0,16551608.0,0,2,0,1,0,1,1,1,1,1,20,1,100.0,1
57714815.0,20654422.716667,1,0,48557380.0,0,2,0,1,0,1,1,1,1,1,3,1,100.0,1
73775468.0,89802560.466667,1,0,4432688.0,0,1,1,1,0,0,0,0,1,1,11,5,4432.688,1
716738830.0,131402129.433333,1,0,716738830.0,0,1,1,1,0,1,1,0,0,1,23,2,100.0,1
0.0,1.1,1,1,190285170.0,1,1,0,0,0,0,1,0,0,0,2,1,1.0,0
421226.0,463697.3,1,1,17979280.0,1,1,0,0,0,0,1,0,1,0,3,2,100.0,0
5664025.0,1038571.483333,1,0,5664025.0,0,1,0,1,0,1,1,0,0,1,8,3,100.0,1
0.0,364.1,1,1,422519.0,1,1,0,0,0,0,1,0,0,0,7,1,50.0,0
0.0,2298.9,1,1,148972766.0,1,1,0,0,0,1,1,0,0,0,6,2,10.0,0
0.0,2204.4,4,4,877497285.0,1,4,0,0,0,0,1,1,0,0,14,4,10.0,0
0.0,6.6,2,2,1138872423.0,1,2,0,0,0,0,1,1,0,0,12,1,50.0,0
25494740.0,4674035.766667,1,0,25494740.0,0,1,1,1,0,1,0,0,0,1,10,0,254947.4,1
0.0,47.816667,1,1,215.0,1,1,1,1,0,1,0,0,0,1,14,0,2.15,0
0.0,1.1,1,1,22653.0,1,1,0,0,0,0,1,0,0,0,5,1,1.0,0
1465019.0,195335.866667,1,0,1465019.0,0,1,0,0,0,0,1,0,0,0,19,3,100.0,1
0.0,468.0,4,4,1149140623.0,1,4,0,0,0,1,0,1,0,0,13,1,114914062.3,0
79099318.0,43384939.033333,1,0,49246276.0,0,1,1,0,0,1,0,0,1,0,5,3,4924627.6,1
0.0,40.7,1,1,237875705.0,1,1,0,0,0,0,1,0,0,0,3,2,200.0,0
147460.0,19661.333333,1,0,147460.0,0,1,0,0,0,0,1,0,0,0,2,0,100.0,1
2292379.0,305650.533333,1,0,2292379.0,0,1,0,0,0,0,0,0,0,0,26,0,2292379.0,0
10331.0,1927.016667,3,2,10331.0,0,3,0,1,0,1,1,1,0,1,4,4,10.331,1
0.0,6.8,3,3,1898695192.0,1,3,0,0,0,1,0,1,0,0,16,4,189869519.2,0
0.0,136628.8,1,1,124208.0,1,1,0,0,0,0,0,0,0,1,2,1,12420.8,0
10852418.0,146035.083333,5,4,10852418.0,0,5,0,1,0,0,0,1,0,1,8,6,10852.418,1
0.0,358.8,2,2,495079529.0,1,2,0,0,0,1,1,1,0,0,9,5,200.0,0
10903399.0,1453786.533333,1,0,10903399.0,0,1,0,0,0,0,0,0,0,0,22,4,1090339.9,0
0.0,4135.4,3,3,553867234.0,1,3,0,1,0,1,1,1,0,1,11,4,10.0,0
3636.0,666.6,3,2,3636.0,0,3,0,1,0,0,1,1,0,1,4,1,3.636,1
0.0,25.583333,1,1,127.0,1,1,1,1,0,1,0,0,0,1,15,0,1.27,0
0.0,26.2,1,1,129150.0,1,1,0,0,0,1,1,0,0,0,14,2,20.0,0
0.0,1.1,1,1,1774740.0,1,1,0,0,0,0,1,0,0,0,12,1,1.0,0
15300.0,2805.1,3,0,15300.0,0,3,1,1,0,1,1,1,0,1,13,3,15.3,1
0.0,3084.4,1,1,106169494.0,1,1,0,0,0,0,1,0,0,0,4,4,50.0,0
0.0,11.033333,1,1,58.0,1,1,0,1,0,1,1,0,0,1,14,0,0.58,0
39133357.0,7174449.783333,4,1,39133357.0,0,4,0,1,0,1,1,1,0,1,6,6,10.0,1
141577.0,25955.783333,1,0,141577.0,0,1,0,1,0,0,1,0,0,1,11,4,10.0,1
0.0,1.1,1,1,5684.0,1,1,0,0,0,0,0,0,0,0,7,1,568.4,0
4053377.0,507431.333333,5,2,4053377.0,0,5,0,0,0,1,1,1,0,0,9,3,10.0,1
0.0,599.2,5,5,189463015.0,1,5,0,0,0,1,0,1,0,0,16,5,18946301.5,0
0.0,1.1,1,1,596033.0,1,1,0,0,0,0,1,0,0,0,4,1,1.0,0
245018459.0,44920068.316667,1,0,245018459.0,0,1,0,1,0,1,1,0,0,1,8,0,10.0,1
159548.0,307.15,2,1,159548.0,0,2,0,1,0,1,0,1,0,1,4,4,159.548,0
0.0,19945.2,2,2,9066.0,1,2,1,1,1,1,1,1,0,1,9,4,9.066,1
115225466.0,21124668.766667,5,1,115225466.0,0,5,0,1,0,0,0,1,0,1,7,1,115225.466,1
0.0,234.6,3,3,289271105.0,1,3,0,0,0,1,1,1,0,0,12,1,10.0,0
0.0,493.9,1,1,4707584.0,1,1,0,0,0,0,1,0,0,0,10,4,20.0,0
90845479.1,22109096.426667,1,0,88862362.0,0,1,1,1,0,1,0,0,1,1,14,4,88862.362,1
0.0,22.0,4,4,146601853.0,1,4,0,0,0,0,1,1,0,0,16,2,100.0,0
10234270.0,3360.966667,3,2,10234270.0,0,3,1,1,0,1,0,1,0,1,2,7,10234.27,0
0.0,1.2,1,1,10458.0,1,1,0,0,0,1,1,0,0,0,10,4,10.0,0
0.0,1.2,1,1,47771472.0,1,1,0,0,0,1,1,0,0,0,10,2,100.0,0
250817104.0,25830041.35,5,4,250817104.0,0,5,1,1,0,1,1,1,0,1,10,2,10.0,1
0.0,258621973.5,5,5,47022177.0,1,5,0,0,0,0,1,1,0,0,14,4,100.0,0
106.9,235.29,1,1,34757.0,1,1,0,0,0,0,1,0,1,0,9,2,10.0,0
71482981.4,14851689.856667,1,0,70847899.0,0,2,1,1,0,0,0,1,1,1,9,5,70847.899,1
4988450.0,928017.266667,3,0,4988450.0,0,3,0,1,0,1,0,1,0,1,30,6,4988.45,1
35118435.0,6438382.35,4,3,35118435.0,0,4,1,1,0,1,0,1,0,1,27,3,35118.435,1
0.0,2.2,1,1,845477.0,1,1,0,0,0,0,0,0,0,1,4,3,84547.7,0
0.0,4.4,4,4,21318049.0,1,4,0,0,0,0,1,1,0,0,18,4,100.0,0
0.0,3611550316.0,4,4,820806890.0,1,4,0,0,0,1,1,1,0,0,17,2,200.0,0
4235645.0,564752.666667,1,0,4235645.0,0,1,0,0,0,0,0,0,0,0,20,0,4235645.0,0
0.0,1.1,1,1,969847.0,1,1,0,0,0,0,0,0,0,0,6,1,96984.7,0
134408.0,17921.066667,1,0,134408.0,0,1,0,0,0,0,0,0,0,0,15,1,13440.8,1
65798438.0,8773125.066667,1,0,65798438.0,0,1,0,0,0,0,0,0,0,0,32,0,65798438.0,1
994682.0,182358.366667,1,0,994682.0,0,1,0,1,0,0,1,0,0,1,19,4,994.682,1
0.0,1705.5,4,4,873271361.0,1,4,0,0,0,1,1,1,0,0,8,4,200.0,0
0.0,1.1,1,1,317047715.0,1,1,0,0,0,0,0,0,0,0,5,1,31704771.5,0
0.0,2204.9,3,3,207801782.0,1,3,0,0,0,1,1,1,0,0,9,5,50.0,0
202157683.0,37062336.283333,1,0,202157683.0,0,1,1,1,0,1,1,0,0,1,18,4,10.0,1
0.0,929885256.3,1,1,845350233.0,1,1,0,1,0,0,0,0,0,1,10,1,845350.233,0
264109021.0,35214536.133333,5,0,264109021.0,0,5,0,0,0,0,1,1,0,0,17,4,10.0,1
11892.0,2218.6,4,1,11892.0,0,4,0,1,0,1,1,1,0,1,10,2,11.892,1
31707.0,5813.25,4,2,31707.0,0,4,0,1,1,1,1,1,0,1,8,4,10.0,1
6490737.0,424929.366667,5,4,6490737.0,0,5,0,0,0,1,0,1,0,0,24,5,649073.7,1
1265433.0,231996.05,1,0,1265433.0,0,1,1,1,0,0,1,0,0,1,25,3,10.0,1
0.0,6.6,3,3,39291877.0,1,3,0,0,0,0,1,1,0,0,6,5,100.0,0
239876.0,226.166667,2,1,239876.0,0,2,0,0,0,0,1,1,0,0,22,1,1000.0,0
65465346.0,82235362.0,1,0,1625601.0,0,1,0,1,0,1,1,0,1,1,8,5,100.0,1
0.0,63.8,2,2,146158.0,1,2,0,0,0,0,0,1,0,0,9,3,14615.8,0
0.0,981.2,2,2,119865229.0,1,2,0,0,0,0,0,1,0,0,10,1,11986522.9,0
37722593.0,6915808.716667,7,3,37722593.0,0,7,0,1,0,0,0,1,0,1,21,2,37722.593,1
13960882.0,24843868.5,1,0,8624453.0,0,2,1,1,0,0,1,1,1,1,5,0,100.0,1
0.0,5794.8,4,4,1317.0,1,4,0,1,0,1,1,1,0,1,8,1,1.317,0
1175961.0,156843.0,1,0,1175961.0,0,1,0,0,0,1,1,0,0,0,10,0,100.0,1
0.0,3057.4,1,1,294886497.0,1,1,1,1,0,1,0,0,0,1,3,6,294886.497,0
2816968.0,516446.133333,5,2,2816968.0,0,5,1,1,0,1,1,1,0,1,15,5,20.0,1
49364767.0,9050207.283333,7,3,49364767.0,0,7,0,1,0,0,0,1,0,1,22,5,49364.767,1
26963.0,4943.216667,3,2,26963.0,0,3,1,1,0,0,0,1,0,1,12,2,26.963,1
3600549.0,658713.283333,3,1,3600549.0,0,3,0,1,0,1,1,1,0,1,7,3,100.0,1
0.0,1.2,1,1,246167.0,1,1,0,0,0,1,1,0,0,0,6,4,20.0,0
0.0,247545655.5,3,3,75013835.0,1,3,1,1,0,1,1,1,0,1,17,6,100.0,1
0.0,264.0,4,4,1054585750.0,1,4,0,1,0,0,0,1,0,1,16,5,1054585.75,0
47161361.0,10573.016667,2,1,47161361.0,0,2,0,1,0,0,1,1,0,1,6,5,10.0,0
0.0,2094250461.6,4,4,475966014.0,1,4,0,1,0,1,1,1,0,1,15,8,20.0,1
3084907.9,8238648.99,1,1,4404773.0,1,1,0,1,0,1,1,0,1,1,17,1,100.0,1
0.0,17.6,2,2,47450.0,1,2,0,0,0,0,0,1,0,0,5,3,4745.0,0
0.0,1.1,1,1,1024433.0,1,1,0,0,0,0,1,0,0,0,12,1,1.0,0
42096.0,7738.0,3,2,42096.0,0,3,0,1,0,1,0,1,0,1,9,1,42.096,1
7383535.0,984472.033333,1,0,7383535.0,0,1,0,0,0,1,1,0,0,0,5,1,1000.0,1
1412641.0,258994.183333,7,1,1412641.0,0,7,0,1,0,1,1,1,0,1,4,5,100.0,1
1287313.0,171641.733333,1,0,1287313.0,0,1,0,0,0,0,1,0,0,0,15,0,1000.0,1
5218631.0,956749.016667,1,0,5218631.0,0,1,0,1,0,0,1,0,0,1,7,1,1000.0,1
183638.0,33735.866667,1,0,183638.0,0,1,0,1,0,1,0,0,0,1,19,3,183.638,1
0.0,4.8,1,1,1699195.0,1,1,0,0,0,1,1,0,0,0,4,4,50.0,0
0.0,3.3,1,1,22799958.0,1,1,0,0,0,0,1,0,0,0,8,4,100.0,0
102236538.0,18743375.3,6,3,102236538.0,0,6,1,1,0,1,1,1,0,1,11,8,100.0,1
71067195.0,13030768.15,6,2,71067195.0,0,6,1,1,0,1,0,1,0,1,19,4,71067.195,1
1054296.0,193288.3,1,0,1054296.0,0,1,0,1,0,1,1,0,0,1,2,0,10.0,1
13177403.0,2420725.016667,7,2,13177403.0,0,7,0,1,0,1,0,1,0,1,12,1,13177.403,1
8657028.0,1154270.4,1,0,8657028.0,0,1,0,0,0,0,0,0,0,0,28,3,865702.8,0
0.0,928.4,1,1,11604265.0,1,1,0,0,0,0,1,0,0,0,4,3,100.0,0
0.0,1.1,1,1,2198273.0,1,1,0,0,0,0,1,0,0,0,11,1,1.0,0
0.0,1.1,1,1,243053060.0,1,1,0,0,0,0,1,0,0,0,10,2,1.0,0
0.0,115.5,1,1,275494145.0,1,1,0,0,0,0,0,0,0,1,4,2,27549414.5,0
33909090.0,6216667.5,5,2,33909090.0,0,5,1,1,0,1,1,1,0,1,20,7,10.0,1
303876.0,55748.2,1,0,303876.0,0,1,0,1,0,1,0,0,0,1,8,3,303.876,1
0.0,1950.0,1,1,3343452.0,1,1,0,0,0,1,0,0,0,0,10,3,334345.2,1
0.0,345060469.6,8,8,39211417.0,1,8,0,1,0,1,0,1,0,1,29,3,39211.417,1
0.0,20.4,3,3,751979501.0,1,3,0,0,0,1,1,1,0,0,11,1,200.0,0
0.0,1.1,1,1,24815.0,1,1,0,0,0,0,1,0,0,0,10,1,1.0,0
0.0,261165594.8,1,1,237423268.0,1,1,0,0,0,0,0,0,0,0,30,1,23742326.8,1
3625558.0,664686.633333,6,2,3625558.0,0,6,0,1,0,1,1,1,0,1,18,4,10.0,1
602636741.0,110483428.916667,1,0,602636741.0,0,1,1,1,0,1,1,0,0,1,20,3,10.0,1
0.0,297317466.6,2,2,135144303.0,1,2,0,0,0,0,1,1,0,0,15,2,50.0,0
0.0,1.1,1,1,7339766.0,1,1,0,0,0,0,1,0,0,0,3,1,1.0,0
0.0,1.1,1,1,81252417.0,1,1,0,0,0,0,1,0,0,0,5,1,1.0,0
0.0,32389140.3,3,3,9814891.0,1,3,0,0,0,0,1,1,0,0,18,1,100.0,0
13099690.1,3080783.126667,1,0,12852718.0,0,1,1,1,0,0,0,0,1,1,4,1,12852.718,1
0.0,1.1,1,1,389271661.0,1,1,0,0,0,0,0,0,0,1,2,2,38927166.1,0
0.0,1.1,1,1,169664.0,1,1,0,0,0,0,0,0,0,0,11,1,16966.4,0
6451234.0,941429.9,2,1,6451234.0,0,2,1,1,0,1,1,1,0,1,15,2,100.0,1
7368.0,1372.7,2,0,7368.0,0,2,0,1,0,1,0,1,0,1,5,1,7.368,1
0.0,5.5,5,5,7110338.0,1,5,0,0,0,0,0,1,0,0,17,1,711033.8,0
0.0,21482227.8,1,1,19529298.0,1,1,0,0,0,1,1,0,0,0,13,1,100.0,0
21771039.0,23948142.9,1,0,21771039.0,0,1,0,0,0,1,0,0,0,0,40,0,21771039.0,1
482386390.0,88437506.133333,1,0,482386390.0,0,1,0,1,0,1,0,0,0,1,18,4,482386.39,1
344566354.0,63171076.933333,1,0,344566354.0,0,1,0,1,0,1,0,0,0,1,8,1,344566.354,1
1591240.0,291824.233333,1,0,1591240.0,0,1,1,1,0,1,1,0,0,1,20,3,10.0,1
11573352.0,2121783.2,7,2,11573352.0,0,7,0,1,0,1,1,1,0,1,18,6,20.0,1
0.0,17.6,1,1,19747.0,1,1,0,0,0,0,1,0,0,0,2,2,20.0,0
175582360.0,30879494.399417,1,0,175582360.0,0,1,0,0,0,1,0,0,0,0,30,0,175582360.0,1
0.0,3700.4,4,4,1350515769.0,1,4,1,1,0,0,1,1,0,1,13,6,10.0,0
647417.0,118693.116667,1,0,647417.0,0,1,1,1,0,0,0,0,0,1,19,1,647.417,1
51158249.0,9379021.316667,1,0,51158249.0,0,1,1,1,0,1,0,0,0,1,3,2,51158.249,1
7704826.0,1412551.433333,4,2,7704826.0,0,4,0,1,0,0,0,1,0,1,26,4,7704.826,1
245985262.0,45097298.033333,7,2,245985262.0,0,7,0,1,0,0,1,1,0,1,29,6,10.0,1
0.0,3794.9,1,1,12088178.0,1,1,0,0,0,1,1,0,0,0,11,3,10.0,0
829633398.0,152103336.7,1,0,829633398.0,0,1,0,1,0,1,0,0,0,1,16,0,8296333.98,1
307499078.0,55560248.333333,5,1,307499078.0,0,5,0,1,0,0,1,1,0,1,22,6,1000.0,1
0.0,4.5,4,4,1011018690.0,1,4,0,0,0,1,1,1,0,0,14,5,50.0,0
1469715.0,269449.35,3,1,1469715.0,0,3,1,1,0,1,0,1,0,1,27,2,1469.715,1
0.0,267484681.2,2,2,121583946.0,1,2,0,0,0,0,0,1,0,0,5,2,12158394.6,0
7358477.2,2292482.753333,1,0,6788416.0,0,2,1,0,0,1,0,1,1,0,18,5,678841.6,1
89962778.0,12636935.516667,6,2,89962778.0,0,6,1,1,0,1,0,1,0,1,9,6,89962.778,1
5868.0,1089.6,2,0,5868.0,0,2,1,1,0,1,1,1,0,1,15,1,5.868,1
8286023.0,15424.866667,3,1,8286023.0,0,3,0,0,0,0,0,1,0,0,19,4,828602.3,0
18609545.8,6553703.313333,1,0,17469892.0,0,2,1,1,0,1,0,1,1,1,15,2,17469.892,1
0.0,4.8,1,1,28847.0,1,1,0,0,0,1,1,0,0,0,11,2,50.0,0
0.0,1006.6,2,2,64705.0,1,2,0,0,0,1,1,1,0,0,17,4,100.0,1
0.0,1.1,1,1,31624.0,1,1,0,0,0,0,1,0,0,0,12,1,1.0,0
0.0,16.8,5,5,249665782.0,1,5,0,0,0,1,1,1,0,0,13,3,20.0,0
0.0,519349195.2,8,8,59016954.0,1,8,0,1,0,1,1,1,0,1,29,4,10.0,1
0.0,375.2,5,5,45534377.0,1,5,0,0,0,1,1,1,0,0,8,5,100.0,0
233194.0,31092.533333,1,0,233194.0,0,1,0,0,0,0,0,0,0,0,16,5,23319.4,1
0.0,1.1,1,1,11258736.0,1,1,0,0,0,0,1,0,0,0,10,1,1.0,0
0.0,9.6,1,1,676149.0,1,1,0,0,0,1,1,0,0,0,15,1,10.0,0
236.9,360.69,1,1,3547111.0,1,1,0,0,0,0,1,0,1,0,7,1,100.0,0
21918165.0,4018330.45,1,0,21918165.0,0,1,0,1,0,1,0,0,0,1,15,4,21918.165,1
136176556.0,15252165.433333,6,3,136176556.0,0,6,0,0,0,0,1,1,0,0,4,1,1000.0,1
0.0,8008598.4,1,1,7280544.0,1,1,0,0,0,0,1,0,0,0,4,2,1.0,0
4045356.0,741661.4,1,0,4045356.0,0,1,1,1,0,1,1,0,0,1,20,4,100.0,1
0.0,3.3,3,3,20774009.0,1,3,0,0,0,0,1,1,0,0,5,5,20.0,0
0.0,2839.1,1,1,3566939.0,1,1,0,0,0,0,1,0,0,0,10,2,100.0,1
0.0,101665.3,1,1,92423.0,1,1,0,0,0,1,1,0,0,1,12,2,1000.0,1
0.0,9.6,1,1,546121.0,1,1,0,0,0,1,0,0,0,0,12,2,54612.1,0
6951328.0,180339.866667,2,1,6951328.0,0,2,0,0,0,0,0,1,0,0,16,2,695132.8,1
8204.0,1504.166667,3,1,8204.0,0,3,1,1,0,1,1,1,0,1,13,3,8.204,1
16824977.0,3084579.316667,1,0,16824977.0,0,1,0,1,0,1,1,0,0,1,5,1,100.0,1
78770080.4,25266150.806667,1,0,74833730.0,0,1,0,1,0,1,1,0,1,1,14,5,100.0,1
13283719.0,2550740.583333,1,0,13178818.0,0,2,0,1,0,1,1,1,1,1,9,3,100.0,1
0.0,1.1,1,1,3352560.0,1,1,0,0,0,0,0,0,0,0,10,1,335256.0,0
217.7,1316.37,1,1,1100883.0,1,1,0,0,0,0,0,0,1,0,5,3,110088.3,1
0.0,1.1,1,1,1083.0,1,1,0,0,0,0,1,0,0,0,5,1,1.0,0
661583151.0,88211086.8,1,0,661583151.0,0,1,0,0,0,0,0,0,0,0,24,1,66158315.1,0
0.0,86404973.6,8,8,9818747.0,1,8,0,1,0,1,1,1,0,1,11,7,10.0,1
238448202.0,40541105.45,3,2,238448202.0,0,3,1,1,0,1,1,1,0,1,20,7,100.0,1
30231.0,5550.95,4,3,30231.0,0,4,0,1,0,1,0,1,0,1,3,2,30.231,1
0.0,4.8,1,1,988103.0,1,1,0,0,0,1,1,0,0,0,5,2,50.0,0
26419.8,29227.88,1,1,15716.0,1,1,0,0,0,0,1,0,1,0,2,1,10.0,0
4649365.0,30436.033333,4,3,4649365.0,0,4,0,0,0,0,1,1,0,0,6,7,10.0,1
0.0,6798.0,4,4,1529524769.0,1,4,0,0,0,0,1,1,0,0,6,4,50.0,0
246114.0,32819.1,1,0,246114.0,0,1,0,0,0,1,1,0,0,0,15,3,10.0,1
77016.0,14120.1,1,0,77016.0,0,1,0,0,0,1,0,0,0,1,9,1,7701.6,1
8479370.0,1083115.033333,6,3,8479370.0,0,6,0,0,0,0,1,1,0,0,25,7,100.0,1
0.0,169586033.1,3,3,51389707.0,1,3,0,0,0,0,1,1,0,0,13,1,1000.0,1
0.0,30.6,3,3,2104918.0,1,3,0,0,0,1,1,1,0,0,20,3,100.0,0
25970050.0,4148328.620842,1,0,25970050.0,0,1,0,0,0,1,0,0,0,0,35,2,2597005.0,1
232332503.0,42594304.916667,8,4,232332503.0,0,8,0,1,0,1,0,1,0,1,16,2,232332.503,1
22914.0,4209.4,4,2,22914.0,0,4,0,1,0,1,1,1,0,1,15,2,22.914,1
132781197.0,24343220.35,6,1,132781197.0,0,6,1,1,0,1,1,1,0,1,16,3,100.0,1
66400079.0,5347474.4,6,4,66400079.0,0,6,0,0,0,1,1,1,0,0,4,2,1000.0,1
121799810.0,100633930.466667,1,0,50614531.0,0,2,1,1,0,1,0,1,1,1,17,0,506145.31,1
0.0,8.8,4,4,1483767091.0,1,4,0,1,0,0,1,1,0,1,17,6,50.0,0
0.0,18044.4,1,1,16404.0,1,1,0,0,0,0,0,0,0,1,1,1,1640.4,1
348541126.0,55211830.483333,6,1,348541126.0,0,6,1,1,0,0,1,1,0,1,16,4,100.0,1
0.0,48.4,4,4,48109308.0,1,4,0,0,0,0,1,1,0,0,9,4,100.0,0
24038770.0,4407107.833333,8,2,24038770.0,0,8,0,1,0,0,1,1,0,1,25,4,100.0,1
1102634.0,666671.966667,1,0,934230.0,0,2,1,1,0,1,0,1,1,1,19,2,934.23,1
28221735.0,3762898.0,1,0,28221735.0,0,1,0,0,0,0,0,0,0,0,40,3,2822173.5,0
107427902.0,19695125.366667,7,0,107427902.0,0,7,0,1,0,1,1,1,0,1,4,1,100.0,1
0.0,134.2,2,2,652577157.0,1,2,0,1,0,0,1,1,0,1,16,1,50.0,0
33247984.0,1519.4,3,1,33247984.0,0,3,0,0,0,0,1,1,0,0,4,4,10.0,0
1183645.0,220801.683333,1,0,1183645.0,0,1,0,1,0,1,0,0,0,1,13,2,1183.645,1
634180831.0,116266485.683333,1,0,634180831.0,0,1,1,1,0,0,1,0,0,1,5,3,100.0,1
80448093.0,10726412.4,1,0,80448093.0,0,1,0,0,0,0,0,0,0,0,37,3,8044809.3,1
3135430.0,27415.066667,3,1,3135430.0,0,3,0,0,0,1,1,1,0,0,15,7,100.0,1
0.0,3.6,1,1,194943.0,1,1,0,0,0,1,1,0,0,0,10,1,10.0,0
0.0,10.2,3,3,136055844.0,1,3,0,0,0,1,1,1,0,0,5,3,20.0,0
0.0,1186.6,3,3,733331897.0,1,3,0,1,0,1,1,1,0,1,6,2,200.0,0
4508.9,4961.99,1,1,356505.0,1,1,0,0,0,0,1,0,1,0,5,3,10.0,0
0.0,2.2,2,2,4020247.0,1,2,0,0,0,0,1,1,0,0,16,4,100.0,0
0.0,47550.8,4,4,10807.0,1,4,0,1,1,0,0,1,0,1,12,4,10.807,1
0.0,1.2,1,1,26558.0,1,1,0,0,0,1,1,0,0,0,5,3,50.0,0
0.0,1.1,1,1,2496925.0,1,1,0,0,0,0,1,0,0,0,4,1,1.0,0
280697035.0,13095564.833333,3,2,280697035.0,0,3,0,0,0,1,1,1,0,0,18,3,10.0,1
0.0,732.6,1,1,35897898.0,1,1,0,0,0,0,0,0,0,0,4,2,3589789.8,0
0.0,432.4,2,2,1593220783.0,1,2,0,1,0,1,1,1,0,1,9,3,50.0,0
0.0,1689.6,4,4,291289521.0,1,4,0,1,0,0,1,1,0,1,9,4,50.0,0
141814650.0,294607.7,6,4,141814650.0,0,6,0,0,0,1,1,1,0,0,3,3,100.0,1
15093465.4,11407764.423333,1,0,11951447.0,0,1,0,1,0,1,0,0,1,1,14,2,11951.447,1
0.0,21.6,1,1,14462140.0,1,1,0,0,0,1,1,0,0,0,5,2,100.0,0
12256498.0,10689.55,3,2,12256498.0,0,3,1,1,0,1,1,1,0,1,19,7,1000.0,0
4487.0,822.616667,2,1,4487.0,0,2,1,1,1,0,0,1,0,1,9,0,44.87,1
3161.0,579.516667,2,1,3161.0,0,2,0,1,1,0,1,1,0,1,4,3,3.161,1
167162.9,183941.89,1,1,1185082.0,1,1,0,0,0,0,1,0,1,0,2,3,100.0,0
33950149.0,24444809.283333,1,0,17390354.0,0,1,1,1,0,1,1,0,1,1,16,5,100.0,1
0.0,1.1,1,1,498987.0,1,1,0,0,0,0,1,0,0,0,12,1,1.0,0
58844550.0,7845940.0,1,0,58844550.0,0,1,0,0,0,0,0,0,0,0,36,2,5884455.0,0
0.0,1909.6,1,1,10194.0,1,1,0,0,0,0,0,0,0,1,4,2,1019.4,1
103469731.0,18972006.483333,1,0,103469731.0,0,1,0,1,0,1,1,0,0,1,6,5,10.0,1
0.0,1.1,1,1,236362.0,1,1,0,0,0,0,0,0,0,0,9,1,23636.2,0
0.0,420.2,2,2,6714.0,1,2,0,0,0,0,1,1,0,0,18,1,100.0,0
0.0,245.1,1,1,2889038.0,1,1,0,0,0,1,1,0,0,0,13,4,20.0,0
0.0,1.1,1,1,3794933.0,1,1,0,0,0,0,1,0,0,0,9,1,1.0,0
0.0,302.8,1,1,1578.0,1,1,1,1,1,1,1,0,0,1,9,2,1.578,0
0.0,158.7,2,2,1301494229.0,1,2,0,1,0,1,1,1,0,1,14,3,50.0,0
0.0,376.2,1,1,1937469.0,1,1,0,0,0,0,0,0,0,1,4,1,193746.9,0
0.0,3.3,1,1,139991.0,1,1,0,0,0,0,0,0,0,1,1,3,13999.1,0
2551823.0,467840.716667,1,0,2551823.0,0,1,0,1,0,1,0,0,0,1,6,5,2551.823,1
210963110.0,3315.416667,3,2,210963110.0,0,3,0,1,0,1,1,1,0,1,16,1,1000.0,0
0.0,1.1,1,1,721828.0,1,1,0,0,0,0,0,0,0,0,8,1,72182.8,0
326188275.0,59801221.75,1,0,326188275.0,0,1,0,1,0,1,1,0,0,1,12,1,10.0,1
176411885.0,32342179.916667,4,1,176411885.0,0,4,1,1,0,1,1,1,0,1,19,1,10.0,1
0.0,1.1,1,1,1977.0,1,1,0,0,0,0,1,0,0,0,8,1,1.0,0
0.0,1161.05,2,2,6333.0,1,2,1,1,0,0,1,1,0,1,11,1,6.333,1
0.0,188.1,1,1,167292841.0,1,1,0,0,0,0,1,0,0,0,4,2,100.0,0
1941417.0,357069.35,1,0,1941417.0,0,1,1,1,0,1,0,0,0,1,14,5,1941.417,1
0.0,1380271.2,2,2,627396.0,1,2,0,0,0,1,1,1,0,0,4,3,100.0,0
7464.0,1400.0,3,0,7464.0,0,3,0,1,1,1,1,1,0,1,12,3,7.464,1
0.0,360.3,1,1,165291.0,1,1,0,0,0,1,1,0,0,0,10,3,50.0,0
517169.0,94814.316667,1,0,517169.0,0,1,1,1,0,0,1,0,0,1,10,4,100.0,1
0.0,11706.2,1,1,1774540.0,1,1,0,0,0,0,0,0,0,1,2,1,177454.0,1
0.0,268.4,4,4,7363216.0,1,4,0,0,0,0,1,1,0,0,15,2,100.0,0
346749885.0,63570812.25,1,0,346749885.0,0,1,0,1,0,0,1,0,0,1,23,2,100.0,1
920.2,1014.42,1,1,21720655.0,1,1,0,0,0,0,1,0,1,0,8,2,10.0,0
0.0,4222.9,1,1,298048379.0,1,1,0,1,0,0,0,0,0,1,4,2,298048.379,0
0.0,1.1,1,1,49336.0,1,1,0,0,0,0,1,0,0,0,10,2,1.0,0
0.0,1.1,1,1,8151576.0,1,1,0,0,0,0,0,0,0,1,3,3,815157.6,0
1306.0,263.633333,1,0,1306.0,0,1,1,1,0,1,1,0,0,1,14,2,1.306,0
0.0,508532644.4,2,2,231151202.0,1,2,0,0,0,1,1,1,0,0,9,6,1000.0,0
19002136.0,3483724.933333,1,0,19002136.0,0,1,0,0,0,0,1,0,0,1,7,3,10.0,1
31802042.0,4240272.266667,1,0,31802042.0,0,1,0,0,0,0,0,0,0,0,27,0,31802042.0,1
267282384.1,51324060.443333,1,0,266437915.0,0,1,0,1,0,0,0,0,1,1,17,4,266437.915,1
45406801.0,46664.933333,5,4,45406801.0,0,5,0,1,0,0,0,1,0,1,18,3,45406.801,1
4610.2,5072.32,1,1,249886.0,1,1,0,0,0,0,1,0,1,0,7,1,10.0,0
50369.0,9312.616667,1,0,50369.0,0,1,0,1,0,1,1,0,0,1,5,5,50.369,1
0.0,2680162553.2,2,2,1218255706.0,1,2,0,0,0,0,1,1,0,0,13,3,200.0,0
773885323.0,141878975.883333,1,0,773885323.0,0,1,1,1,1,0,1,0,0,1,24,0,10.0,1
156278292.0,28653997.1,5,0,156278292.0,0,5,0,1,0,1,0,1,0,1,26,5,156278.292,1
3675785.0,690959.116667,1,0,3675785.0,0,1,0,1,0,1,1,0,0,1,5,3,10.0,1
114349.0,20963.983333,1,0,114349.0,0,1,0,1,0,0,0,0,0,1,4,5,114.349,1
12440.0,2280.666667,3,1,12440.0,0,3,0,1,0,0,1,1,0,1,8,1,10.0,1
0.0,2898143113.8,3,3,878225186.0,1,3,0,0,0,1,1,1,0,0,2,3,10.0,0
80186150.0,14703226.966667,3,0,80186150.0,0,3,0,1,0,1,0,1,0,1,23,7,80186.15,1
0.0,464039133.8,2,2,210926879.0,1,2,0,1,0,0,1,1,0,1,17,2,1000.0,1
58277000.0,10684235.766667,6,2,58277000.0,0,6,0,1,0,1,0,1,0,1,8,7,58277.0,1
0.0,119.6,2,2,545005.0,1,2,0,0,0,1,0,1,0,0,10,1,54500.5,0
7814582.0,1432675.366667,8,4,7814582.0,0,8,1,1,0,1,1,1,0,1,9,7,20.0,1
25467.0,4669.15,1,0,25467.0,0,1,1,1,0,1,1,0,0,1,14,3,10.0,1
351684.0,64508.1,1,0,351684.0,0,1,0,1,0,1,0,0,0,1,17,4,351.684,1
233452705.0,42799701.983333,7,3,233452705.0,0,7,0,1,0,1,0,1,0,1,27,8,233452.705,1
2239.8,2468.18,1,1,280281.0,1,1,0,0,0,0,1,0,1,0,5,1,10.0,0
619651.2,9428368.62,1,1,7951593.0,1,1,1,0,0,0,0,0,1,0,6,3,795159.3,1
18361437.0,2448191.6,1,0,18361437.0,0,1,0,0,0,0,0,0,0,0,12,2,1836143.7,0
5086443.0,933060.65,1,0,5086443.0,0,1,1,1,0,1,0,0,0,1,10,1,5086.443,1
495229.0,65644.233333,2,1,495229.0,0,2,0,0,0,1,1,1,0,0,18,6,100.0,1
0.0,123.2,4,4,153547.0,1,4,0,0,0,0,0,1,0,0,13,3,15354.7,0
5397435.0,936462.514021,1,0,5397435.0,0,1,0,0,0,1,0,0,0,0,37,0,5397435.0,1
124267247.0,16568966.266667,3,0,124267247.0,0,3,0,0,0,0,1,1,0,0,23,4,100.0,1
54217.9,60475.69,1,1,3258122.0,1,1,0,0,0,0,1,0,1,0,5,3,10.0,0
108158816.2,16480943.253333,1,0,107263265.0,0,1,0,0,0,0,0,0,1,0,8,1,10726326.5,1
0.0,1.1,1,1,42600022.0,1,1,0,0,0,0,1,0,0,0,8,2,1.0,0
0.0,242.0,1,1,93049922.0,1,1,0,0,0,0,1,0,0,0,3,3,50.0,0
0.0,12494553.5,1,1,11358685.0,1,1,0,0,0,0,1,0,0,0,11,1,1.0,0
8770117.0,1169348.933333,1,0,8770117.0,0,1,0,0,0,0,1,0,0,0,16,3,100.0,1
470765.0,87290.016667,1,0,470765.0,0,1,0,0,0,1,1,0,0,1,20,3,10.0,1
0.0,1453.5,4,4,872617035.0,1,4,0,1,0,1,1,1,0,1,8,1,10.0,0
0.0,6.0,1,1,1027612.0,1,1,0,0,0,1,1,0,0,0,8,1,50.0,0
0.0,1.1,1,1,9362978.0,1,1,0,0,0,0,1,0,0,0,1,2,1.0,0
0.0,5079592.1,1,1,4617811.0,1,1,0,0,0,0,1,0,0,0,11,1,1.0,0
3035891.5,7086725.983333,1,0,661293.0,0,2,0,1,0,0,0,1,1,1,18,5,661.293,1
0.0,10.2,3,3,750583664.0,1,3,0,0,0,1,0,1,0,0,5,4,75058366.4,0
0.0,40044768.5,1,1,36404335.0,1,1,0,1,0,1,0,0,0,1,10,5,36404.335,1
0.0,43.8,1,1,43584.0,1,1,0,0,0,1,1,0,0,0,15,4,20.0,0
316620847.0,1908.3,5,4,316620847.0,0,5,0,0,0,1,0,1,0,0,12,2,31662084.7,0
0.0,498.3,1,1,111432002.0,1,1,0,0,0,0,0,0,0,0,14,2,11143200.2,0
52480478.6,15863709.426667,1,0,50210620.0,0,2,1,1,0,1,0,1,1,1,4,3,50210.62,1
0.0,1.1,1,1,273594840.0,1,1,0,0,0,0,1,0,0,0,9,1,1.0,0
0.0,1196312321.6,2,2,543778328.0,1,2,1,0,0,1,1,1,0,0,13,3,200.0,0
0.0,52566.8,1,1,47788.0,1,1,0,0,0,1,1,0,0,0,11,4,100.0,0
0.0,7.7,1,1,66941322.0,1,1,0,0,0,0,1,0,0,0,5,4,200.0,0
1178096.0,215986.266667,7,2,1178096.0,0,7,1,1,0,1,1,1,0,1,22,5,20.0,1
0.0,178080619.2,8,8,20236434.0,1,8,1,1,0,1,1,1,0,1,10,3,10.0,1
2110593.0,387101.95,1,0,2110593.0,0,1,0,1,0,1,0,0,0,1,18,2,2110.593,1
0.0,1.1,1,1,5943521.0,1,1,0,0,0,0,1,0,0,0,8,1,1.0,0
61084636.0,11198851.433333,5,1,61084636.0,0,5,0,1,0,1,1,1,0,1,9,6,20.0,1
0.0,105.6,3,3,139925993.0,1,3,0,0,0,0,1,1,0,0,13,2,20.0,0
1071817.0,196511.983333,1,0,1071817.0,0,1,0,1,0,1,1,0,0,1,4,4,1000.0,1
0.0,8368.55,2,2,45615.0,1,2,0,1,1,1,1,1,0,1,13,2,10.0,1
0.0,87251731.6,4,4,19829939.0,1,4,0,0,0,1,1,1,0,0,12,3,100.0,0
5579305.0,1022882.583333,8,5,5579305.0,0,8,0,1,0,1,1,1,0,1,14,1,100.0,1
0.0,5954.3,1,1,5413.0,1,1,0,0,0,0,1,0,0,0,12,2,1.0,0
7478888.0,1371179.466667,1,0,7478888.0,0,1,0,1,0,1,1,0,0,1,20,5,10.0,1
0.0,17839.8,2,2,8109.0,1,2,1,1,0,0,1,1,0,1,12,4,8.109,1
4687089.0,585743.566667,5,1,4687089.0,0,5,0,0,0,0,0,1,0,0,19,7,468708.9,1
425291440.0,77970098.333333,3,1,425291440.0,0,3,1,1,0,1,1,1,0,1,26,1,10.0,1
0.0,8.4,1,1,13649.0,1,1,0,0,0,1,1,0,0,0,9,4,50.0,0
908218.0,107148.8,2,1,908218.0,0,2,0,0,0,1,1,1,0,0,4,3,10.0,1
28918.0,5301.633333,4,2,28918.0,0,4,1,1,1,0,0,1,0,1,10,4,28.918,1
2509757.0,339164.466667,1,0,2509757.0,0,1,0,0,0,1,1,0,0,0,13,4,10.0,1
0.0,6415.45,2,2,34989.0,1,2,1,1,0,1,1,1,0,1,9,0,10.0,1
0.0,1.1,1,1,373321.0,1,1,0,0,0,0,1,0,0,0,9,1,1.0,0
0.0,6.0,1,1,4344674.0,1,1,0,0,0,1,1,0,0,0,4,2,100.0,0
0.0,18.7,1,1,105720530.0,1,1,0,0,0,0,0,0,0,1,1,2,10572053.0,0
21444.0,3931.8,4,2,21444.0,0,4,1,1,0,1,0,1,0,1,7,4,21.444,1
6228956.0,1141976.266667,6,1,6228956.0,0,6,1,1,0,1,1,1,0,1,9,2,10.0,1
0.0,101734507.6,4,4,23121479.0,1,4,0,0,0,1,0,1,0,0,9,5,2312147.9,0
0.0,37035.9,3,3,11223.0,1,3,0,1,0,1,1,1,0,1,15,4,11.223,1
226.9,250.69,1,1,3246982.0,1,1,0,0,0,0,1,0,1,0,5,2,100.0,0
623985182.0,83198024.266667,1,0,623985182.0,0,1,0,0,0,0,0,0,0,0,19,3,62398518.2,1
0.0,378333406.0,5,5,68787892.0,1,5,0,1,0,1,1,1,0,1,26,3,100.0,1
16606862.0,3044591.366667,1,0,16606862.0,0,1,0,1,0,0,0,0,0,1,16,4,16606.862,1
30868.7,34087.57,1,1,65401.0,1,1,0,0,0,0,1,0,1,0,5,1,10.0,0
0.0,2.3,2,2,184436760.0,1,2,0,0,0,1,1,1,0,0,15,3,20.0,0
235024650.0,43087980.0,1,0,235024650.0,0,1,0,1,0,1,0,0,0,1,19,4,235024.65,1
5094373.0,933969.383333,6,2,5094373.0,0,6,0,1,0,1,1,1,0,1,4,3,10.0,1
25482603.0,4671810.55,1,0,25482603.0,0,1,0,1,0,0,0,0,0,1,8,5,25482.603,1
31225623.0,7354718.05,1,0,29743790.0,0,2,1,1,0,1,0,1,1,1,11,3,29743.79,1
3704305.0,679184.983333,1,0,3704305.0,0,1,0,0,0,1,0,0,0,1,10,3,370430.5,1
4168823.0,555843.066667,1,0,4168823.0,0,1,0,0,0,0,0,0,0,0,11,4,416882.3,0
739366.0,135550.433333,1,0,739366.0,0,1,0,0,0,0,0,0,0,1,12,5,73936.6,1
0.0,8.4,1,1,12885394.0,1,1,0,0,0,1,1,0,0,0,4,1,50.0,0
29663.0,33663.3,1,1,6444689.0,1,1,0,0,0,0,1,0,1,0,10,3,100.0,0
1010609.0,185278.316667,1,0,1010609.0,0,1,0,1,0,0,0,0,0,1,14,3,1010.609,1
0.0,468.6,1,1,460889162.0,1,1,0,1,0,0,1,0,0,1,12,3,50.0,0
195026504.0,35754859.066667,1,0,195026504.0,0,1,0,1,0,0,0,0,0,1,5,3,195026.504,1
0.0,901.0,3,3,440734194.0,1,3,0,0,0,1,0,1,0,0,16,4,44073419.4,0
1047669.7,4263266.37,1,1,2828027.0,1,1,0,1,0,1,0,0,1,1,8,5,2828.027,1
0.0,3.4,3,3,1007620086.0,1,3,0,0,0,1,1,1,0,0,2,2,10.0,0
721308317.0,132239858.216667,1,0,721308317.0,0,1,1,1,0,1,0,0,0,1,9,5,721308.317,1
0.0,556.5,1,1,101067498.0,1,1,0,0,0,1,1,0,0,0,12,3,10.0,0
12455894.0,2283580.566667,1,0,12455894.0,0,1,1,1,0,0,0,0,0,1,5,0,124558.94,1
133249.0,24429.183333,1,0,133249.0,0,1,0,1,0,1,1,0,0,1,8,4,10.0,1
0.0,1.1,1,1,103179013.0,1,1,0,0,0,0,1,0,0,0,10,1,1.0,0
0.0,12.566667,1,1,56.0,1,1,0,1,0,1,1,0,0,1,4,3,0.056,0
0.0,73.6,2,2,728511703.0,1,2,0,0,0,1,1,1,0,0,15,1,10.0,0
0.0,13129802.4,3,3,3978728.0,1,3,0,1,0,1,1,1,0,1,18,7,100.0,1
0.0,1.1,1,1,83242.0,1,1,0,0,0,0,0,0,0,1,1,1,8324.2,0
14436032.0,2646615.866667,4,3,14436032.0,0,4,1,1,0,1,1,1,0,1,19,2,100.0,1
0.0,4064.5,1,1,3695.0,1,1,0,0,0,0,0,0,0,0,4,2,369.5,0
236824.0,260506.4,1,0,236824.0,0,1,0,0,0,0,1,0,0,0,2,0,1000.0,1
0.0,76.9,1,1,387300.0,1,1,0,0,0,1,1,0,0,0,5,4,10.0,0
0.0,521.5,1,1,9762729.0,1,1,0,0,0,1,1,0,0,0,12,3,100.0,0
0.0,94.8,1,1,3088328.0,1,1,0,0,0,1,0,0,0,0,2,4,308832.8,0
7945503.0,1456676.55,5,2,7945503.0,0,5,0,1,0,1,1,1,0,1,12,1,10.0,1
49251436.0,9029429.933333,3,1,49251436.0,0,3,0,1,0,0,1,1,0,1,30,1,100.0,1
0.0,1.1,1,1,8615.0,1,1,0,0,0,0,0,0,0,0,8,2,861.5,0
0.0,20198.2,1,1,1523539.0,1,1,0,0,0,0,0,0,0,1,1,1,152353.9,1
0.0,2.4,1,1,96087.0,1,1,0,0,0,1,1,0,0,0,13,2,20.0,0
0.0,23.1,1,1,68483024.0,1,1,0,0,0,0,0,0,0,1,4,2,6848302.4,0
0.0,225663094.8,4,4,51287067.0,1,4,1,1,0,1,1,1,0,1,19,5,1000.0,1
13203224.0,2420592.466667,1,0,13203224.0,0,1,0,1,0,1,1,0,0,1,16,4,100.0,1
0.0,1.1,1,1,847939.0,1,1,0,0,0,0,0,0,0,0,7,1,84793.9,0
3278886.0,539894.508259,1,0,3278886.0,0,1,0,0,0,1,0,0,0,0,25,2,327888.6,1
0.0,15.6,1,1,9243341.0,1,1,0,0,0,1,1,0,0,0,2,1,50.0,0
2603848.0,479028.733333,1,0,2603848.0,0,1,0,1,0,1,1,0,0,1,10,2,100.0,1
0.0,191.933333,1,1,1012.0,1,1,1,1,0,1,1,0,0,1,7,4,1.012,0
209554999.0,27940666.533333,1,0,209554999.0,0,1,0,0,0,0,0,0,0,0,15,1,20955499.9,1
59540.0,10945.866667,1,0,59540.0,0,1,0,1,0,1,1,0,0,1,8,1,59.54,1
3670166.0,1945536.066667,1,0,2513193.0,0,1,0,1,0,1,1,0,1,1,15,3,100.0,1
0.0,1.1,1,1,8037.0,1,1,0,0,0,0,0,0,0,0,5,1,803.7,0
267458624.0,46339155.133333,4,3,267458624.0,0,4,0,1,0,0,1,1,0,1,10,2,1000.0,1
0.0,64410401.0,1,1,58554910.0,1,1,0,0,0,0,1,0,0,0,8,1,1.0,0
12517128.9,12140011.49,1,0,8937263.0,0,2,0,1,0,1,0,1,1,1,10,2,8937.263,1
0.0,1.1,1,1,10227412.0,1,1,0,0,0,0,0,0,0,0,4,2,1022741.2,0
0.0,8983455.8,1,1,8166778.0,1,1,0,0,0,1,1,0,0,1,14,5,10.0,1
0.0,275920585.6,4,4,62709224.0,1,4,0,0,0,0,0,1,0,0,7,3,6270922.4,0
163095578.0,21761233.266667,3,2,163095578.0,0,3,0,0,0,0,1,1,0,0,10,4,10.0,1
0.0,116.6,1,1,7861748.0,1,1,0,0,0,0,1,0,0,0,9,4,20.0,0
0.0,9.2,2,2,10738035.0,1,2,0,0,0,1,0,1,0,0,8,4,1073803.5,0
0.0,1.1,1,1,80026.0,1,1,0,0,0,0,1,0,0,0,1,2,1.0,0
3921.6,4351.16,1,1,40818.0,1,1,0,0,0,0,0,0,1,0,4,1,4081.8,0
0.0,671325364.6,1,1,610295786.0,1,1,0,1,0,1,0,0,0,1,24,1,610295.786,1
7545258.0,1384961.6,1,0,7545258.0,0,1,0,1,0,1,1,0,0,1,3,2,100.0,1
22308889.0,4090349.483333,1,0,22308889.0,0,1,0,1,0,1,0,0,0,1,13,4,22308.889,1
208474158.0,38220272.3,5,2,208474158.0,0,5,0,1,0,1,1,1,0,1,9,1,100.0,1
3281170.8,1143783.83,1,0,3084003.0,0,2,0,1,0,1,0,1,1,1,13,5,3084.003,1
0.0,1098.9,1,1,65482406.0,1,1,0,0,0,0,1,0,0,0,16,2,50.0,0
0.0,330.0,3,3,580590680.0,1,3,0,0,0,0,1,1,0,0,11,2,200.0,0
0.0,4.6,2,2,196709989.0,1,2,0,0,0,1,0,1,0,0,17,1,19670998.9,0
54416705.0,583.333333,5,4,54416705.0,0,5,0,0,0,0,1,1,0,0,5,1,10.0,0
0.0,736176470.7,1,1,669251337.0,1,1,0,0,0,1,0,0,0,0,8,1,66925133.7,0
0.0,34.0,1,1,169184078.0,1,1,0,0,0,1,1,0,0,0,5,2,10.0,0
18927989.0,2833472.323178,1,0,18927989.0,0,1,0,0,0,1,0,0,0,0,18,4,1892798.9,1
0.0,1.1,1,1,29251.0,1,1,0,0,0,0,1,0,0,0,11,1,1.0,0
1599771.0,294366.25,8,5,1599771.0,0,8,0,1,0,1,0,1,0,1,27,7,1599.771,1
28948694.6,5428545.226667,1,0,28904626.0,0,1,1,1,0,1,0,0,1,1,7,1,28904.626,1
83479.0,15304.483333,1,0,83479.0,0,1,0,1,0,0,1,0,0,1,12,2,83.479,1
0.0,4074.4,1,1,3704.0,1,1,0,0,0,0,1,0,0,0,7,1,1.0,0
0.0,1575698547.5,5,5,286490645.0,1,5,1,1,0,1,0,1,0,1,9,3,286490.645,1
0.0,46.2,1,1,195893939.0,1,1,0,0,0,0,1,0,0,0,6,2,100.0,0
0.0,107.8,2,2,292112.0,1,2,0,0,0,0,0,1,0,0,3,4,29211.2,0
51844761.0,9504872.85,5,1,51844761.0,0,5,0,1,0,0,1,1,0,1,16,2,10.0,1
0.0,839.2,1,1,99295313.0,1,1,0,0,0,1,1,0,0,0,14,2,10.0,0
152132623.0,27890980.983333,1,0,152132623.0,0,1,1,1,0,1,1,0,0,1,3,3,10.0,1
164631775.0,30182492.083333,4,1,164631775.0,0,4,0,1,0,0,1,1,0,1,8,2,20.0,1
41865044.0,7675258.066667,1,0,41865044.0,0,1,1,1,0,0,0,0,0,1,7,0,418650.44,1
0.0,90.933333,1,1,496.0,1,1,0,1,0,0,1,0,0,1,9,1,0.496,0
32405.0,5941.316667,3,1,32405.0,0,3,0,1,1,1,1,1,0,1,5,2,10.0,1
0.0,26.4,1,1,10128.0,1,1,0,0,0,1,1,0,0,0,10,2,50.0,0
0.0,1.1,1,1,172519244.0,1,1,0,0,0,0,0,0,0,0,3,1,17251924.4,0
0.0,782445912.6,2,2,355657233.0,1,2,0,0,0,0,1,1,0,0,4,3,50.0,0
0.0,45174.8,1,1,41068.0,1,1,0,0,0,1,1,0,0,0,5,1,50.0,1
0.0,2520.1,1,1,9817527.0,1,1,0,0,0,0,0,0,0,1,1,1,981752.7,1
0.0,17007.1,1,1,288674.0,1,1,0,0,0,0,0,0,0,1,1,1,28867.4,1
321086.0,58865.766667,1,0,321086.0,0,1,0,0,0,0,1,0,0,1,11,0,1000.0,1
0.0,553.3,1,1,412583918.0,1,1,0,1,0,0,1,0,0,1,3,3,50.0,0
63478.4,69870.24,1,1,11008.0,1,1,0,0,0,0,1,0,1,0,6,2,100.0,0
0.0,227.7,1,1,797614168.0,1,1,0,1,0,0,0,0,0,1,6,1,797614.168,0
576090287.0,105620053.616667,5,1,576090287.0,0,5,0,1,0,1,0,1,0,1,30,5,576090.287,1
326523429.0,59862628.65,1,0,326523429.0,0,1,1,1,1,0,1,0,0,1,17,0,10.0,1
0.0,11.0,1,1,14336.0,1,1,0,0,0,0,0,0,0,1,4,2,1433.6,0
2582833.7,750889.186667,1,0,2481972.0,0,2,0,1,0,0,0,1,1,1,17,1,2481.972,1
0.0,25633.3,1,1,23303.0,1,1,0,0,0,1,1,0,0,0,13,2,20.0,0
558.6,617.76,1,1,17951144.0,1,1,0,0,0,0,1,0,1,0,5,2,100.0,0
0.0,28.6,1,1,495208.0,1,1,0,0,0,0,0,0,0,1,1,1,49520.8,0
0.0,1.1,1,1,435122.0,1,1,0,0,0,0,0,0,0,0,6,1,43512.2,0
0.0,223928.1,1,1,203571.0,1,1,0,0,0,1,1,0,0,1,2,4,1000.0,1
1269.0,232.65,4,1,1269.0,0,4,0,1,0,0,1,1,0,1,8,4,1.269,0
0.0,79306615.3,1,1,72096923.0,1,1,0,0,0,0,1,0,0,0,2,1,1.0,0
1604871.2,3030446.686667,1,0,609882.0,0,2,0,1,0,0,0,1,1,1,15,2,609.882,1
0.0,13.8,2,2,5839265.0,1,2,0,0,0,1,1,1,0,0,5,2,20.0,0
8470.9,10288.19,1,1,22885435.0,1,1,0,0,0,0,1,0,1,0,5,3,10.0,0
0.0,42.0,1,1,271540.0,1,1,0,0,0,1,1,0,0,0,5,1,50.0,0
0.0,1.1,1,1,8788.0,1,1,0,0,0,0,0,0,0,0,1,1,878.8,0
0.0,26952948.0,3,3,8167560.0,1,3,0,1,0,0,1,1,0,1,2,2,1000.0,1
0.0,171.6,3,3,1949200.0,1,3,0,0,0,0,0,1,0,0,12,2,194920.0,0
0.0,237.6,4,4,1853786392.0,1,4,0,1,0,0,0,1,0,1,3,4,1853786.392,0
0.0,1544.4,4,4,1914706.0,1,4,0,0,0,0,1,1,0,0,11,4,20.0,0
1478926.0,271136.433333,1,0,1478926.0,0,1,0,1,0,0,1,0,0,1,14,0,1000.0,1
7235493.0,964732.4,1,0,7235493.0,0,1,0,0,0,0,0,0,0,0,33,4,723549.3,1
13156296.0,458817.35,2,1,13156296.0,0,2,1,1,0,1,1,1,0,1,19,2,10.0,1
62287403.0,11419357.216667,1,0,62287403.0,0,1,0,1,1,0,0,0,0,1,20,5,62287.403,1
428671865.0,78590155.316667,4,1,428671865.0,0,4,0,1,0,1,0,1,0,1,11,8,428671.865,1
0.0,1.1,1,1,390640204.0,1,1,0,0,0,0,1,0,0,0,5,2,1.0,0
0.0,2.2,1,1,64066417.0,1,1,0,1,0,0,1,0,0,1,14,2,10.0,0
42822040.0,1002.1,6,5,42822040.0,0,6,1,1,0,0,0,1,0,1,14,7,42822.04,0
0.0,1330453.3,1,1,1209503.0,1,1,1,1,1,1,0,0,0,1,25,5,1209.503,1
0.0,2828140110.4,2,2,1285518232.0,1,2,0,0,0,1,0,1,0,0,3,2,128551823.2,0
0.0,2581342296.5,5,5,469334963.0,1,5,0,0,0,1,1,1,0,0,23,1,100.0,1
6047.0,1109.116667,2,0,6047.0,0,2,0,1,0,1,0,1,0,1,10,3,6.047,1
0.0,252.8,2,2,37738.0,1,2,0,0,0,1,1,1,0,0,11,4,20.0,0
56916.0,7572.9,2,1,56916.0,0,2,0,0,0,1,0,1,0,0,19,6,5691.6,1
8729.0,1600.316667,3,1,8729.0,0,3,1,1,0,0,1,1,0,1,9,3,8.729,1
0.0,1.1,1,1,6986722.0,1,1,0,0,0,0,1,0,0,0,8,2,1.0,0
0.0,61.2,3,3,872166654.0,1,3,0,0,0,1,1,1,0,0,8,4,10.0,0
112750436.0,5720416.233333,4,3,112750436.0,0,4,0,0,0,1,1,1,0,0,15,4,100.0,1
794277.0,145617.45,1,0,794277.0,0,1,0,1,0,0,1,0,0,1,19,3,794.277,1
131720954.0,17562793.866667,1,0,131720954.0,0,1,0,0,0,0,0,0,0,0,35,3,13172095.4,1
14599556.0,22353.233333,5,3,14599556.0,0,5,0,0,0,0,0,1,0,0,23,7,1459955.6,1
107.3,121.33,1,1,25561.0,1,1,0,0,0,0,1,0,1,0,4,2,100.0,0
5827686.0,777024.8,1,0,5827686.0,0,1,0,0,0,0,0,0,0,0,32,1,582768.6,1
12578734.0,2306103.233333,4,0,12578734.0,0,4,1,1,0,1,1,1,0,1,12,6,20.0,1
6990537.0,932071.6,1,0,6990537.0,0,1,0,0,0,0,1,0,0,0,20,3,10.0,1
0.0,57874588.2,1,1,52613262.0,1,1,1,1,0,1,0,0,0,1,6,3,52613.262,1
0.0,17722353.0,1,1,16111230.0,1,1,0,0,0,1,1,0,0,0,10,1,20.0,0
0.0,58.8,1,1,94990.0,1,1,0,0,0,1,1,0,0,0,15,1,100.0,0
11250.0,2068.1,4,1,11250.0,0,4,1,1,0,1,0,1,0,1,14,2,11.25,1
0.0,1.1,1,1,823365.0,1,1,0,0,0,0,1,0,0,0,5,1,1.0,0
107278632.0,19667762.8,2,0,107278632.0,0,2,0,1,0,1,0,1,0,1,17,5,107278.632,1
0.0,1.2,1,1,24154648.0,1,1,0,0,0,1,1,0,0,0,4,3,10.0,0
255737.3,281314.33,1,1,48334.0,1,1,0,0,0,0,0,0,1,0,9,2,4833.4,0
0.0,365.2,4,4,525710844.0,1,4,0,0,0,0,1,1,0,0,18,3,200.0,0
23581.7,26803.37,1,1,42296.0,1,1,0,0,0,0,1,0,1,0,3,2,10.0,0
0.0,1.1,1,1,363379.0,1,1,0,0,0,0,0,0,0,0,4,1,36337.9,0
0.0,3797655.4,1,1,3452414.0,1,1,0,0,0,1,0,0,0,0,17,4,345241.4,1
0.0,140.3,2,2,899087.0,1,2,0,0,0,1,1,1,0,0,19,1,100.0,0
420185033.0,77033923.716667,4,1,420185033.0,0,4,0,1,0,1,1,1,0,1,26,6,10.0,1
21363540.0,3599126.542052,1,0,21363540.0,0,1,0,0,0,1,0,0,0,0,23,1,2136354.0,1
0.0,334.4,1,1,87096.0,1,1,0,0,0,0,0,0,0,1,3,2,8709.6,0
14269835.1,7573941.26,1,0,12466998.0,0,1,0,1,0,1,1,0,1,1,5,4,100.0,1
6472.0,1218.733333,3,0,6472.0,0,3,0,1,0,1,1,1,0,1,8,1,6.472,1
242980470.0,44546419.6,1,0,242980470.0,0,1,0,1,0,1,1,0,0,1,12,4,100.0,1
7982.0,1463.966667,4,1,7982.0,0,4,0,1,1,1,1,1,0,1,11,3,7.982,1
0.0,37139.3,1,1,33763.0,1,1,0,0,0,0,0,0,0,0,11,2,3376.3,0
0.0,1.1,1,1,239564.0,1,1,0,0,0,0,0,0,0,0,8,1,23956.4,0
1016359.0,135514.933333,1,0,1016359.0,0,1,0,0,0,1,1,0,0,0,3,5,100.0,1
0.0,5.5,1,1,5323872.0,1,1,0,0,0,0,0,0,0,1,2,1,532387.2,0
0.0,168.3,3,3,1108698803.0,1,3,0,0,0,0,0,1,0,0,8,1,110869880.3,0
0.0,1.1,1,1,2277.0,1,1,0,0,0,0,1,0,0,0,12,1,1.0,0
0.0,1.1,1,1,49552286.0,1,1,0,0,0,0,1,0,0,0,4,1,1.0,0
3239.2,3690.72,1,1,4687602.0,1,1,0,0,0,0,0,0,1,0,6,2,468760.2,0
223212671.0,40922323.016667,3,0,223212671.0,0,3,0,1,0,0,0,1,0,1,17,4,223212.671,1
329.3,1601.93,1,1,6265285.0,1,1,0,0,0,0,1,0,1,0,5,1,100.0,0
0.0,7683.083333,2,2,41773.0,1,2,0,1,0,1,1,1,0,1,15,3,41.773,1
5685528.9,1144090.34,1,0,5649504.0,0,2,0,1,0,1,0,1,1,1,10,2,5649.504,1
0.0,496.7,1,1,55236301.0,1,1,0,0,0,1,1,0,0,0,4,1,50.0,0
121272.0,133399.2,1,0,121272.0,0,1,0,0,0,1,0,0,0,1,12,0,121272.0,1
11246.0,12535.6,1,1,20045039.0,1,1,0,0,0,0,0,0,1,0,3,3,2004503.9,0
4397943.0,806313.15,7,1,4397943.0,0,7,1,1,0,1,0,1,0,1,10,1,4397.943,1
0.0,1.1,1,1,3402.0,1,1,0,0,0,0,1,0,0,0,2,1,1.0,0
0.0,660.0,4,4,56804007.0,1,4,0,0,0,0,0,1,0,0,5,1,5680400.7,0
9212057.0,1688955.916667,1,0,9212057.0,0,1,0,1,0,1,0,0,0,1,8,5,9212.057,1
2698138.2,526652.57,1,0,2686541.0,0,2,1,1,0,1,0,1,1,1,13,2,2686.541,1
0.0,557.7,3,3,169809664.0,1,3,0,0,0,0,1,1,0,0,11,5,20.0,0
0.0,534.6,1,1,43114.0,1,1,0,0,0,0,1,0,0,0,8,2,20.0,0
0.0,246.1,2,2,29037479.0,1,2,0,0,0,1,0,1,0,0,19,2,2903747.9,0
0.0,7306.2,1,1,255991.0,1,1,0,0,0,0,0,0,0,1,2,2,25599.1,1
0.0,190.8,1,1,149962.0,1,1,0,0,0,1,0,0,0,0,4,3,14996.2,0
0.0,732.4,4,4,120418937.0,1,4,0,0,0,1,1,1,0,0,10,4,20.0,0
0.0,1.1,1,1,403994.0,1,1,0,0,0,0,1,0,0,0,7,1,1.0,0
0.0,6121.5,1,1,445785.0,1,1,0,0,0,0,0,0,0,1,4,3,44578.5,1
5233912.0,960720.033333,1,0,5233912.0,0,1,0,1,0,1,1,0,0,1,9,0,100.0,1
418664665.0,35932.95,5,4,418664665.0,0,5,1,1,0,1,1,1,0,1,4,4,100.0,0
240.0,269.5,1,1,279664.0,1,1,0,0,0,0,1,0,1,0,3,2,100.0,0
0.0,1.1,1,1,3021523.0,1,1,0,0,0,0,1,0,0,0,3,1,1.0,0
48273159.5,14503453.566667,1,0,46217402.0,0,2,1,1,0,1,0,1,1,1,5,4,46217.402,1
4560860.0,836242.666667,1,0,4560860.0,0,1,0,1,0,1,0,0,0,1,16,0,45608.6,1
0.0,37.2,1,1,6620801.0,1,1,0,0,0,1,0,0,0,0,4,3,662080.1,0
0.0,6498576.7,1,1,5907797.0,1,1,0,0,0,0,1,0,0,1,17,4,1000.0,1
2179.5,3545.85,1,1,32585.0,1,1,0,0,0,0,1,0,1,0,10,3,10.0,0
0.0,1599.766667,2,2,8726.0,1,2,0,1,0,0,0,1,0,1,6,4,8.726,1
4170769.4,797917.156667,1,0,4158669.0,0,1,0,1,0,0,0,0,1,1,11,0,41586.69,1
5353676.0,981507.266667,1,0,5353676.0,0,1,0,0,0,0,0,0,0,1,13,2,535367.6,1
0.0,188518335.5,5,5,34276061.0,1,5,0,0,0,1,1,1,0,0,7,4,100.0,0
0.0,1.1,1,1,501758.0,1,1,0,0,0,0,1,0,0,0,2,2,1.0,0
0.0,306898709.7,3,3,92999609.0,1,3,0,0,0,1,1,1,0,0,14,2,20.0,0
0.0,850.0,3,3,786705.0,1,3,0,0,0,1,0,1,0,0,18,2,78670.5,0
12782163.0,2343398.55,8,1,12782163.0,0,8,1,1,0,1,1,1,0,1,8,8,20.0,1
0.0,261.6,2,2,211305.0,1,2,0,0,0,1,1,1,0,0,12,2,20.0,0
127572502.0,23028445.9,4,3,127572502.0,0,4,1,1,0,1,1,1,0,1,7,5,10.0,1
60644.0,11118.666667,4,1,60644.0,0,4,1,1,0,1,1,1,0,1,10,2,10.0,1
0.0,8668.0,4,4,1701152545.0,1,4,0,0,0,0,1,1,0,0,11,6,10.0,0
0.0,3309301.6,2,2,1504228.0,1,2,0,1,0,1,1,1,0,1,24,4,1000.0,1
35177303.0,6449172.216667,8,2,35177303.0,0,8,0,1,0,0,1,1,0,1,6,8,100.0,1
92995693.0,25458409.383333,1,0,85351508.0,0,2,1,1,0,1,0,1,1,1,13,0,853515.08,1
1248621.0,228913.85,1,0,1248621.0,0,1,0,0,0,0,1,0,0,1,6,2,10.0,1
23344623.0,3112983.8,2,0,23344623.0,0,2,0,0,0,1,1,1,0,0,14,3,1000.0,1
3323237.0,461655.427508,1,0,3323237.0,0,1,0,0,0,1,0,0,0,0,11,0,3323237.0,1
0.0,6.8,3,3,1312884195.0,1,3,1,0,0,1,1,1,0,0,7,2,200.0,0
0.0,1.1,1,1,26785752.0,1,1,0,0,0,0,1,0,0,0,6,2,1.0,0
0.0,261047.6,1,1,237316.0,1,1,0,0,0,1,1,0,0,0,9,1,50.0,0
0.0,1.1,1,1,23497.0,1,1,0,0,0,0,1,0,0,0,7,1,1.0,0
0.0,1.1,1,1,4167.0,1,1,0,0,0,0,1,0,0,0,12,1,1.0,0
201405335.0,36924321.416667,3,1,201405335.0,0,3,0,1,0,1,1,1,0,1,26,7,100.0,1
14578.0,2676.233333,4,3,14578.0,0,4,0,1,0,1,1,1,0,1,15,0,100.0,1
0.0,85.8,1,1,200668143.0,1,1,0,0,0,0,0,0,0,1,4,2,20066814.3,0
0.0,1.1,1,1,102572514.0,1,1,0,0,0,0,0,0,0,0,2,2,10257251.4,0
28428266.0,5745611.116667,1,0,28234173.0,0,2,0,1,0,1,0,1,1,1,19,2,28234.173,1
0.0,7130946033.200001,4,4,1620669553.0,1,4,0,0,0,0,1,1,0,0,18,4,10.0,0
0.0,732.7,1,1,96249.0,1,1,0,0,0,1,1,0,0,0,10,2,100.0,0
0.0,1.1,1,1,799827.0,1,1,0,0,0,0,1,0,0,0,8,1,1.0,0
2108514.0,386561.9,3,1,2108514.0,0,3,1,1,0,1,1,1,0,1,6,3,10.0,1
0.0,7.2,1,1,228856198.0,1,1,0,0,0,1,1,0,0,0,5,4,200.0,0
0.0,393820172.9,1,1,358018339.0,1,1,0,0,0,0,0,0,0,1,1,1,35801833.9,0
0.0,491.7,3,3,14668035.0,1,3,0,0,0,0,0,1,0,0,11,1,1466803.5,0
170625.0,31281.25,1,0,170625.0,0,1,0,1,0,0,0,0,0,1,19,1,170.625,1
24179890.0,3710469.903827,1,0,24179890.0,0,1,0,0,0,1,0,0,0,0,37,4,2417989.0,1
33025249.0,34377.966667,4,3,33025249.0,0,4,0,0,0,1,1,1,0,0,15,6,100.0,1
51669657.0,9233499.8,1,0,49546305.0,0,2,0,0,0,1,0,1,1,0,7,0,49546305.0,1
0.0,174452.3,1,1,158593.0,1,1,0,0,0,0,0,0,0,1,4,3,15859.3,0
52384208.0,4501184.533333,6,1,52384208.0,0,6,0,0,0,0,0,1,0,0,17,7,5238420.8,1
0.0,119.0,3,3,715815313.0,1,3,0,0,0,1,1,1,0,0,12,1,50.0,0
0.0,3.6,1,1,1872721.0,1,1,0,0,0,1,0,0,0,0,13,4,187272.1,0
11545567.0,5278.95,4,3,11545567.0,0,4,0,1,0,1,0,1,0,1,7,5,11545.567,1
138231471.0,25342446.35,6,2,138231471.0,0,6,0,1,0,1,1,1,0,1,13,7,100.0,1
0.0,145.1,1,1,31420.0,1,1,0,0,0,1,1,0,0,0,9,3,10.0,0
0.0,77.0,1,1,693349991.0,1,1,0,0,0,0,0,0,0,0,5,1,69334999.1,0
0.0,19.8,2,2,23273359.0,1,2,0,0,0,0,1,1,0,0,16,4,20.0,0
0.0,1.1,1,1,542472.0,1,1,0,0,0,0,1,0,0,0,9,1,1.0,0
927641454.0,170067764.2,1,0,927641454.0,0,1,0,1,0,1,0,0,0,1,22,0,9276414.54,1
0.0,341949.3,1,1,310863.0,1,1,0,0,0,0,1,0,0,0,8,1,1.0,0
0.0,1033.8,1,1,64981.0,1,1,0,0,0,1,1,0,0,0,15,1,20.0,1
0.0,1.1,1,1,52409296.0,1,1,0,0,0,0,1,0,0,0,9,1,1.0,0
0.0,63.0,4,4,1658252487.0,1,4,0,1,0,1,0,1,0,1,18,1,1658252.487,0
32305060.0,30923.2,6,3,32305060.0,0,6,0,0,0,0,0,1,0,0,7,6,3230506.0,1
53332881.0,9777694.85,1,0,53332881.0,0,1,1,1,0,0,1,0,0,1,9,2,100.0,1
0.0,12.0,1,1,856177.0,1,1,0,0,0,1,0,0,0,0,9,2,85617.7,0
161423.3,177804.33,1,1,501890.0,1,1,0,0,0,0,0,0,1,0,8,3,50189.0,0
0.0,62.7,1,1,63118.0,1,1,0,0,0,0,1,0,0,0,5,4,10.0,0
77567190.0,14220654.4,1,0,77567190.0,0,1,0,1,0,1,1,0,0,1,17,3,10.0,1
0.0,1402561734.2,2,2,637528061.0,1,2,1,1,0,1,1,1,0,1,4,5,10.0,0
0.0,6.6,3,3,613710720.0,1,3,0,0,0,0,1,1,0,0,12,6,50.0,0
3726216.0,683139.6,1,0,3726216.0,0,1,0,1,0,0,1,0,0,1,4,1,10.0,1
13995.0,2565.75,4,2,13995.0,0,4,1,1,0,0,0,1,0,1,10,1,13.995,1
65349947.0,11980824.616667,3,1,65349947.0,0,3,1,1,0,1,0,1,0,1,30,7,65349.947,1
14329946.0,2627157.366667,1,0,14329946.0,0,1,0,1,0,1,1,0,0,1,7,0,10.0,1
0.0,616.0,2,2,542502224.0,1,2,0,1,0,0,1,1,0,1,12,3,200.0,0
0.0,22.0,1,1,10838.0,1,1,0,0,0,0,0,0,0,1,1,3,1083.8,0
0.0,29.7,3,3,904894823.0,1,3,0,0,0,0,1,1,0,0,2,2,10.0,0
0.0,61.2,3,3,2182760797.0,1,3,0,0,0,1,1,1,0,0,18,3,50.0,0
0.0,771.8,3,3,858299.0,1,3,0,0,0,1,0,1,0,0,13,1,85829.9,1
0.0,24.2,1,1,13689296.0,1,1,0,0,0,0,0,0,0,1,3,2,1368929.6,0
15729667.0,2097288.933333,1,0,15729667.0,0,1,0,0,0,0,0,0,0,0,35,0,15729667.0,1
0.0,1173119.2,1,1,1066472.0,1,1,0,0,0,0,0,0,0,1,4,2,106647.2,0
424837035.0,77886978.15,6,3,424837035.0,0,6,0,1,0,1,0,1,0,1,29,8,424837.035,1
24051.0,4416.05,1,0,24051.0,0,1,1,1,0,1,1,0,0,1,10,4,10.0,1
0.0,1.1,1,1,40345.0,1,1,0,0,0,0,1,0,0,0,12,1,1.0,0
42482753.0,7788506.716667,3,2,42482753.0,0,3,0,1,0,1,1,1,0,1,17,7,20.0,1
357.8,2632895.98,1,1,2393184.0,1,1,0,0,0,0,1,0,1,0,2,1,10.0,0
324891931.0,59563520.683333,8,3,324891931.0,0,8,0,1,0,0,1,1,0,1,13,3,100.0,1
0.0,21107.9,1,1,21050.0,1,1,0,0,0,0,0,0,0,1,1,2,2105.0,1
458926057.0,84137158.883333,1,0,458926057.0,0,1,1,1,0,1,1,0,0,1,16,4,10.0,1
0.0,1988.8,1,1,1808.0,1,1,0,0,0,0,0,0,0,0,1,2,180.8,0
2509513.0,460077.383333,4,1,2509513.0,0,4,0,1,0,0,1,1,0,1,10,5,20.0,1
52897213.0,11635.25,4,3,52897213.0,0,4,0,1,0,0,1,1,0,1,4,5,100.0,0
0.0,7890.3,3,3,1226885774.0,1,3,0,0,0,0,0,1,0,0,12,1,122688577.4,0
40413265.0,25267.666667,5,4,40413265.0,0,5,0,0,0,1,1,1,0,0,9,3,100.0,0
0.0,88259803.5,5,5,16047237.0,1,5,0,0,0,1,0,1,0,0,5,5,1604723.7,0
0.0,4724.5,1,1,4295.0,1,1,0,0,0,0,1,0,0,0,7,1,1.0,0
0.0,4959.9,1,1,39711744.0,1,1,0,0,0,0,0,0,0,1,2,2,3971174.4,0
253.8,451.88,1,1,26292068.0,1,1,0,0,0,0,1,0,1,0,3,3,100.0,0
0.0,8.8,4,4,588896865.0,1,4,0,0,0,0,1,1,0,0,3,6,50.0,0
65051081.0,11926032.516667,7,3,65051081.0,0,7,1,1,0,1,1,1,0,1,22,3,10.0,1
0.0,29.9,2,2,1270502961.0,1,2,0,1,0,1,1,1,0,1,5,4,50.0,0
0.0,13.8,2,2,701073046.0,1,2,0,0,0,1,1,1,0,0,14,3,50.0,0
0.0,40386284.4,1,1,36714804.0,1,1,0,1,0,0,0,0,0,1,3,3,36714.804,0
0.0,4413.2,4,4,1003.0,1,4,1,1,0,1,0,1,0,1,4,1,1.003,0
196377225.0,36002545.95,1,0,196377225.0,0,1,0,1,0,1,1,0,0,1,13,1,10.0,1
0.0,132.6,3,3,8575155.0,1,3,0,0,0,1,0,1,0,0,11,2,857515.5,0
0.0,61.95,1,1,321.0,1,1,1,1,0,1,1,0,0,1,4,1,0.321,0
0.0,1.1,1,1,1763957.0,1,1,0,0,0,0,0,0,0,0,10,1,176395.7,0
218.0,40.066667,1,0,218.0,0,1,0,1,0,1,1,0,0,1,10,0,2.18,0
0.0,1833.7,1,1,414976965.0,1,1,0,0,0,0,0,0,0,0,16,4,41497696.5,0
16431.0,54222.3,3,0,16431.0,0,3,0,1,0,0,1,1,0,1,12,0,100.0,1
0.0,130.9,1,1,5195194.0,1,1,0,0,0,0,1,0,0,0,3,2,20.0,0
7851.5,28384.95,1,1,17953.0,1,1,0,0,0,0,0,0,1,0,9,2,1795.3,0
1535073.0,281431.05,3,1,1535073.0,0,3,1,1,0,1,1,1,0,1,16,6,10.0,1
0.0,191.4,2,2,1311234221.0,1,2,0,1,0,0,0,1,0,1,18,4,1311234.221,0
0.0,2523.4,1,1,3499256.0,1,1,0,0,0,0,0,0,0,1,2,2,349925.6,1
1795.0,5923.5,3,0,1795.0,0,3,0,1,0,1,0,1,0,1,9,0,17.95,1
5248981.0,962314.783333,1,0,5248981.0,0,1,1,1,0,1,1,0,0,1,4,0,100.0,1
785296.0,104706.133333,1,0,785296.0,0,1,0,0,0,0,1,0,0,0,14,0,100.0,1
22678.0,4158.233333,3,2,22678.0,0,3,1,1,1,1,0,1,0,1,3,3,22.678,1
0.0,1.1,1,1,616022.0,1,1,0,0,0,0,0,0,0,0,1,1,61602.2,0
481087357.0,88199417.283333,1,0,481087357.0,0,1,1,1,0,1,1,0,0,1,14,5,100.0,1
0.0,74.8,2,2,168640.0,1,2,0,0,0,0,1,1,0,0,15,2,20.0,0
12069.1,16308018.21,1,1,7406701.0,1,2,1,1,0,1,0,1,1,1,11,4,7406.701,1
0.0,29.7,3,3,162332832.0,1,3,0,0,0,0,1,1,0,0,15,4,100.0,0
0.0,10.8,1,1,838856901.0,1,1,0,0,0,1,1,0,0,0,15,5,50.0,0
64173116.0,11765072.666667,4,0,64173116.0,0,4,1,1,0,1,0,1,0,1,13,5,64173.116,1
1249725.0,229118.25,4,0,1249725.0,0,4,0,1,0,1,1,1,0,1,25,2,20.0,1
0.0,503694.4,1,1,457904.0,1,1,0,0,0,1,1,0,0,0,6,4,1000.0,1
0.0,1.1,1,1,1761.0,1,1,0,0,0,0,1,0,0,0,10,1,1.0,0
726552.0,133201.3,1,0,726552.0,0,1,0,1,1,1,0,0,0,1,23,3,726.552,1
17089972.0,17603.4,6,3,17089972.0,0,6,0,0,0,0,0,1,0,0,23,5,1708997.2,1
549983.0,77973.766667,1,0,549983.0,0,1,0,0,0,1,1,0,0,0,10,1,1000.0,1
282403693.0,51774010.383333,6,3,282403693.0,0,6,0,1,0,0,1,1,0,1,13,5,10.0,1
150804.0,20107.2,1,0,150804.0,0,1,0,0,0,0,1,0,0,0,18,0,100.0,1
301871297.0,40249506.266667,1,0,301871297.0,0,1,0,0,0,0,0,0,0,0,14,1,30187129.7,0
97661133.3,18332008.53,1,0,97505731.0,0,2,0,1,0,1,0,1,1,1,14,4,97505.731,1
0.0,1.1,1,1,321075.0,1,1,0,0,0,0,1,0,0,0,5,1,1.0,0
220.8,91377.88,1,1,82850.0,1,1,0,0,0,0,1,0,1,0,7,1,100.0,1
530.2,1128.82,1,1,4740586.0,1,1,0,0,0,0,1,0,1,0,5,1,10.0,0
0.0,42.9,3,3,1265385811.0,1,3,0,0,0,0,1,1,0,0,4,2,10.0,0
0.0,260040360.8,4,4,59100082.0,1,4,0,1,0,0,1,1,0,1,14,4,10.0,0
0.0,27891.6,2,2,12678.0,1,2,1,1,0,1,1,1,0,1,13,1,10.0,1
4040.0,740.966667,2,1,4040.0,0,2,1,1,0,1,1,1,0,1,9,1,4.04,1
1397.0,256.216667,3,1,1397.0,0,3,1,1,0,1,1,1,0,1,5,1,1.397,0
0.0,2.2,1,1,16769.0,1,1,0,0,0,0,1,0,0,0,6,2,10.0,0
17825.0,3268.016667,3,2,17825.0,0,3,1,1,0,1,0,1,0,1,4,3,17.825,1
0.0,1389.8,1,1,293541285.0,1,1,0,0,0,1,0,0,0,0,8,4,29354128.5,0
0.0,15.6,1,1,16383.0,1,1,0,0,0,1,0,0,0,0,11,2,1638.3,0
831780.0,152493.0,1,0,831780.0,0,1,0,1,0,0,1,0,0,1,5,1,100.0,1
0.0,28.6,1,1,78311367.0,1,1,0,0,0,0,1,0,0,0,10,6,200.0,0
3204.0,615.2,2,0,3204.0,0,2,0,1,0,1,0,1,0,1,12,1,3.204,1
0.0,105.6,4,4,314751.0,1,4,0,0,0,0,1,1,0,0,19,1,100.0,0
26410143.0,4841860.55,7,3,26410143.0,0,7,0,1,0,1,1,1,0,1,16,6,10.0,1
0.0,72.6,2,2,5399793.0,1,2,0,0,0,0,0,1,0,0,14,5,539979.3,0
0.0,90.0,1,1,497921702.0,1,1,0,0,0,1,1,0,0,0,12,2,50.0,0
40669033.0,5422537.733333,1,0,40669033.0,0,1,0,0,0,0,0,0,0,0,29,1,4066903.3,0
0.0,417.5,1,1,44542359.0,1,1,0,0,0,1,1,0,0,0,2,1,50.0,0
0.0,3.4,3,3,615645887.0,1,3,0,1,0,1,0,1,0,1,13,2,615645.887,0
3977418.0,729240.5,8,2,3977418.0,0,8,1,1,0,1,0,1,0,1,26,2,3977.418,1
10935340.0,2004812.733333,1,0,10935340.0,0,1,1,1,0,1,1,0,0,1,4,2,10.0,1
2548282.0,467191.733333,4,2,2548282.0,0,4,1,1,0,1,1,1,0,1,29,8,100.0,1
0.0,523.6,4,4,8928207.0,1,4,0,0,0,0,1,1,0,0,8,3,100.0,0
0.0,326.6,2,2,102567109.0,1,2,0,0,0,1,0,1,0,0,20,4,10256710.9,0
7227.0,1325.75,4,1,7227.0,0,4,0,1,0,1,1,1,0,1,5,1,7.227,1
297759448.0,11945855.716667,5,4,297759448.0,0,5,0,1,0,0,1,1,0,1,5,2,100.0,1
106834885.0,10962274.4,5,3,106834885.0,0,5,1,1,0,0,1,1,0,1,16,4,100.0,1
262822.1,289175.81,1,1,39835.0,1,1,0,0,0,0,1,0,1,0,6,3,10.0,0
0.0,2.2,1,1,552699.0,1,1,0,0,0,0,0,0,0,1,1,1,55269.9,0
0.0,50.6,2,2,8373928.0,1,2,0,0,0,1,1,1,0,0,10,4,100.0,0
0.0,2.4,1,1,9798565.0,1,1,0,0,0,1,1,0,0,0,13,2,20.0,0
0.0,418.0,4,4,58014408.0,1,4,0,0,0,0,0,1,0,0,7,4,5801440.8,0
0.0,4247.1,1,1,177541.0,1,1,0,1,0,0,0,0,0,1,2,3,177.541,1
2145.0,393.45,1,0,2145.0,0,1,0,1,1,1,0,0,0,1,5,4,2.145,1
3513741.0,644186.85,7,3,3513741.0,0,7,1,1,0,1,1,1,0,1,27,2,10.0,1
46430559.0,8512279.15,4,2,46430559.0,0,4,0,1,0,1,1,1,0,1,29,4,100.0,1
0.0,96.7,1,1,10964.0,1,1,0,0,0,1,1,0,0,0,12,1,10.0,0
1701185.0,436967.116667,1,0,1587473.0,0,1,0,1,0,0,0,0,1,1,18,1,1587.473,1
0.0,41.7,1,1,176321260.0,1,1,0,0,0,1,1,0,0,0,15,1,10.0,0
18175466.0,2823.5,6,5,18175466.0,0,6,0,0,0,1,1,1,0,0,17,7,100.0,0
9937167.0,1821814.95,3,1,9937167.0,0,3,0,1,0,1,1,1,0,1,29,1,10.0,1
271159.0,52148.066667,2,1,271159.0,0,2,0,1,0,0,0,1,0,1,8,5,271.159,1
0.0,38.4,1,1,47125.0,1,1,0,0,0,1,1,0,0,0,9,3,100.0,0
0.0,9.9,3,3,1443385400.0,1,3,0,1,0,0,1,1,0,1,15,4,50.0,0
27775634.0,3703417.866667,1,0,27775634.0,0,1,0,0,0,0,0,0,0,0,36,1,2777563.4,1
0.0,3.3,3,3,96588503.0,1,3,0,0,0,0,1,1,0,0,7,4,100.0,0
3365031.0,617077.15,1,0,3365031.0,0,1,1,1,0,1,1,0,0,1,8,4,10.0,1
0.0,8.4,1,1,35170238.0,1,1,0,0,0,1,0,0,0,0,15,2,3517023.8,0
43773310.0,6896235.233333,1,0,42809861.0,0,1,0,0,0,0,0,0,1,0,20,1,4280986.1,1
212253.2,233481.82,1,1,40334155.0,1,1,0,0,0,0,1,0,1,0,3,1,10.0,0
0.0,1.1,1,1,12551.0,1,1,0,0,0,0,0,0,0,1,2,3,1255.1,0
231226707.0,36006897.983333,6,3,231226707.0,0,6,1,1,0,1,1,1,0,1,5,7,10.0,1
0.0,81.6,3,3,1583415203.0,1,3,0,1,0,1,1,1,0,1,13,1,10.0,0
75954.6,83924.06,1,1,54511.0,1,1,0,0,0,0,0,0,1,0,3,2,5451.1,0
0.0,2.2,2,2,281159137.0,1,2,0,0,0,0,1,1,0,0,9,5,10.0,0
938713.0,172097.383333,1,0,938713.0,0,1,0,1,0,0,0,0,0,1,15,3,938.713,1
14349698.0,2630788.066667,1,0,14349698.0,0,1,0,1,1,1,0,0,0,1,15,2,14349.698,1
0.0,612.0,1,1,3791060.0,1,1,0,0,0,1,0,0,0,0,7,2,379106.0,0
0.0,3129.5,1,1,2845.0,1,1,0,0,0,0,1,0,0,0,8,2,1.0,0
69.0,13.05,1,0,69.0,0,1,1,1,0,1,0,0,0,1,3,0,0.69,0
5297844.0,971271.4,3,0,5297844.0,0,3,1,1,0,0,0,1,0,1,6,6,5297.844,1
0.0,946.0,4,4,1446181047.0,1,4,1,0,0,0,1,1,0,0,4,4,200.0,0
40637437.0,5543590.486395,1,0,40637437.0,0,1,0,0,0,1,0,0,0,0,19,0,40637437.0,1
3253360.0,598762.233333,1,0,3253360.0,0,1,0,1,1,1,0,0,0,1,25,0,32533.6,1
17104.1,18872.81,1,1,47035092.0,1,1,0,0,0,0,1,0,1,0,3,1,100.0,0
48161468.5,105573389.35,1,0,47814340.0,0,2,0,0,0,0,0,1,1,0,7,0,47814340.0,1
0.0,1222.1,1,1,116015445.0,1,1,0,0,0,0,1,0,0,0,2,4,20.0,0
0.0,93.5,1,1,85.0,1,1,0,1,0,1,1,0,0,1,13,2,0.085,0
308195648.0,1035.733333,6,4,308195648.0,0,6,0,0,0,0,0,1,0,0,15,3,30819564.8,0
394.0,80.133333,3,1,394.0,0,3,0,1,0,1,1,1,0,1,3,1,0.394,0
0.0,865.5,5,5,126544496.0,1,5,0,0,0,1,1,1,0,0,16,5,20.0,0
5035426.0,669271.366667,3,2,5035426.0,0,3,0,0,0,1,0,1,0,0,6,5,503542.6,1
0.0,1266.6,2,2,841652501.0,1,2,0,0,0,1,1,1,0,0,9,5,10.0,0
0.0,158.4,1,1,58881.0,1,1,0,0,0,0,0,0,0,1,2,3,5888.1,0
2649.0,495.65,1,0,2649.0,0,1,1,1,0,1,0,0,0,1,6,4,2.649,1
0.0,13.2,1,1,308080140.0,1,1,0,1,0,0,0,0,0,1,4,1,308080.14,0
136020912.0,24937167.2,1,0,136020912.0,0,1,1,1,0,0,0,0,0,1,5,3,136020.912,1
0.0,148.5,3,3,87052694.0,1,3,0,0,0,0,1,1,0,0,4,5,100.0,0
0.0,185534.8,2,2,84334.0,1,2,0,0,0,1,0,1,0,0,10,4,8433.4,0
9539229.0,1748858.65,1,0,9539229.0,0,1,0,1,0,0,1,0,0,1,16,3,100.0,1
0.0,1765.4,1,1,98820.0,1,1,0,0,0,1,1,0,0,0,9,4,10.0,1
74480369.0,539590.516667,3,1,74480369.0,0,3,1,1,0,1,1,1,0,1,16,4,10.0,1
0.0,1.1,1,1,85937.0,1,1,0,0,0,0,1,0,0,0,12,1,1.0,0
7871.0,17316.2,2,0,7871.0,0,2,1,1,0,1,1,1,0,1,12,0,10.0,1
393498204.0,72141352.3,4,0,393498204.0,0,4,1,1,0,1,0,1,0,1,22,1,393498.204,1
0.0,13.2,1,1,1089731.0,1,1,0,0,0,0,1,0,0,0,13,3,50.0,0
593168.0,109113.966667,1,0,593168.0,0,1,1,1,0,1,1,0,0,1,23,1,10.0,1
79.0,22.383333,1,0,79.0,0,1,1,1,0,1,0,0,0,1,10,1,0.079,0
0.0,1.1,1,1,5216264.0,1,1,0,0,0,0,1,0,0,0,7,1,1.0,0
0.0,1846.9,1,1,663743069.0,1,1,0,1,0,0,0,0,0,1,16,4,663743.069,0
90406.5,99518.65,1,1,9050304.0,1,1,0,0,0,0,0,0,1,0,3,1,905030.4,0
153647.0,15460.966667,2,1,153647.0,0,2,0,0,0,0,1,1,0,0,21,3,100.0,1
25844330.0,32141509.566667,1,0,932181.0,0,2,0,1,0,1,1,1,1,1,3,4,100.0,1
0.0,6913271.2,1,1,6284792.0,1,1,0,0,0,0,1,0,0,0,11,3,20.0,0
0.0,8103723438.8,4,4,1841755327.0,1,4,0,0,0,1,0,1,0,0,12,4,184175532.7,0
30838.0,5674.633333,3,2,30838.0,0,3,0,1,0,1,0,1,0,1,7,0,308.38,1
20550895.0,3401694.8613,1,0,20550895.0,0,1,0,0,0,1,0,0,0,0,24,3,2055089.5,1
0.0,1.1,1,1,46414144.0,1,1,0,0,0,0,1,0,0,0,2,1,100.0,0
76391983.0,15486043.783333,1,0,75045760.0,0,1,1,1,0,1,0,0,1,1,16,2,75045.76,1
0.0,285.65,1,1,1551.0,1,1,1,1,0,1,1,0,0,1,6,4,1.551,0
464134167.0,88935388.804267,1,0,464134167.0,0,1,0,0,0,1,0,0,0,0,14,4,46413416.7,1
128.2,142.12,1,1,10032917.0,1,1,0,0,0,0,0,0,1,0,5,2,1003291.7,0
1993285.0,365435.583333,4,2,1993285.0,0,4,0,1,0,0,0,1,0,1,10,8,1993.285,1
12101939.0,1613591.866667,1,0,12101939.0,0,1,0,0,0,0,0,0,0,0,28,2,1210193.9,0
0.0,1.1,1,1,2743412.0,1,1,0,0,0,0,1,0,0,0,5,1,1.0,0
0.0,1.1,1,1,8858671.0,1,1,0,0,0,0,1,0,0,0,11,2,1.0,0
0.0,39.6,3,3,66871280.0,1,3,0,0,0,0,1,1,0,0,20,4,100.0,0
687807.0,126332.75,1,0,687807.0,0,1,0,1,0,1,1,0,0,1,4,5,10.0,1
5750458.4,2320396.206667,1,0,5290076.0,0,1,0,1,0,1,0,0,1,1,19,4,5290.076,1
0.0,1.1,1,1,11736.0,1,1,0,0,0,0,0,0,0,0,11,1,1173.6,0
0.0,48.3,2,2,193340773.0,1,2,0,0,0,1,1,1,0,0,12,1,100.0,0
29138.0,5357.666667,1,0,29138.0,0,1,1,1,0,1,0,0,0,1,9,1,29.138,1
1853742.0,339852.7,1,0,1853742.0,0,1,0,1,0,0,1,0,0,1,15,4,100.0,1
14817003.0,1975600.4,1,0,14817003.0,0,1,0,0,0,0,0,0,0,0,27,0,14817003.0,0
4907052.0,654273.6,1,0,4907052.0,0,1,0,0,0,0,0,0,0,0,2,5,490705.2,1
14099577.0,2584924.45,6,4,14099577.0,0,6,0,1,0,1,1,1,0,1,28,6,20.0,1
0.0,1.1,1,1,13968.0,1,1,0,0,0,0,1,0,0,0,1,2,1.0,0
75671157.0,778447.4,6,3,75671157.0,0,6,0,0,0,1,1,1,0,0,4,5,10.0,1
0.0,55.2,1,1,7775635.0,1,1,0,0,0,1,1,0,0,0,5,1,100.0,0
0.0,2.4,1,1,965386.0,1,1,0,0,0,1,1,0,0,0,9,3,10.0,0
47634552.0,8733313.3,1,0,47634552.0,0,1,1,1,0,1,0,0,0,1,5,4,47634.552,1
0.0,186.8,1,1,42421363.0,1,1,0,0,0,1,1,0,0,0,10,2,20.0,0
905.2,1044.12,1,1,2060609.0,1,1,0,0,0,0,1,0,1,0,4,3,10.0,0
0.0,30.0,1,1,17422.0,1,1,0,0,0,1,1,0,0,0,12,1,100.0,0
1465.2,1620.52,1,1,12613899.0,1,1,0,0,0,0,0,0,1,0,9,1,1261389.9,0
0.0,6.0,1,1,639039.0,1,1,0,0,0,1,1,0,0,0,8,1,20.0,0
0.0,1.1,1,1,6419179.0,1,1,0,0,0,0,1,0,0,0,11,2,1.0,0
2573.0,471.816667,2,0,2573.0,0,2,0,1,0,1,1,1,0,1,4,3,2.573,1
2880.0,530.2,2,0,2880.0,0,2,0,1,0,1,1,1,0,1,8,3,2.88,1
0.0,1302.4,1,1,277095.0,1,1,0,1,0,0,0,0,0,1,2,3,277.095,1
0.0,1070.3,1,1,17155471.0,1,1,0,1,0,0,0,0,0,1,2,3,17155.471,0
59143614.0,10843225.9,6,1,59143614.0,0,6,0,1,0,1,0,1,0,1,23,6,59143.614,1
524991.0,98766.15,1,0,524991.0,0,1,0,1,0,1,0,0,0,1,4,5,524.991,1
0.0,1155269.5,1,1,1050245.0,1,1,0,1,0,0,0,0,0,1,19,5,1050.245,1
401.0,73.716667,1,0,401.0,0,1,1,1,0,1,0,0,0,1,9,2,0.401,0
0.0,8.4,1,1,105667080.0,1,1,0,0,0,1,1,0,0,0,11,3,50.0,0
0.0,67.1,1,1,76811.0,1,1,0,0,0,0,0,0,0,1,3,3,7681.1,0
0.0,161162.1,3,3,48837.0,1,3,0,1,0,1,0,1,0,1,4,3,48.837,1
423339885.0,77612322.25,6,2,423339885.0,0,6,1,1,0,1,1,1,0,1,30,6,100.0,1
3076159.0,6841009.333333,1,0,793636.0,0,2,0,1,0,1,0,1,1,1,14,1,793.636,1
8190840.0,1433893.7,1,0,8042240.0,0,1,0,0,0,1,0,0,1,0,4,0,8042240.0,1
0.0,11.0,1,1,99082710.0,1,1,0,0,0,0,0,0,0,1,1,2,9908271.0,0
0.0,1.1,1,1,1448464.0,1,1,0,0,0,0,1,0,0,0,2,1,1.0,0
5110.0,937.533333,3,0,5110.0,0,3,1,1,1,1,1,1,0,1,15,3,5.11,1
0.0,1.1,1,1,37302.0,1,1,0,0,0,0,1,0,0,0,7,1,1.0,0
0.0,207.9,3,3,1013427603.0,1,3,0,1,0,0,1,1,0,1,15,6,50.0,0
13791.0,2528.35,1,0,13791.0,0,1,1,1,0,0,0,0,0,1,4,1,13.791,1
0.0,7513677.6,1,1,6830616.0,1,1,0,1,0,0,0,0,0,1,1,2,6830.616,1
0.0,10.2,3,3,196797757.0,1,3,0,0,0,1,0,1,0,0,3,5,19679775.7,0
132790242.0,24344887.7,8,2,132790242.0,0,8,0,1,0,1,1,1,0,1,27,3,100.0,1
0.0,208372797.6,2,2,94714908.0,1,2,0,0,0,1,1,1,0,0,11,3,100.0,0
0.0,1.1,1,1,4768357.0,1,1,0,0,0,0,1,0,0,0,12,1,1.0,0
3540302.0,477176.466667,2,1,3540302.0,0,2,1,1,0,1,0,1,0,1,22,4,3540.302,1
468.9,816.09,1,1,17109.0,1,1,0,0,0,0,1,0,1,0,9,3,100.0,0
19384621.0,2584616.133333,1,0,19384621.0,0,1,0,0,0,0,0,0,0,0,15,2,1938462.1,1
0.0,3.3,3,3,1160848346.0,1,3,0,0,0,0,1,1,0,0,15,4,10.0,0
26122.0,4789.033333,3,1,26122.0,0,3,0,1,0,0,1,1,0,1,11,3,26.122,1
0.0,1.1,1,1,229002.0,1,1,0,0,0,0,1,0,0,0,12,2,1.0,0
1899508.0,348265.833333,1,0,1899508.0,0,1,0,1,0,1,0,0,0,1,8,5,1899.508,1
0.0,3.3,3,3,126786887.0,1,3,0,0,0,0,1,1,0,0,16,5,100.0,0
0.0,49.5,3,3,571373492.0,1,3,1,0,0,0,0,1,0,0,2,3,57137349.2,0
85731370.0,15717417.833333,6,3,85731370.0,0,6,0,1,0,0,0,1,0,1,11,7,85731.37,1
0.0,80.3,1,1,24931.0,1,1,0,0,0,0,0,0,0,1,4,3,2493.1,0
0.0,4169.0,1,1,134407.0,1,1,0,0,0,0,0,0,0,1,3,3,13440.7,1
0.0,954.8,1,1,22338857.0,1,1,0,0,0,0,1,0,0,0,4,1,20.0,0
320.8,355.08,1,1,5511701.0,1,1,0,0,0,0,0,0,1,0,3,3,551170.1,0
118699666.0,21761611.333333,6,0,118699666.0,0,6,0,1,0,1,0,1,0,1,14,4,118699.666,1
27740.0,5085.766667,4,1,27740.0,0,4,1,1,0,1,1,1,0,1,12,0,100.0,1
0.0,200.2,1,1,68064246.0,1,1,0,0,0,0,0,0,0,0,10,5,6806424.6,0
1172092.0,214885.533333,4,0,1172092.0,0,4,1,1,0,1,1,1,0,1,19,1,20.0,1
1359.5,1591.15,1,1,2794048.0,1,1,0,0,0,0,0,0,1,0,3,1,279404.8,0
206956.0,27563.333333,2,1,206956.0,0,2,0,1,0,1,0,1,0,1,13,2,206.956,1
979115.0,179509.716667,1,0,979115.0,0,1,1,1,0,1,0,0,0,1,18,4,979.115,1
0.0,1.1,1,1,27820.0,1,1,0,0,0,0,1,0,0,0,3,1,1.0,0
0.0,986.1,1,1,114496512.0,1,1,0,1,0,1,0,0,0,1,18,5,114496.512,0
139546312.0,16738251.2,6,1,139546312.0,0,6,1,1,0,0,0,1,0,1,20,4,139546.312,1
1115246.0,204466.066667,1,0,1115246.0,0,1,0,1,0,1,0,0,0,1,11,5,1115.246,1
0.0,1924793.2,1,1,1749812.0,1,1,0,0,0,1,1,0,0,0,13,2,10.0,1
68299.0,12521.683333,1,0,68299.0,0,1,0,1,0,1,1,0,0,1,13,5,68.299,1
0.0,1600550186.4,6,6,242507604.0,1,6,1,1,0,0,1,1,0,1,7,3,100.0,1
0.0,16.1,2,2,26066184.0,1,2,0,0,0,1,0,1,0,0,11,1,2606618.4,0
52464.0,9670.0,1,0,52464.0,0,1,0,1,0,1,1,0,0,1,16,2,10.0,1
268804.0,49280.933333,1,0,268804.0,0,1,0,0,0,1,1,0,0,1,11,4,10.0,1
0.0,18.0,1,1,940519.0,1,1,0,0,0,1,1,0,0,0,10,4,100.0,0
316.0,449.9,1,1,1069184.0,1,1,0,0,0,0,1,0,1,0,10,1,100.0,0
0.0,429192574.8,3,3,130058356.0,1,3,0,0,0,0,1,1,0,0,11,2,100.0,0
0.0,227.266667,2,2,1238.0,1,2,1,1,0,1,0,1,0,1,3,1,1.238,0
0.0,840240.5,1,1,763855.0,1,1,0,1,0,0,0,0,0,1,3,1,763.855,0
9489.0,1751.85,3,1,9489.0,0,3,1,1,1,1,1,1,0,1,7,1,9.489,1
197509934.0,26334657.866667,1,0,197509934.0,0,1,0,0,0,0,0,0,0,0,21,0,197509934.0,0
0.0,675.2,3,3,24821640.0,1,3,0,0,0,1,1,1,0,0,20,2,20.0,0
0.0,82.5,1,1,631161.0,1,1,0,0,0,0,0,0,0,0,5,2,63116.1,0
560.0,103.966667,2,0,560.0,0,2,0,1,0,1,1,1,0,1,14,0,5.6,0
32039229.0,5707.366667,3,2,32039229.0,0,3,1,1,0,1,1,1,0,1,15,1,100.0,1
0.0,45.0,1,1,297567.0,1,1,0,0,0,1,1,0,0,0,4,3,10.0,0
0.0,1.1,1,1,2600893.0,1,1,0,0,0,0,0,0,0,0,3,1,260089.3,0
0.0,179.2,5,5,200451034.0,1,5,0,0,0,1,1,1,0,0,7,4,100.0,0
0.0,1.2,1,1,25578140.0,1,1,0,0,0,1,1,0,0,0,12,4,20.0,0
1792373.0,328602.716667,7,1,1792373.0,0,7,0,1,0,1,1,1,0,1,9,1,10.0,1
228813517.0,30508468.933333,1,0,228813517.0,0,1,0,0,0,0,0,0,0,0,11,1,22881351.7,1
0.0,24.0,1,1,560784.0,1,1,0,0,0,1,1,0,0,0,14,4,20.0,0
7567769.0,1387424.516667,1,0,7567769.0,0,1,0,0,0,1,0,0,0,1,15,0,7567769.0,1
38395.6,42262.66,1,1,6478712.0,1,1,0,0,0,0,1,0,1,0,9,3,100.0,0
128.1,2615911.21,1,1,2377973.0,1,1,0,0,0,0,1,0,1,0,7,1,100.0,0
0.0,857.816667,1,1,4679.0,1,1,1,1,0,0,0,0,0,1,9,4,4.679,1
3871096.0,516146.133333,1,0,3871096.0,0,1,0,0,0,0,0,0,0,0,20,4,387109.6,0
28174978.0,5165414.633333,7,0,28174978.0,0,7,1,1,0,1,1,1,0,1,27,4,20.0,1
0.0,1.2,1,1,3853456.0,1,1,0,0,0,1,1,0,0,0,6,2,100.0,0
245472661.0,942.8,5,4,245472661.0,0,5,0,0,0,0,1,1,0,0,10,3,1000.0,0
274417.0,50968.383333,1,0,274417.0,0,1,0,0,0,1,1,0,0,1,5,1,100.0,1
3046814.0,563885.366667,6,2,3046814.0,0,6,0,1,0,1,0,1,0,1,29,3,3046.814,1
684028.0,125405.133333,1,0,684028.0,0,1,1,1,0,0,0,0,0,1,24,4,684.028,1
2097810.0,308319.877241,1,0,2097810.0,0,1,0,0,0,1,0,0,0,0,27,4,209781.0,1
518914.0,95134.233333,1,0,518914.0,0,1,0,1,1,0,1,0,0,1,11,3,100.0,1
0.0,811.8,2,2,1157409.0,1,2,0,0,0,0,1,1,0,0,18,5,100.0,0
0.0,1857.9,3,3,428109005.0,1,3,0,0,0,0,1,1,0,0,6,6,50.0,0
133667.7,147035.57,1,1,15777.0,1,1,0,0,0,0,1,0,1,0,4,2,100.0,0
0.0,4.4,2,2,981190.0,1,2,0,0,0,0,1,1,0,0,5,5,20.0,0
13882.0,15495.7,1,1,21050399.0,1,1,0,0,0,0,0,0,1,0,10,1,2105039.9,0
1039.0,190.483333,2,0,1039.0,0,2,1,1,0,0,1,1,0,1,7,1,1.039,0
233297621.0,42771270.116667,6,4,233297621.0,0,6,0,1,0,1,0,1,0,1,29,5,233297.621,1
350344.0,53238.166667,2,1,350344.0,0,2,1,1,0,0,1,1,0,1,8,6,350.344,1
261945.0,35189.1,1,0,261945.0,0,1,0,0,0,1,1,0,0,0,10,5,1000.0,1
2861734.0,321305.066667,3,2,2861734.0,0,3,0,0,0,1,1,1,0,0,5,6,1000.0,1
0.0,273.9,3,3,29950729.0,1,3,0,0,0,0,0,1,0,0,3,1,2995072.9,0
563193.0,103252.95,1,0,563193.0,0,1,0,1,0,1,0,0,0,1,7,5,563.193,1
6237.0,1143.55,4,3,6237.0,0,4,1,1,0,1,0,1,0,1,3,3,6.237,1
9534544.0,1755975.316667,5,3,9534544.0,0,5,0,1,0,1,1,1,0,1,15,6,10.0,1
115583451.0,1148484.7,2,1,115583451.0,0,2,0,1,0,1,1,1,0,1,12,7,10.0,1
0.0,336.633333,2,2,1834.0,1,2,0,1,1,1,1,1,0,1,9,4,1.834,1
0.0,22874.5,1,1,20795.0,1,1,0,0,0,0,0,0,0,1,1,2,2079.5,0
0.0,77844.8,4,4,17692.0,1,4,0,1,1,1,0,1,0,1,10,3,17.692,1
0.0,96.8,4,4,732517602.0,1,4,0,0,0,0,1,1,0,0,10,5,200.0,0
24288.7,26748.37,1,1,169538.0,1,1,0,0,0,0,1,0,1,0,10,1,100.0,0
0.0,3854.2,1,1,21446.0,1,1,0,0,0,1,1,0,0,0,5,3,20.0,1
0.0,629.0,2,2,7156679.0,1,2,0,0,0,1,1,1,0,0,18,2,20.0,0
0.0,93997.2,4,4,21363.0,1,4,1,1,0,1,0,1,0,1,6,1,21.363,1
6324959.0,282602.233333,4,3,6324959.0,0,4,0,0,0,0,1,1,0,0,11,5,100.0,1
0.0,934301209.6,8,8,106170592.0,1,8,1,1,0,1,0,1,0,1,11,5,106170.592,1
420791.0,77145.016667,1,0,420791.0,0,1,0,1,0,0,1,0,0,1,11,4,100.0,1
0.0,1.1,1,1,360274.0,1,1,0,0,0,0,0,0,0,0,10,1,36027.4,0
253658842.0,46504132.533333,1,0,253658842.0,0,1,1,1,0,1,1,0,0,1,3,2,10.0,1
0.0,144350932.0,4,4,32807030.0,1,4,0,0,0,1,0,1,0,0,8,5,3280703.0,0
301.0,55.183333,1,0,301.0,0,1,1,1,0,0,1,0,0,1,11,0,3.01,0
0.0,126257881.2,1,1,114779892.0,1,1,1,1,0,1,0,0,0,1,23,5,114779.892,1
16681.0,3075.883333,4,1,16681.0,0,4,1,1,0,1,1,1,0,1,10,3,10.0,1
0.0,172.05,1,1,927.0,1,1,1,1,0,1,0,0,0,1,8,4,0.927,0
477291603.0,40002501.8,6,4,477291603.0,0,6,0,0,0,1,0,1,0,0,14,2,47729160.3,1
0.0,1050.5,5,5,209149.0,1,5,0,0,0,0,1,1,0,0,10,5,100.0,1
41307040.0,7572965.533333,4,2,41307040.0,0,4,0,1,0,1,1,1,0,1,29,6,100.0,1
0.0,509.6,5,5,61050981.0,1,5,0,0,0,1,1,1,0,0,19,2,100.0,0
0.0,1.1,1,1,3592.0,1,1,0,0,0,0,1,0,0,0,10,1,1.0,0
123188360.0,22584542.666667,8,5,123188360.0,0,8,0,1,0,1,1,1,0,1,24,7,100.0,1
0.0,129.8,2,2,241328419.0,1,2,0,0,0,0,0,1,0,0,8,2,24132841.9,0
0.0,4.8,1,1,288262655.0,1,1,0,0,0,1,1,0,0,0,7,3,10.0,0
482804582.0,81509341.503084,1,0,482804582.0,0,1,0,0,0,1,0,0,0,0,27,2,48280458.2,1
67101321.0,12302106.25,1,0,67101321.0,0,1,0,1,0,1,1,0,0,1,6,1,10.0,1
0.0,12.0,1,1,346993.0,1,1,0,0,0,1,1,0,0,0,9,4,50.0,0
0.0,10.8,1,1,18944.0,1,1,0,0,0,1,0,0,0,0,3,4,1894.4,0
72970484.0,2334050.866667,5,3,72970484.0,0,5,0,0,0,1,1,1,0,0,13,6,100.0,1
0.0,67.1,1,1,84053177.0,1,1,0,0,0,0,1,0,0,0,6,4,50.0,0
21619.0,3965.483333,3,0,21619.0,0,3,0,1,0,1,1,1,0,1,11,4,10.0,1
0.0,1307.9,1,1,249130606.0,1,1,0,0,0,0,0,0,0,1,4,2,24913060.6,0
338640857.0,62084157.516667,1,0,338640857.0,0,1,0,1,0,1,0,0,0,1,17,0,3386408.57,1
0.0,5.5,5,5,180648312.0,1,5,0,0,0,0,1,1,0,0,9,1,100.0,0
0.0,29.7,1,1,352648.0,1,1,0,0,0,0,0,0,0,1,4,3,35264.8,0
63560800.0,11652823.333333,6,1,63560800.0,0,6,0,1,0,1,1,1,0,1,28,2,100.0,1
0.0,588.5,1,1,37879.0,1,1,0,0,0,0,0,0,0,1,1,3,3787.9,0
0.0,5106.116667,3,3,27773.0,1,3,1,1,1,1,1,1,0,1,12,4,27.773,1
0.0,1.1,1,1,23099919.0,1,1,0,0,0,0,1,0,0,0,10,1,1.0,0
0.0,1.2,1,1,44200.0,1,1,0,0,0,1,1,0,0,0,13,1,10.0,0
53746221.0,9853480.65,1,0,53746221.0,0,1,1,1,0,1,0,0,0,1,19,0,537462.21,1
282237849.0,35852579.166667,6,1,282237849.0,0,6,0,0,0,0,0,1,0,0,17,4,28223784.9,1
616032.0,36973.0,2,1,616032.0,0,2,0,0,0,1,0,1,0,0,22,6,61603.2,1
0.0,264.0,2,2,1201760763.0,1,2,0,0,0,0,0,1,0,0,11,3,120176076.3,0
0.0,1.1,1,1,900431.0,1,1,0,0,0,0,1,0,0,0,6,1,50.0,0
30505540.0,4067405.333333,1,0,30505540.0,0,1,0,0,0,0,0,0,0,0,26,1,3050554.0,1
285506.0,38068.566667,1,0,285506.0,0,1,0,0,0,1,1,0,0,0,13,0,100.0,1
98293129.0,29094968.283333,1,0,88225346.0,0,2,1,1,0,0,0,1,1,1,5,2,88225.346,1
546745.0,100236.583333,1,0,546745.0,0,1,0,1,0,0,1,0,0,1,5,4,10.0,1
0.0,412.5,5,5,100875896.0,1,5,0,0,0,0,0,1,0,0,10,3,10087589.6,0
25343492.0,3379132.266667,1,0,25343492.0,0,1,0,0,0,0,0,0,0,0,34,4,2534349.2,0
0.0,200.0,1,1,149335758.0,1,1,0,0,0,1,1,0,0,0,10,3,20.0,0
585.0,115.15,2,1,585.0,0,2,0,1,0,1,1,1,0,1,9,3,0.585,0
0.0,13.1,1,1,1789861.0,1,1,0,0,0,1,1,0,0,0,14,2,10.0,0
0.0,485.1,1,1,23406343.0,1,1,0,0,0,0,0,0,0,1,2,2,2340634.3,0
0.0,639.0,4,4,799284185.0,1,4,0,1,0,1,1,1,0,1,8,3,10.0,0
4932739.0,904345.483333,8,3,4932739.0,0,8,1,1,0,1,1,1,0,1,22,8,100.0,1
0.0,2073735.4,1,1,1885214.0,1,1,0,0,0,1,1,0,0,0,11,1,50.0,0
536.0,98.366667,2,1,536.0,0,2,1,1,0,1,1,1,0,1,10,0,5.36,0
24577374.0,28670487.3,1,0,2614024.0,0,2,0,1,0,1,1,1,1,1,18,0,100.0,1
507648295.0,93070829.483333,1,0,507648295.0,0,1,0,1,0,1,1,0,0,1,5,0,10.0,1
0.0,58256.0,2,2,26480.0,1,2,0,1,0,1,0,1,0,1,10,2,26.48,1
0.0,20407.2,4,4,4638.0,1,4,1,1,0,0,1,1,0,1,3,3,4.638,1
1896621.0,1664622.0,1,0,1418024.0,0,2,0,1,0,1,1,1,1,1,11,0,100.0,1
0.0,993.3,3,3,1051978.0,1,3,0,0,0,0,1,1,0,0,14,2,100.0,0
22118903.0,138067.416667,5,1,22118903.0,0,5,1,1,0,0,0,1,0,1,19,4,22118.903,1
1736590.0,318374.833333,1,0,1736590.0,0,1,0,1,0,0,1,0,0,1,10,5,1000.0,1
0.0,39.6,1,1,76601847.0,1,1,0,0,0,1,1,0,0,0,13,1,10.0,0
0.0,1.1,1,1,78761.0,1,1,0,0,0,0,1,0,0,0,4,1,1.0,0
0.0,19236.8,1,1,17488.0,1,1,0,0,0,0,0,0,0,0,1,1,1748.8,0
0.0,2.4,1,1,900027.0,1,1,0,0,0,1,0,0,0,0,13,3,90002.7,0
0.0,2.3,2,2,145624547.0,1,2,0,0,0,1,1,1,0,0,9,5,20.0,0
0.0,3963.3,3,3,615405594.0,1,3,0,1,0,0,1,1,0,1,5,4,200.0,0
7936913.0,1099620.166667,1,0,7936913.0,0,1,0,0,0,1,0,0,0,0,17,1,793691.3,1
2770639.0,369418.533333,1,0,2770639.0,0,1,0,0,0,0,0,0,0,0,17,3,277063.9,0
0.0,1.1,1,1,51112302.0,1,1,0,0,0,0,1,0,0,0,3,1,1.0,0
0.0,9.9,1,1,11664053.0,1,1,0,0,0,0,0,0,0,1,4,2,1166405.3,0
23433.5,25313995.85,1,1,22989290.0,1,1,0,0,0,0,0,0,1,0,3,2,2298929.0,0
894560.0,164002.966667,1,0,894560.0,0,1,0,1,0,1,1,0,0,1,13,3,100.0,1
0.0,1.1,1,1,8162.0,1,1,0,0,0,0,1,0,0,0,9,1,1.0,0
0.0,1.1,1,1,11733307.0,1,1,0,0,0,0,0,0,0,0,8,1,1173330.7,0
0.0,648.6,2,2,1522136.0,1,2,0,0,0,1,0,1,0,0,11,4,152213.6,0
121347.0,16179.9,1,0,121347.0,0,1,0,0,0,1,1,0,0,0,3,0,10.0,1
25210.0,4622.033333,2,0,25210.0,0,2,0,1,0,1,0,1,0,1,9,2,25.21,1
976681710.0,179058313.5,1,0,976681710.0,0,1,0,1,0,0,1,0,0,1,15,3,10.0,1
0.0,199.2,1,1,15020992.0,1,1,0,0,0,1,0,0,0,0,15,1,1502099.2,0
57327137.0,8117537.778855,1,0,57327137.0,0,1,0,0,0,1,0,0,0,0,39,2,5732713.7,1
187768013.0,34424215.816667,4,3,187768013.0,0,4,0,1,0,1,0,1,0,1,30,5,187768.013,1
0.0,4.4,1,1,44067104.0,1,1,0,0,0,0,1,0,0,0,7,2,20.0,0
0.0,173.6,4,4,7203988.0,1,4,0,0,0,1,1,1,0,0,13,2,20.0,0
0.0,4.4,1,1,8285776.0,1,1,0,0,0,0,0,0,0,1,4,3,828577.6,0
579351441.0,106214505.45,5,2,579351441.0,0,5,0,1,0,1,0,1,0,1,28,8,579351.441,1
0.0,2.4,1,1,168370935.0,1,1,0,0,0,1,1,0,0,0,5,4,20.0,0
3063489.0,561639.65,4,1,3063489.0,0,4,0,1,0,0,0,1,0,1,10,5,3063.489,1
259546.8,9797733.88,1,1,8647484.0,1,1,0,0,0,0,1,0,1,0,2,3,10.0,0
0.0,3233869157.2,4,4,734970263.0,1,4,0,0,0,1,0,1,0,0,18,3,73497026.3,0
8372138.0,8242156.166667,1,0,2276585.0,0,2,0,1,0,1,0,1,1,1,6,4,2276.585,1
589108399.0,108003207.083333,6,3,589108399.0,0,6,1,1,0,1,0,1,0,1,26,6,589108.399,1
0.0,1130.6,3,3,9896945.0,1,3,0,0,0,1,1,1,0,0,8,3,20.0,0
11368979.0,2447664.616667,1,0,11038727.0,0,1,1,1,0,1,1,0,1,1,19,2,100.0,1
241.0,44.183333,1,0,241.0,0,1,1,1,0,0,1,0,0,1,6,1,0.241,0
19260476.0,3531087.766667,5,2,19260476.0,0,5,1,1,0,1,1,1,0,1,28,4,100.0,1
0.0,1.1,1,1,506123.0,1,1,0,0,0,0,1,0,0,0,10,1,1.0,0
0.0,1.1,1,1,4209.0,1,1,0,0,0,0,1,0,0,0,5,1,1.0,0
0.0,706024.0,1,1,641840.0,1,1,0,0,0,0,0,0,0,1,2,2,64184.0,1
0.0,291.6,1,1,493364309.0,1,1,0,1,0,1,0,0,0,1,14,4,493364.309,0
0.0,68.2,2,2,16718307.0,1,2,0,0,0,0,0,1,0,0,20,2,1671830.7,0
0.0,1695.1,1,1,1541.0,1,1,0,0,0,0,1,0,0,0,1,1,1.0,0
263510270.0,37391276.550479,1,0,263510270.0,0,1,0,0,0,1,0,0,0,0,35,2,26351027.0,1
86261354.0,11501513.866667,1,0,86261354.0,0,1,0,0,0,0,0,0,0,0,30,0,86261354.0,1
691471768.0,126769824.133333,1,0,691471768.0,0,1,0,1,1,0,1,0,0,1,25,5,10.0,1
35358170.0,6482332.566667,8,1,35358170.0,0,8,0,1,0,1,0,1,0,1,30,6,35358.17,1
64528.0,8603.733333,1,0,64528.0,0,1,0,0,0,0,1,0,0,0,3,2,10.0,1
460643789.0,84452072.716667,1,0,460643789.0,0,1,0,1,1,1,0,0,0,1,16,4,460643.789,1
0.0,15558719.0,1,1,14144290.0,1,1,0,0,0,0,0,0,0,1,3,1,1414429.0,0
0.0,66.0,1,1,38851536.0,1,1,0,0,0,0,0,0,0,1,1,3,3885153.6,0
0.0,1.1,1,1,46163.0,1,1,0,0,0,0,1,0,0,0,9,1,1.0,0
0.0,110287944.8,2,2,50130884.0,1,2,0,0,0,1,1,1,0,0,21,1,10.0,1
0.0,98.6,3,3,79499379.0,1,3,0,0,0,1,1,1,0,0,4,5,100.0,0
0.0,1.1,1,1,314159605.0,1,1,0,0,0,0,1,0,0,0,1,1,1.0,0
0.0,1684.7,1,1,1720621.0,1,1,0,0,0,1,1,0,0,0,9,4,50.0,1
0.0,76.5,4,4,805151022.0,1,4,0,0,0,1,1,1,0,0,15,3,200.0,0
32833452.0,6020955.8,8,3,32833452.0,0,8,0,1,0,1,0,1,0,1,27,8,32833.452,1
0.0,22143.0,1,1,20130.0,1,1,0,1,0,0,0,0,0,1,2,1,20.13,1
70989.0,13437.45,1,0,70989.0,0,1,0,1,0,1,1,0,0,1,13,0,709.89,1
3262421.0,598110.516667,1,0,3262421.0,0,1,1,1,0,0,1,0,0,1,20,3,100.0,1
0.0,1.1,1,1,2182.0,1,1,0,0,0,0,1,0,0,0,10,1,1.0,0
1857764.0,340590.066667,2,0,1857764.0,0,2,1,1,0,0,0,1,0,1,2,7,1857.764,1
1560893.0,286163.716667,1,0,1560893.0,0,1,0,1,0,0,1,0,0,1,18,5,100.0,1
822.9,923.89,1,1,80625.0,1,1,0,0,0,0,1,0,1,0,6,2,100.0,0
0.0,143779.9,1,1,130709.0,1,1,0,0,0,1,0,0,0,0,14,1,13070.9,1
7856.0,1440.966667,4,1,7856.0,0,4,0,1,0,1,1,1,0,1,3,0,10.0,1
0.0,45137.4,2,2,20517.0,1,2,1,1,0,1,1,1,0,1,9,3,20.517,1
0.0,73285529.9,1,1,66623209.0,1,1,0,0,0,0,0,0,0,0,3,2,6662320.9,0
0.0,3071.2,1,1,4047165.0,1,1,0,0,0,0,0,0,0,1,1,1,404716.5,1
0.0,4.5,4,4,18167884.0,1,4,0,0,0,1,1,1,0,0,8,3,20.0,0
14823518.0,2717644.966667,1,0,14823518.0,0,1,0,1,0,0,1,0,0,1,8,5,10.0,1
0.0,12.0,1,1,455205325.0,1,1,0,0,0,1,1,0,0,0,16,3,10.0,0
8564520.8,1175718.046667,1,0,8549833.0,0,2,0,0,0,0,1,1,1,0,8,1,100.0,1
0.0,6.9,2,2,7910671.0,1,2,0,0,0,1,1,1,0,0,16,4,20.0,0
22834.0,25617.9,1,1,212400.0,1,1,0,0,0,0,0,0,1,0,5,2,21240.0,0
0.0,6.9,2,2,81989.0,1,2,0,0,0,1,1,1,0,0,16,2,20.0,0
0.0,1016.6,3,3,568826716.0,1,3,1,1,0,1,1,1,0,1,15,6,10.0,0
3040585.0,405411.333333,1,0,3040585.0,0,1,0,0,0,0,0,0,0,0,22,2,304058.5,0
0.0,1637.9,1,1,28268.0,1,1,0,0,0,0,0,0,0,1,2,2,2826.8,1
0.0,782.0,1,1,12965879.0,1,1,0,0,0,1,1,0,0,0,12,2,10.0,0
17412.0,3192.3,3,1,17412.0,0,3,1,1,0,1,1,1,0,1,15,1,10.0,1
0.0,3.6,1,1,169974.0,1,1,0,0,0,1,1,0,0,0,5,1,20.0,0
0.0,207.0,2,2,1250534663.0,1,2,0,0,0,1,0,1,0,0,17,1,125053466.3,0
12706.0,2329.733333,1,0,12706.0,0,1,0,1,0,1,1,0,0,1,11,1,12.706,1
6682906.9,2865159.073333,1,0,6086558.0,0,1,1,1,0,0,1,0,1,1,12,0,100.0,1
307299192.0,56338187.2,6,4,307299192.0,0,6,0,1,0,1,1,1,0,1,29,2,20.0,1
53514758.0,61957484.6,1,1,1405114.0,1,2,1,0,0,0,1,1,1,0,14,2,100.0,1
245014377.0,44919303.15,1,0,245014377.0,0,1,0,1,0,1,1,0,0,1,15,3,100.0,1
0.0,1.1,1,1,397799877.0,1,1,0,0,0,0,0,0,0,0,10,1,39779987.7,0
0.0,17.6,2,2,2836023.0,1,2,0,0,0,0,0,1,0,0,6,5,283602.3,0
0.0,30.8,4,4,68816176.0,1,4,0,0,0,0,1,1,0,0,11,4,20.0,0
88146679.0,4231051.166667,3,1,88146679.0,0,3,0,1,0,1,0,1,0,1,13,6,88146.679,1
0.0,15.4,2,2,3089502.0,1,2,0,0,0,0,0,1,0,0,15,1,308950.2,0
0.0,557.7,3,3,527227379.0,1,3,0,0,0,0,1,1,0,0,14,3,200.0,0
130421993.0,23968890.395505,1,0,130421993.0,0,1,0,0,0,1,0,0,0,0,37,1,13042199.3,1
2931089.0,537366.316667,1,0,2931089.0,0,1,1,1,0,0,1,0,0,1,5,0,10.0,1
0.0,161.0,1,1,876.0,1,1,1,1,0,1,0,0,0,1,7,4,0.876,0
12933001.0,2371052.183333,6,2,12933001.0,0,6,0,1,0,1,1,1,0,1,23,7,20.0,1
65745805.0,2713447.733333,3,2,65745805.0,0,3,0,1,0,0,1,1,0,1,8,1,10.0,1
574496717.0,105324640.116667,1,0,574496717.0,0,1,0,1,0,1,1,0,0,1,7,1,100.0,1
27553270.0,3673769.333333,1,0,27553270.0,0,1,0,0,0,0,0,0,0,0,15,0,27553270.0,1
2187315.0,647628.05,1,0,1963119.0,0,1,1,1,0,1,0,0,1,1,11,1,1963.119,1
18072679.0,847282.15,5,3,18072679.0,0,5,1,1,0,0,0,1,0,1,2,6,18072.679,1
0.0,1.2,1,1,36714276.0,1,1,0,0,0,1,1,0,0,0,5,3,100.0,0
884944.0,162242.533333,1,0,884944.0,0,1,1,1,0,1,0,0,0,1,12,3,884.944,1
0.0,153.8,3,3,3198217.0,1,3,0,0,0,1,1,1,0,0,7,1,20.0,0
17347972.0,3182386.333333,8,3,17347972.0,0,8,0,1,0,1,0,1,0,1,11,6,17347.972,1
117398986.0,17569369.15,2,1,117398986.0,0,2,0,1,0,1,1,1,0,1,11,2,1000.0,1
3789579.0,505277.2,1,0,3789579.0,0,1,0,0,0,0,0,0,0,0,18,4,378957.9,1
0.0,11.2,5,5,198173119.0,1,5,0,0,0,1,1,1,0,0,8,5,100.0,0
32060.0,5879.566667,4,2,32060.0,0,4,0,1,0,1,1,1,0,1,6,1,10.0,1
0.0,1.1,1,1,175224338.0,1,1,0,1,0,0,0,0,0,1,4,2,175224.338,0
951304.0,174405.733333,1,0,951304.0,0,1,0,1,0,0,1,0,0,1,5,0,10.0,1
0.0,275029145.6,1,1,250026496.0,1,1,0,1,1,1,1,0,0,1,12,3,100.0,1
0.0,1.1,1,1,9346686.0,1,1,0,0,0,0,1,0,0,0,9,1,1.0,0
124575669.0,22838872.75,1,0,124575669.0,0,1,0,1,0,1,1,0,0,1,20,0,10.0,1
0.0,782.2,3,3,28797523.0,1,3,0,0,0,1,1,1,0,0,20,2,100.0,0
0.0,60394076.6,1,1,54903706.0,1,1,0,0,0,0,0,0,0,1,4,1,5490370.6,0
0.0,37.4,3,3,892523246.0,1,3,0,1,0,1,1,1,0,1,6,2,10.0,0
81549849.0,10235331.933333,5,3,81549849.0,0,5,0,0,0,1,0,1,0,0,16,2,8154984.9,1
0.0,125056030.0,5,5,22737460.0,1,5,0,0,0,0,1,1,0,0,13,4,20.0,0
0.0,9.9,1,1,109586231.0,1,1,0,0,0,0,0,0,0,1,2,1,10958623.1,0
0.0,216062774.4,4,4,49105176.0,1,4,1,1,0,1,0,1,0,1,7,7,49105.176,0
0.0,1.1,1,1,10261723.0,1,1,0,0,0,0,0,0,0,0,7,1,1026172.3,0
0.0,22.0,1,1,1099527.0,1,1,0,0,0,0,0,0,0,1,3,3,109952.7,0
738457.0,130830.333333,3,1,738457.0,0,3,1,1,0,0,1,1,0,1,3,4,100.0,1
27290815.0,5003317.083333,6,3,27290815.0,0,6,1,1,0,1,1,1,0,1,10,8,10.0,1
0.0,252.0,1,1,88299.0,1,1,0,0,0,1,0,0,0,0,2,3,8829.9,0
0.0,36468.3,1,1,33153.0,1,1,0,0,0,1,1,0,0,0,2,2,20.0,0
0.0,145.6,5,5,3629623.0,1,5,0,0,0,1,1,1,0,0,16,4,100.0,0
1602069.0,293712.65,1,0,1602069.0,0,1,0,1,0,0,1,0,0,1,18,2,1000.0,1
0.0,1147.7,2,2,1013271903.0,1,2,0,0,0,1,1,1,0,0,9,1,50.0,0
135106753.0,7941349.3,6,4,135106753.0,0,6,0,0,0,1,1,1,0,0,13,3,100.0,1
0.0,1.1,1,1,5991.0,1,1,0,0,0,0,1,0,0,0,2,1,1.0,0
0.0,1.1,1,1,10633.0,1,1,0,0,0,0,1,0,0,0,10,1,1.0,0
0.0,62735181.3,1,1,57031983.0,1,1,0,0,0,0,1,0,0,0,10,1,50.0,0
0.0,3.3,1,1,10395766.0,1,1,0,0,0,0,1,0,0,0,13,3,10.0,0
0.0,1578.0,1,1,398823.0,1,1,0,0,0,1,1,0,0,0,9,1,50.0,1
566618.0,103879.966667,1,0,566618.0,0,1,0,1,0,0,1,0,0,1,4,5,10.0,1
3560767.0,11355862.1,1,1,6762744.0,1,1,0,0,0,1,1,0,1,0,8,5,100.0,1
224642.0,41249.866667,1,0,224642.0,0,1,0,1,0,1,0,0,0,1,10,5,224.642,1
6666810.0,1222248.5,1,0,6666810.0,0,1,0,0,0,0,1,0,0,1,7,0,1000.0,1
0.0,1072992364.4,4,4,243861901.0,1,4,0,1,0,1,0,1,0,1,22,6,243861.901,0
0.0,13.2,1,1,144116746.0,1,1,0,0,0,0,0,0,0,1,4,2,14411674.6,0
0.0,1945.2,1,1,2851134.0,1,1,0,0,0,1,0,0,0,0,14,2,285113.4,1
474332088.0,31575095.7,5,2,474332088.0,0,5,0,0,0,1,1,1,0,0,20,4,10.0,1
0.0,2690.6,1,1,178605181.0,1,1,0,1,0,0,0,0,0,1,2,2,178605.181,0
45307377.0,21651015.25,1,0,33175874.0,0,2,1,1,0,1,0,1,1,1,18,1,33175.874,1
0.0,594.0,2,2,242085860.0,1,2,0,0,0,0,1,1,0,0,5,5,200.0,0
3391530.0,623213.1,1,0,3391530.0,0,1,1,1,0,1,1,0,0,1,14,0,100.0,1
0.0,159723940.2,1,1,145203582.0,1,1,0,0,0,0,0,0,0,0,25,2,14520358.2,0
0.0,82.5,5,5,207418847.0,1,5,0,0,0,0,1,1,0,0,10,4,20.0,0
70406132.0,7448555.5,3,1,70406132.0,0,3,0,0,0,0,0,1,0,0,18,7,7040613.2,1
5118874.0,938460.233333,1,0,5118874.0,0,1,0,1,0,0,1,0,0,1,3,4,100.0,1
44340034.0,8129006.333333,1,0,44340034.0,0,1,1,1,0,1,1,0,0,1,7,4,100.0,1
0.0,157.4,1,1,13001.0,1,1,0,0,0,1,1,0,0,0,3,3,100.0,0
0.0,13203401.2,4,4,3000773.0,1,4,0,1,0,1,1,1,0,1,7,2,10.0,1
0.0,223.2,1,1,9939351.0,1,1,0,0,0,1,0,0,0,0,14,1,993935.1,0
0.0,33.0,5,5,22821455.0,1,5,0,0,0,0,1,1,0,0,12,5,20.0,0
379902.0,2407.3,5,4,379902.0,0,5,0,0,0,1,1,1,0,0,22,1,10.0,1
15227.0,2792.516667,4,2,15227.0,0,4,0,1,0,1,1,1,0,1,4,3,15.227,1
0.0,2182.5,4,4,89597090.0,1,4,0,0,0,1,0,1,0,0,8,4,8959709.0,0
159729026.0,27324122.1,3,1,159729026.0,0,3,1,1,0,1,1,1,0,1,23,7,1000.0,1
0.0,9.6,1,1,351667.0,1,1,0,0,0,1,0,0,0,0,15,3,35166.7,0
0.0,50.4,1,1,195852476.0,1,1,0,0,0,1,0,0,0,0,12,3,19585247.6,0
78765500.0,14440342.166667,5,2,78765500.0,0,5,0,1,0,1,1,1,0,1,14,7,10.0,1
3896.0,718.566667,3,0,3896.0,0,3,0,1,0,1,1,1,0,1,14,3,3.896,1
30987646.3,6002453.563333,1,0,30870779.0,0,2,1,1,0,0,0,1,1,1,14,0,308707.79,1
1636879.0,300095.483333,3,0,1636879.0,0,3,1,1,0,1,1,1,0,1,19,6,10.0,1
0.0,8.8,1,1,132470.0,1,1,0,0,0,0,0,0,0,1,4,1,13247.0,0
0.0,10813125.4,2,2,4915057.0,1,2,0,0,0,0,1,1,0,0,15,4,100.0,0
205121530.0,27207043.766667,4,2,205121530.0,0,4,0,0,0,1,1,1,0,0,5,2,1000.0,1
27828.0,5103.7,4,2,27828.0,0,4,0,1,0,1,1,1,0,1,14,0,10.0,1
3711421.0,680507.183333,1,0,3711421.0,0,1,0,0,0,1,1,0,0,1,5,4,100.0,1
0.0,1.1,1,1,61824434.0,1,1,0,0,0,0,0,0,0,0,4,1,6182443.4,0
24531.0,27278.9,1,1,1536281.0,1,1,0,0,0,0,1,0,1,0,5,1,100.0,0
0.0,3496.9,1,1,6880311.0,1,1,0,0,0,0,1,0,0,0,6,4,10.0,0
4169967.0,559446.3,1,0,4169967.0,0,1,0,0,0,1,0,0,0,0,7,4,416996.7,1
0.0,1.1,1,1,133982216.0,1,1,0,1,0,0,0,0,0,1,3,2,133982.216,0
1378894.0,252798.833333,1,0,1378894.0,0,1,1,1,0,1,0,0,0,1,5,5,1378.894,1
0.0,3120771.5,1,1,2837065.0,1,1,0,0,0,0,1,0,0,1,2,3,100.0,1
464.0,85.066667,3,0,464.0,0,3,1,1,0,0,1,1,0,1,3,2,0.464,0
0.0,2836.4,1,1,134603789.0,1,1,0,0,0,1,1,0,0,0,4,1,50.0,0
2154245.0,394947.316667,1,0,2154245.0,0,1,0,1,0,1,1,0,0,1,6,1,100.0,1
13788529.0,15745974.2,1,1,525993.0,1,1,0,1,0,1,1,0,1,1,18,1,100.0,1
0.0,214.5,3,3,4342363.0,1,3,0,0,0,0,1,1,0,0,4,1,100.0,0
0.0,4979.7,1,1,1410900.0,1,1,0,0,0,0,0,0,0,1,2,1,141090.0,1
0.0,782.0,3,3,454988437.0,1,3,0,0,0,1,1,1,0,0,8,5,50.0,0
564280977.0,103451620.25,1,0,564280977.0,0,1,0,1,0,1,0,0,0,1,17,4,564280.977,1
209276588.0,9779677.883333,5,3,209276588.0,0,5,1,1,0,1,1,1,0,1,19,4,100.0,1
3110358.4,872826.673333,1,0,3000328.0,0,2,0,1,0,1,0,1,1,1,12,5,3000.328,1
63861.0,8514.8,1,0,63861.0,0,1,0,0,0,0,0,0,0,0,5,1,6386.1,1
2853718.0,523183.633333,3,1,2853718.0,0,3,0,1,0,1,1,1,0,1,4,6,20.0,1
12927.0,2370.05,3,1,12927.0,0,3,0,1,0,1,1,1,0,1,3,1,12.927,1
0.0,1.1,1,1,2536.0,1,1,0,0,0,0,0,0,0,0,6,1,253.6,0
216504484.0,45621133.233333,1,0,211115474.0,0,2,0,1,0,1,1,1,1,1,4,3,100.0,1
101251852.0,18562861.833333,1,0,101251852.0,0,1,0,1,0,1,1,0,0,1,25,3,10.0,1
51005132.0,9351052.666667,7,0,51005132.0,0,7,0,1,0,1,0,1,0,1,23,3,51005.132,1
0.0,5951.0,1,1,313550.0,1,1,0,0,0,0,0,0,0,1,1,1,31355.0,1
141157.0,12497.3,3,1,141157.0,0,3,0,0,0,1,1,1,0,0,12,3,100.0,1
0.0,2.2,1,1,106941.0,1,1,0,1,0,0,0,0,0,1,2,3,106.941,0
5996210.0,1099305.166667,1,0,5996210.0,0,1,0,1,0,0,0,0,0,1,25,2,5996.21,1
0.0,8.8,4,4,1001501.0,1,4,0,0,0,0,0,1,0,0,18,2,100150.1,0
167224759.0,30657872.483333,1,0,167224759.0,0,1,0,1,0,0,0,0,0,1,10,4,167224.759,1
0.0,1.2,1,1,532301.0,1,1,0,0,0,1,1,0,0,0,7,1,100.0,0
0.0,236.5,5,5,7113533.0,1,5,0,0,0,0,1,1,0,0,16,1,20.0,0
0.0,389.5,1,1,272675.0,1,1,0,0,0,1,1,0,0,0,5,2,100.0,0
193226.0,35472.966667,1,0,193226.0,0,1,0,0,0,1,0,0,0,1,14,0,193226.0,1
0.0,1.1,1,1,3422675.0,1,1,0,0,0,0,0,0,0,0,6,2,342267.5,0
0.0,12.0,1,1,861219.0,1,1,0,0,0,1,0,0,0,0,3,4,86121.9,0
138019189.0,44789874.583333,1,0,120304321.0,0,2,1,1,0,1,0,1,1,1,20,4,120304.321,1
350197240.0,622.666667,5,4,350197240.0,0,5,0,0,0,0,1,1,0,0,7,2,100.0,0
0.0,458.7,1,1,144529082.0,1,1,0,1,0,0,0,0,0,1,3,2,144529.082,0
186520812.0,24869441.6,1,0,186520812.0,0,1,0,0,0,0,0,0,0,0,31,1,18652081.2,0
0.0,1.1,1,1,6437948.0,1,1,0,0,0,0,1,0,0,0,8,2,1.0,0
0.0,6.0,1,1,1220806.0,1,1,0,0,0,1,1,0,0,0,9,3,10.0,0
86503252.0,15858929.533333,1,0,86503252.0,0,1,0,1,0,0,1,0,0,1,24,2,10.0,1
0.0,1076.766667,1,1,5708.0,1,1,1,1,1,1,0,0,0,1,15,4,5.708,1
0.0,33129448.0,8,8,3764710.0,1,8,1,1,0,1,1,1,0,1,20,5,10.0,1
0.0,83165239.3,1,1,75604763.0,1,1,0,0,0,0,0,0,0,0,3,1,7560476.3,0
429457083.0,17893877.4,5,4,429457083.0,0,5,0,0,0,1,1,1,0,0,19,5,1000.0,1
5550566.0,4184575.566667,1,0,4398942.0,0,1,1,1,0,1,0,0,1,1,6,2,4398.942,1
940294.0,172387.433333,1,0,940294.0,0,1,0,1,0,1,1,0,0,1,18,1,10.0,1
0.0,51.6,1,1,14528010.0,1,1,0,0,0,1,1,0,0,0,4,4,50.0,0
0.0,3.3,1,1,2486657.0,1,1,0,0,0,0,1,0,0,0,13,2,50.0,0
0.0,20.4,1,1,616832.0,1,1,0,0,0,1,1,0,0,0,15,3,20.0,0
0.0,37.2,1,1,120852060.0,1,1,0,0,0,1,1,0,0,0,6,4,100.0,0
0.0,850150813.6,4,4,193216094.0,1,4,0,0,0,1,1,1,0,0,15,3,100.0,0
136203789.0,24970696.25,5,1,136203789.0,0,5,0,1,0,1,1,1,0,1,11,1,100.0,1
0.0,42.9,1,1,815454.0,1,1,0,0,0,0,1,0,0,0,3,2,20.0,0
26606018.6,5162477.376667,1,0,26502739.0,0,2,0,1,0,1,1,1,1,1,6,4,100.0,1
0.0,39151.2,4,4,8898.0,1,4,0,1,0,1,1,1,0,1,12,1,8.898,1
15340931.0,2756002.716667,2,1,15340931.0,0,2,0,1,0,1,1,1,0,1,10,7,10.0,1
85839.6,94469.76,1,1,355639.0,1,1,0,0,0,0,1,0,1,0,2,1,100.0,0
343680.0,63626.6,1,0,343680.0,0,1,0,1,0,1,1,0,0,1,12,1,100.0,1
3850588.0,1433.15,2,1,3850588.0,0,2,0,1,0,1,1,1,0,1,6,4,1000.0,0
0.0,728846.8,1,1,662588.0,1,1,0,0,0,1,0,0,0,0,10,4,66258.8,0
0.0,438391.8,1,1,398538.0,1,1,0,0,0,1,0,0,0,0,13,3,39853.8,0
6511213.0,7655416.083333,1,0,637170.0,0,1,0,1,0,1,0,0,1,1,18,3,637.17,1
0.0,1350.9,1,1,28563552.0,1,1,0,0,0,1,1,0,0,0,10,4,100.0,0
0.0,913.25,3,3,4941.0,1,3,1,1,0,1,1,1,0,1,9,4,4.941,1
0.0,75.9,1,1,598913213.0,1,1,0,1,0,0,1,0,0,1,18,2,10.0,0
0.0,11.0,5,5,6816242.0,1,5,0,0,0,0,1,1,0,0,19,3,20.0,0
339346436.0,62213523.266667,4,3,339346436.0,0,4,0,1,0,1,1,1,0,1,13,2,100.0,1
367461.0,67367.85,1,0,367461.0,0,1,0,0,0,0,1,0,0,1,2,2,10.0,1
33761.5,37140.95,1,1,3944684.0,1,1,0,0,0,0,1,0,1,0,3,3,100.0,0
0.0,78.1,1,1,29686406.0,1,1,0,0,0,0,1,0,0,0,6,4,100.0,0
11476.0,2106.133333,4,3,11476.0,0,4,0,1,1,1,0,1,0,1,6,0,114.76,1
417.7,466.07,1,1,491358.0,1,1,0,0,0,0,1,0,1,0,10,3,100.0,0
0.0,1690998573.0,2,2,768635715.0,1,2,0,0,0,1,0,1,0,0,12,6,76863571.5,0
6048670.0,806489.833333,1,0,6048670.0,0,1,0,0,0,1,1,0,0,0,20,0,10.0,1
0.0,482.8,3,3,417729482.0,1,3,1,0,0,1,0,1,0,0,17,6,41772948.2,0
0.0,2541.0,1,1,75986503.0,1,1,0,0,0,0,0,0,0,1,2,1,7598650.3,0
94981548.0,17413384.0,1,0,94981548.0,0,1,0,1,0,1,0,0,0,1,12,2,94981.548,1
0.0,1.2,1,1,120633.0,1,1,0,0,0,1,1,0,0,0,14,2,100.0,0
8312215.0,1535047.883333,6,2,8312215.0,0,6,0,1,0,1,0,1,0,1,22,5,8312.215,1
13134525.0,7327.833333,4,3,13134525.0,0,4,0,0,0,1,0,1,0,0,18,1,1313452.5,0
207303668.0,541.133333,4,3,207303668.0,0,4,0,0,0,1,0,1,0,0,17,4,20730366.8,0
0.0,1116.0,4,4,2295519752.0,1,4,0,0,0,1,1,1,0,0,17,6,10.0,0
0.0,189.0,4,4,684187641.0,1,4,0,0,0,1,1,1,0,0,17,3,200.0,0
4596006.7,2346696.403333,1,0,4049187.0,0,2,1,1,0,1,0,1,1,1,8,4,4049.187,1
866852.0,158922.866667,1,0,866852.0,0,1,1,1,0,0,1,0,0,1,24,2,10.0,1
0.0,4425707761.200001,4,4,1005842673.0,1,4,0,0,0,0,1,1,0,0,14,2,50.0,0
1355.0,263.716667,1,0,1355.0,0,1,1,1,1,1,1,0,0,1,6,3,1.355,1
130811.5,143913.55,1,1,11438124.0,1,1,0,0,0,0,1,0,1,0,10,1,100.0,0
0.0,1.1,1,1,2877696.0,1,1,0,0,0,0,1,0,0,0,11,1,1.0,0
0.0,159.8,3,3,296502102.0,1,3,0,0,0,1,1,1,0,0,14,1,200.0,0
9252094.0,1696217.233333,1,0,9252094.0,0,1,0,1,0,0,0,0,0,1,16,1,9252.094,1
8342693.0,1580385.016667,1,0,8342693.0,0,1,0,0,0,1,1,0,0,1,14,5,1000.0,1
572706.3,240114.83,1,0,523873.0,0,2,1,1,0,1,0,1,1,1,14,3,523.873,1
234921.0,43101.85,1,0,234921.0,0,1,0,1,0,1,1,0,0,1,19,1,10.0,1
94446671.0,17315224.016667,4,2,94446671.0,0,4,1,1,0,1,1,1,0,1,8,2,10.0,1
72021.0,13203.95,1,0,72021.0,0,1,0,1,0,1,0,0,0,1,13,4,72.021,1
0.0,2.4,1,1,148832179.0,1,1,0,0,0,1,1,0,0,0,6,2,100.0,0
133146800.0,17752906.666667,1,0,133146800.0,0,1,0,0,0,0,0,0,0,0,39,1,13314680.0,0
0.0,3.3,3,3,6672574.0,1,3,0,0,0,0,1,1,0,0,11,5,20.0,0
3584976.0,477996.8,1,0,3584976.0,0,1,0,0,0,0,0,0,0,0,27,4,358497.6,1
387673596.0,71073492.6,1,0,387673596.0,0,1,0,1,0,0,1,0,0,1,12,0,10.0,1
2938481.0,432268.90022,1,0,2938481.0,0,1,0,0,0,1,0,0,0,0,13,2,293848.1,1
0.0,237.6,4,4,1110389469.0,1,4,0,1,0,0,0,1,0,1,3,2,1110389.469,0
0.0,1.1,1,1,11696.0,1,1,0,0,0,0,1,0,0,0,10,1,1.0,0
0.0,226.6,1,1,38532.0,1,1,0,0,0,0,1,0,0,0,7,2,50.0,0
478807.0,50018.366667,3,1,478807.0,0,3,0,0,0,1,0,1,0,0,4,5,47880.7,1
4057.8,4474.58,1,1,11476902.0,1,1,0,0,0,0,0,0,1,0,7,3,1147690.2,0
0.0,1.1,1,1,1205601.0,1,1,0,0,0,0,1,0,0,0,11,1,1.0,0
0.0,1.1,1,1,104790168.0,1,1,0,0,0,0,1,0,0,0,6,1,1.0,0
0.0,1.1,1,1,131941976.0,1,1,0,1,0,0,0,0,0,1,1,3,131941.976,0
0.0,49402161.6,4,4,11227764.0,1,4,1,1,0,0,0,1,0,1,6,2,11227.764,1
0.0,411119920.2,6,6,62290897.0,1,6,0,0,0,1,1,1,0,0,21,2,100.0,0
0.0,1.1,1,1,1659.0,1,1,0,0,0,0,1,0,0,0,3,1,1.0,0
0.0,39.6,1,1,101406873.0,1,1,0,0,0,1,0,0,0,0,4,1,10140687.3,0
236966.0,43443.766667,1,0,236966.0,0,1,0,1,0,0,1,0,0,1,6,5,10.0,1
3935491.0,539670.933333,1,0,3935491.0,0,1,0,0,0,1,1,0,0,0,16,1,10.0,1
11982652.0,1004621.733333,3,2,11982652.0,0,3,0,0,0,0,1,1,0,0,25,4,100.0,1
0.0,19624647.9,1,1,17840589.0,1,1,0,0,0,1,0,0,0,0,7,1,1784058.9,0
0.0,3387.5,1,1,24753.0,1,1,0,0,0,1,1,0,0,0,7,3,50.0,1
12618305.0,2315401.316667,1,0,12618305.0,0,1,0,1,0,1,0,0,0,1,7,3,12618.305,1
0.0,323561.7,1,1,294147.0,1,1,0,0,0,0,0,0,0,0,6,1,29414.7,0
132344620.0,24263523.633333,1,0,132344620.0,0,1,0,1,0,1,0,0,0,1,5,0,1323446.2,1
0.0,2144.0,1,1,5937067.0,1,1,0,0,0,1,1,0,0,0,12,4,100.0,0
52111536.0,6948204.8,1,0,52111536.0,0,1,0,0,0,0,0,0,0,0,38,1,5211153.6,0
1476756.7,1942898.803333,1,0,868707.0,0,2,0,1,0,1,0,1,1,1,9,5,868.707,1
2030074.0,372205.233333,7,2,2030074.0,0,7,1,1,0,1,0,1,0,1,9,1,2030.074,1
0.0,1.1,1,1,41965.0,1,1,0,0,0,0,0,0,0,0,5,1,4196.5,0
272179160.0,49899512.666667,1,0,272179160.0,0,1,0,1,0,0,1,0,0,1,24,1,100.0,1
3717.0,681.85,3,1,3717.0,0,3,1,1,0,1,1,1,0,1,12,4,3.717,1
46813592.6,17193366.726667,1,0,42054610.0,0,2,0,0,0,1,0,1,1,0,3,5,4205461.0,1
0.0,75.9,1,1,1824097.0,1,1,0,1,0,0,0,0,0,1,2,3,1824.097,0
0.0,6.9,2,2,836160947.0,1,2,1,0,0,1,1,1,0,0,10,1,10.0,0
0.0,7131330144.400001,4,4,1620756851.0,1,4,0,0,0,1,1,1,0,0,15,4,10.0,0
443238.0,82134.8,1,0,443238.0,0,1,0,1,0,1,1,0,0,1,12,0,1000.0,1
555422614.0,83548468.470372,1,0,555422614.0,0,1,0,0,0,1,0,0,0,0,16,1,55542261.4,1
3938778.0,695026.016667,3,2,3938778.0,0,3,0,1,0,0,0,1,0,1,3,6,3938.778,1
28459703.0,3794627.066667,1,0,28459703.0,0,1,0,0,0,0,0,0,0,0,40,1,2845970.3,0
37115196.0,4948692.8,1,0,37115196.0,0,1,0,0,0,0,0,0,0,0,15,2,3711519.6,1
4644673.0,618745.7,2,1,4644673.0,0,2,0,0,0,1,0,1,0,0,22,3,464467.3,1
73444090.0,13347142.966667,4,2,73444090.0,0,4,0,1,0,0,1,1,0,1,11,3,100.0,1
0.0,1.1,1,1,7087304.0,1,1,0,0,0,0,1,0,0,0,5,1,1.0,0
0.0,1227624.2,1,1,1116022.0,1,1,0,0,0,0,0,0,0,0,3,1,111602.2,0
0.0,2498.4,1,1,11594.0,1,1,0,0,0,1,0,0,0,0,8,1,1159.4,1
0.0,665298331.5,5,5,120963333.0,1,5,0,0,0,1,1,1,0,0,10,1,20.0,0
228240895.0,20253.933333,3,2,228240895.0,0,3,1,1,0,0,1,1,0,1,20,4,1000.0,0
89307972.0,16373128.2,1,0,89307972.0,0,1,0,1,0,0,1,0,0,1,23,1,10.0,1
102258454.0,18744420.2,5,1,102258454.0,0,5,0,1,0,0,1,1,0,1,12,1,10.0,1
22288090.0,3519472.733333,1,0,21790156.0,0,1,1,0,0,0,0,0,1,0,16,0,21790156.0,1
39883.0,7356.183333,4,2,39883.0,0,4,1,1,0,1,1,1,0,1,6,4,10.0,1
19096422.0,2546189.6,1,0,19096422.0,0,1,0,0,0,0,0,0,0,0,24,2,1909642.2,1
0.0,1685656239.3,3,3,510804921.0,1,3,0,1,0,1,0,1,0,1,20,8,510804.921,1
7477105.0,996947.333333,1,0,7477105.0,0,1,0,0,0,0,0,0,0,0,25,4,747710.5,0
70518439.0,77570282.9,1,0,70518439.0,0,1,0,0,0,0,0,0,0,0,25,0,70518439.0,1
0.0,1594594698.4,4,4,362407886.0,1,4,0,0,0,0,0,1,0,0,10,3,36240788.6,0
0.0,585.2,1,1,23192.0,1,1,0,0,0,0,1,0,0,0,4,2,100.0,0
0.0,531.3,1,1,13659.0,1,1,0,0,0,0,1,0,0,0,7,3,10.0,0
182336.0,33428.266667,1,0,182336.0,0,1,0,1,0,0,1,0,0,1,7,0,1000.0,1
2190407.0,401888.616667,5,2,2190407.0,0,5,0,1,0,1,0,1,0,1,6,6,2190.407,1
628369.0,83784.333333,3,0,628369.0,0,3,0,0,0,1,1,1,0,0,17,7,1000.0,1
0.0,4164.0,4,4,737380462.0,1,4,1,0,0,1,1,1,0,0,3,1,50.0,0
0.0,579.583333,2,2,3019.0,1,2,0,1,0,1,1,1,0,1,10,3,3.019,1
18570539.0,3422590.716667,4,1,18570539.0,0,4,1,1,0,1,0,1,0,1,11,1,18570.539,1
88969.0,11872.233333,1,0,88969.0,0,1,0,0,0,1,0,0,0,0,3,3,8896.9,1
224099888.0,41085485.466667,4,1,224099888.0,0,4,0,1,0,1,0,1,0,1,13,8,224099.888,1
0.0,2.2,1,1,10015592.0,1,1,0,1,0,0,0,0,0,1,3,2,10015.592,0
295514.0,54398.466667,1,0,295514.0,0,1,0,0,0,1,1,0,0,1,13,1,10.0,1
4631179.0,849208.383333,1,0,4631179.0,0,1,0,1,0,1,1,0,0,1,5,2,10.0,1
4969.0,910.983333,2,1,4969.0,0,2,0,1,0,0,1,1,0,1,5,1,4.969,1
0.0,20.4,1,1,6703980.0,1,1,0,0,0,1,1,0,0,0,10,2,100.0,0
14272568.9,2781643.456667,1,0,14212869.0,0,2,1,1,0,1,1,1,1,1,7,5,100.0,1
0.0,1598.3,1,1,10838522.0,1,1,0,1,0,0,0,0,0,1,2,3,10838.522,1
86508484.0,15859888.733333,4,1,86508484.0,0,4,0,1,0,0,0,1,0,1,6,6,86508.484,1
0.0,1.1,1,1,459959.0,1,1,0,0,0,0,1,0,0,0,10,1,1.0,0
0.0,5391.1,1,1,126842659.0,1,1,0,0,0,0,1,0,0,0,3,4,10.0,0
0.0,189240.7,1,1,172037.0,1,1,0,1,0,1,0,0,0,1,2,5,172.037,1
4452924.0,816382.5,6,3,4452924.0,0,6,1,1,0,1,0,1,0,1,24,2,4452.924,1
0.0,119.9,1,1,120829.0,1,1,0,0,0,0,0,0,0,1,1,2,12082.9,0
0.0,1048.3,1,1,1826419.0,1,1,0,0,0,0,1,0,0,0,13,1,10.0,0
1250733.0,166767.5,1,0,1250733.0,0,1,0,0,0,1,0,0,0,0,20,5,125073.3,1
3643037.0,485738.266667,1,0,3643037.0,0,1,0,0,0,0,0,0,0,0,40,3,364303.7,0
3828975.0,701979.75,5,1,3828975.0,0,5,1,1,0,1,1,1,0,1,16,6,10.0,1
6430693.0,1178960.383333,1,0,6430693.0,0,1,0,1,0,0,1,0,0,1,24,5,100.0,1
0.0,74695775.0,5,5,13581050.0,1,5,0,0,0,1,1,1,0,0,8,4,100.0,0
33036.0,6060.6,4,1,33036.0,0,4,1,1,1,1,1,1,0,1,8,4,10.0,1
0.0,1.1,1,1,16123454.0,1,1,0,0,0,0,1,0,0,0,5,1,1.0,0
11652640.0,2139268.233333,1,0,11652640.0,0,1,0,1,0,1,1,0,0,1,5,4,100.0,1
0.0,6.6,3,3,9151857.0,1,3,0,0,0,0,0,1,0,0,9,4,915185.7,0
2039788.0,373961.133333,8,3,2039788.0,0,8,0,1,0,0,0,1,0,1,8,7,2039.788,1
0.0,602.8,1,1,19107.0,1,1,0,0,0,0,1,0,0,0,9,4,20.0,1
0.0,25.3,1,1,45496008.0,1,1,0,0,0,0,0,0,0,1,2,1,4549600.8,0
0.0,2424028.2,2,2,1101831.0,1,2,0,0,0,0,1,1,0,0,13,2,20.0,0
4891524.5,12240695.866667,1,0,766464.0,0,1,0,1,0,0,0,0,1,1,8,2,766.464,1
0.0,3.4,3,3,11870324.0,1,3,0,0,0,1,1,1,0,0,3,5,100.0,0
17398586.0,3189740.766667,1,0,17398586.0,0,1,0,0,0,0,1,0,0,1,11,4,1000.0,1
3001471.0,463900.066764,1,0,3001471.0,0,1,0,0,0,1,0,0,0,0,27,4,300147.1,1
119181885.0,21850060.65,1,0,119181885.0,0,1,1,1,0,1,1,0,0,1,22,5,10.0,1
0.0,77.0,5,5,23116991.0,1,5,0,0,0,0,1,1,0,0,20,3,20.0,0
24633214.0,4516091.133333,1,0,24633214.0,0,1,0,1,0,1,0,0,0,1,12,5,24633.214,1
0.0,5822929.2,3,3,1764524.0,1,3,0,1,0,1,1,1,0,1,25,5,20.0,1
1851104.0,339369.066667,1,0,1851104.0,0,1,1,1,0,0,1,0,0,1,6,1,10.0,1
18527945.0,3396789.916667,8,0,18527945.0,0,8,0,1,0,0,1,1,0,1,7,6,10.0,1
0.0,19210645.3,1,1,17464223.0,1,1,0,1,0,1,1,0,0,1,12,1,100.0,1
220090.0,29345.933333,1,0,220090.0,0,1,0,0,0,1,1,0,0,0,14,1,10.0,1
0.0,1.1,1,1,1258780.0,1,1,0,0,0,0,1,0,0,0,11,1,1.0,0
0.0,231.9,1,1,65260882.0,1,1,0,0,0,1,1,0,0,0,10,4,20.0,0
2389294.0,340049.394623,1,0,2389294.0,0,1,0,0,0,1,0,0,0,0,8,2,238929.4,1
0.0,1.1,1,1,2932.0,1,1,0,0,0,0,0,0,0,0,11,2,293.2,0
0.0,372259.8,2,2,169209.0,1,2,0,0,0,0,1,1,0,0,20,3,20.0,0
61839637.0,8245284.933333,1,0,61839637.0,0,1,0,0,0,0,0,0,0,0,27,0,61839637.0,1
1568.0,1724.8,1,0,1568.0,0,1,1,1,0,0,1,0,0,1,10,0,10.0,0
186944331.0,16878932.433333,5,3,186944331.0,0,5,0,0,0,1,1,1,0,0,4,1,1000.0,1
12839.0,42368.7,3,0,12839.0,0,3,0,1,1,1,1,1,0,1,10,0,100.0,1
0.0,77.9,3,3,23542179.0,1,3,0,0,0,1,1,1,0,0,5,5,20.0,0
38018253.0,3584.1,4,3,38018253.0,0,4,1,1,0,1,1,1,0,1,24,2,100.0,0
6692020.0,164877.35,5,3,6692020.0,0,5,0,1,0,0,1,1,0,1,18,2,100.0,1
13337.0,2461.616667,4,2,13337.0,0,4,1,1,0,1,1,1,0,1,8,1,13.337,1
0.0,16.8,5,5,180585014.0,1,5,0,0,0,1,1,1,0,0,13,4,20.0,0
114077348.0,6355.433333,5,3,114077348.0,0,5,0,0,0,0,1,1,0,0,17,5,1000.0,0
6333959.0,1161225.816667,1,0,6333959.0,0,1,0,1,0,0,1,0,0,1,13,1,100.0,1
0.0,1.1,1,1,6335.0,1,1,0,0,0,0,1,0,0,0,10,1,1.0,0
9697539.0,1777892.15,8,3,9697539.0,0,8,1,1,0,1,1,1,0,1,12,7,100.0,1
22737020.0,108501.066667,5,2,22737020.0,0,5,0,0,0,0,1,1,0,0,25,7,1000.0,1
0.0,2.4,1,1,55039046.0,1,1,0,0,0,1,1,0,0,0,6,1,50.0,0
1117918.0,204953.633333,6,1,1117918.0,0,6,0,1,0,1,1,1,0,1,12,1,20.0,1
0.0,16.1,2,2,830134218.0,1,2,0,0,0,1,0,1,0,0,16,2,83013421.8,0
0.0,3588.8,1,1,19572.0,1,1,0,1,1,1,1,0,0,1,7,0,100.0,1
0.0,50.4,1,1,577214912.0,1,1,0,0,0,1,1,0,0,0,12,6,50.0,0
0.0,9.0,4,4,1247827249.0,1,4,1,0,0,1,1,1,0,0,6,3,10.0,0
1339399.0,178586.533333,1,0,1339399.0,0,1,0,0,0,0,1,0,0,0,9,5,1000.0,1
15703613.0,2879001.616667,5,2,15703613.0,0,5,0,1,0,1,0,1,0,1,26,6,15703.613,1
0.0,16.5,3,3,101229268.0,1,3,0,0,0,0,1,1,0,0,8,2,20.0,0
0.0,4.8,1,1,46604.0,1,1,0,0,0,1,1,0,0,0,7,4,50.0,0
1886368.0,345836.133333,6,1,1886368.0,0,6,0,1,0,1,1,1,0,1,21,4,20.0,1
0.0,1658.8,4,4,4438721.0,1,4,0,0,0,0,1,1,0,0,19,3,100.0,0
0.0,671.0,2,2,251350.0,1,2,0,0,0,0,1,1,0,0,12,4,100.0,0
0.0,4597.4,3,3,1122216846.0,1,3,0,0,0,1,1,1,0,0,18,1,200.0,0
0.0,30.8,1,1,361638271.0,1,1,0,0,0,0,0,0,0,1,2,3,36163827.1,0
708489248.0,129889698.866667,1,0,708489248.0,0,1,0,1,0,1,1,0,0,1,13,1,10.0,1
0.0,2275.9,1,1,63080.0,1,1,0,0,0,0,0,0,0,1,2,3,6308.0,1
66304165.0,12156940.083333,4,1,66304165.0,0,4,1,1,0,1,0,1,0,1,4,3,66304.165,1
0.0,583327.8,1,1,530298.0,1,1,0,0,0,0,0,0,0,1,4,2,53029.8,1
2494613.0,332615.466667,2,0,2494613.0,0,2,0,0,0,1,1,1,0,0,2,2,1000.0,1
2829.4,5541704.74,1,1,5035084.0,1,1,0,0,0,0,0,0,1,0,2,2,503508.4,0
11915.0,2184.416667,3,2,11915.0,0,3,1,1,1,0,0,1,0,1,12,2,11.915,1
95582966.0,19090136.266667,1,0,95013296.0,0,2,1,1,0,0,0,1,1,1,13,3,95013.296,1
0.0,1.1,1,1,553119.0,1,1,0,0,0,0,1,0,0,0,1,1,1.0,0
1455344.0,266813.066667,1,0,1455344.0,0,1,0,1,0,0,1,0,0,1,9,1,100.0,1
0.0,3229.533333,1,1,17614.0,1,1,1,1,0,1,1,0,0,1,10,2,10.0,1
0.0,978994.5,1,1,889995.0,1,1,1,1,0,0,0,0,0,1,3,4,889.995,1
0.0,25259044.8,6,6,3827128.0,1,6,0,1,0,1,1,1,0,1,13,3,20.0,1
3378425.0,619377.916667,1,0,3378425.0,0,1,1,1,0,0,0,0,0,1,11,0,33784.25,1
133021577.0,23971046.733333,6,1,133021577.0,0,6,0,1,0,0,1,1,0,1,6,3,1000.0,1
0.0,7.7,1,1,944636.0,1,1,0,0,0,0,0,0,0,1,2,1,94463.6,0
0.0,2220493.0,1,1,2018630.0,1,1,0,1,0,0,1,0,0,1,3,3,10.0,1
0.0,182.6,1,1,99192.0,1,1,0,0,0,0,1,0,0,0,2,2,10.0,0
0.0,1707391.4,1,1,1552174.0,1,1,0,0,0,1,1,0,0,0,2,3,1000.0,1
64742349.0,11832475.0,4,3,64742349.0,0,4,0,1,0,1,1,1,0,1,15,3,1000.0,1
0.0,169.2,1,1,179727905.0,1,1,0,0,0,1,1,0,0,0,13,2,20.0,0
0.0,921.433333,1,1,5026.0,1,1,0,1,0,0,0,0,0,1,15,1,5.026,1
909669.0,121289.2,1,0,909669.0,0,1,0,0,0,0,1,0,0,0,19,4,100.0,1
39370180.0,7217868.333333,4,1,39370180.0,0,4,1,1,0,1,1,1,0,1,30,7,20.0,1
0.0,15046874.7,3,3,4559659.0,1,3,0,0,0,0,1,1,0,0,20,2,20.0,0
0.0,4092993465.0,3,3,1240301050.0,1,3,0,1,0,1,1,1,0,1,7,3,10.0,0
2371327.0,434743.283333,1,0,2371327.0,0,1,0,0,0,0,1,0,0,1,2,2,10.0,1
0.0,1.1,1,1,131773.0,1,1,0,0,0,0,1,0,0,0,9,2,1.0,0
6861687.0,1257978.05,8,3,6861687.0,0,8,0,1,0,1,0,1,0,1,22,3,6861.687,1
0.0,167.2,4,4,1387329932.0,1,4,0,1,0,0,1,1,0,1,4,2,200.0,0
0.0,18043146.0,5,5,3280572.0,1,5,0,0,0,1,1,1,0,0,7,1,100.0,0
7972657.0,1063020.933333,1,0,7972657.0,0,1,0,0,0,0,0,0,0,0,11,1,797265.7,0
75035675.0,10004756.666667,1,0,75035675.0,0,1,0,0,0,0,0,0,0,0,27,4,7503567.5,0
170430175.0,22724023.333333,1,0,170430175.0,0,1,0,0,0,0,0,0,0,0,13,3,17043017.5,1
43813893.0,5774638.733333,4,2,43813893.0,0,4,0,0,0,0,1,1,0,0,2,5,100.0,1
0.0,8637883.1,1,1,7852621.0,1,1,0,0,0,0,0,0,0,0,16,3,785262.1,0
0.0,1.1,1,1,1810855.0,1,1,0,0,0,0,1,0,0,0,8,1,1.0,0
53219589.0,9756924.65,1,0,53219589.0,0,1,0,1,0,0,1,0,0,1,22,4,10.0,1
4399009.0,1456505.983333,1,0,3808083.0,0,2,1,1,0,1,0,1,1,1,8,2,3808.083,1
0.0,46.2,1,1,144804.0,1,1,0,0,0,0,0,0,0,1,4,3,14480.4,0
193798048.0,24522911.133333,4,3,193798048.0,0,4,0,0,0,0,1,1,0,0,11,4,100.0,1
41066697.0,7528894.45,1,0,41066697.0,0,1,1,1,0,0,1,0,0,1,5,3,100.0,1
153822496.0,28200790.933333,1,0,153822496.0,0,1,1,1,0,0,1,0,0,1,12,5,10.0,1
2351289.0,312966.766667,2,1,2351289.0,0,2,0,0,0,1,1,1,0,0,8,7,100.0,1
105121497.0,20179290.925883,1,0,105121497.0,0,1,0,0,0,1,0,0,0,0,28,3,10512149.7,1
0.0,174.4,1,1,23632.0,1,1,0,0,0,1,1,0,0,0,15,1,50.0,0
0.0,10036653.0,5,5,1824846.0,1,5,1,1,0,1,1,1,0,1,23,3,100.0,1
0.0,41230.2,1,1,37482.0,1,1,0,1,0,0,0,0,0,1,1,3,37.482,0
3220194.0,590368.9,1,0,3220194.0,0,1,0,1,0,0,1,0,0,1,15,0,100.0,1
29026794.0,1724306.033333,2,1,29026794.0,0,2,0,0,0,0,0,1,0,0,9,7,2902679.4,1
7234502.0,5190.933333,3,2,7234502.0,0,3,0,0,0,1,1,1,0,0,15,6,100.0,0
0.0,2047.1,1,1,64582.0,1,1,0,0,0,0,0,0,0,0,3,4,6458.2,1
0.0,16863884.4,1,1,15330804.0,1,1,0,0,0,0,1,0,0,0,2,4,50.0,0
4225723.0,142609.233333,4,3,4225723.0,0,4,0,0,0,0,1,1,0,0,4,5,10.0,1
10846958.0,1994974.766667,4,0,10846958.0,0,4,0,1,0,1,0,1,0,1,10,7,10846.958,1
83210681.4,16544707.24,1,0,82742030.0,0,2,1,1,0,1,0,1,1,1,8,3,82742.03,1
0.0,2614644026.5,5,5,475389823.0,1,5,1,1,0,1,1,1,0,1,24,4,100.0,1
0.0,168.3,3,3,153959272.0,1,3,0,0,0,0,1,1,0,0,3,1,20.0,0
0.0,1.1,1,1,4833402.0,1,1,0,0,0,0,0,0,0,0,7,2,483340.2,0
4863458.0,648461.066667,1,0,4863458.0,0,1,0,0,0,0,1,0,0,0,12,3,10.0,1
0.0,362.4,1,1,16395.0,1,1,0,0,0,1,0,0,0,0,8,1,1639.5,0
5911782.0,6287714.8,1,0,1180978.0,0,2,1,1,0,1,0,1,1,1,14,2,1180.978,1
12458932.3,3544543.163333,1,0,12000603.0,0,1,0,1,0,0,0,0,1,1,16,3,12000.603,1
9342.3,1054860.73,1,1,949622.0,1,1,0,0,0,0,1,0,1,0,10,1,100.0,0
332682.0,24912.25,2,1,332682.0,0,2,1,1,0,0,0,1,0,1,23,3,332.682,1
11699649.0,2144935.65,4,0,11699649.0,0,4,0,1,0,0,1,1,0,1,17,6,20.0,1
0.0,312.2,1,1,108956794.0,1,1,0,0,0,1,1,0,0,0,7,4,20.0,0
0.0,30.6,1,1,108.0,1,1,1,1,0,1,1,0,0,1,15,3,0.108,0
0.0,14809.3,1,1,13463.0,1,1,0,0,0,0,0,0,0,1,2,2,1346.3,1
23899027.0,4381488.583333,1,0,23899027.0,0,1,1,1,0,1,1,0,0,1,6,0,100.0,1
418229666.0,71810140.252366,1,0,418229666.0,0,1,0,0,0,1,0,0,0,0,18,2,41822966.6,1
3491.2,3964.62,1,1,20078255.0,1,1,0,0,0,0,1,0,1,0,9,1,10.0,0
0.0,1632.4,1,1,1484.0,1,1,0,0,0,0,1,0,0,0,10,1,1.0,0
387.5,428.45,1,1,12510875.0,1,1,0,0,0,0,0,0,1,0,7,1,1251087.5,0
10323961.0,1892736.183333,5,2,10323961.0,0,5,1,1,0,1,1,1,0,1,7,7,100.0,1
0.0,2528.4,1,1,28885.0,1,1,0,0,0,1,1,0,0,0,7,2,50.0,1
0.0,342.7,2,2,1054565172.0,1,2,0,0,0,1,1,1,0,0,8,3,200.0,0
601.3,797.83,1,1,110206.0,1,1,0,0,0,0,1,0,1,0,7,1,100.0,0
0.0,39.6,1,1,59745956.0,1,1,0,0,0,0,0,0,0,1,1,3,5974595.6,0
0.0,633.6,3,3,1326081869.0,1,3,0,0,0,0,0,1,0,0,2,3,132608186.9,0
0.0,46.2,1,1,3415180.0,1,1,0,0,0,0,0,0,0,1,2,1,341518.0,0
0.0,66467077.6,7,7,8632088.0,1,7,1,1,0,0,0,1,0,1,17,8,8632.088,1
5854.0,1075.333333,3,1,5854.0,0,3,1,1,0,1,0,1,0,1,7,4,5.854,1
902100229.0,165387215.483333,1,0,902100229.0,0,1,0,1,0,1,0,0,0,1,3,5,902100.229,1
1910.5,54308.65,1,1,47461.0,1,1,0,0,0,0,1,0,1,0,3,2,100.0,0
0.0,15.4,1,1,11455.0,1,1,0,0,0,0,0,0,0,1,2,2,1145.5,0
23964311.0,4393462.516667,6,4,23964311.0,0,6,0,1,0,1,0,1,0,1,22,8,23964.311,1
98419973.0,111518.616667,6,4,98419973.0,0,6,1,1,0,1,1,1,0,1,6,1,100.0,1
3865497.0,708676.55,1,0,3865497.0,0,1,0,1,0,1,0,0,0,1,21,2,3865.497,1
0.0,1.1,1,1,284223589.0,1,1,0,0,0,0,0,0,0,0,3,1,28422358.9,0
37916.0,6965.466667,3,0,37916.0,0,3,0,1,0,1,1,1,0,1,7,0,10.0,1
3500063.0,641679.216667,8,1,3500063.0,0,8,0,1,0,1,1,1,0,1,15,3,10.0,1
0.0,1.1,1,1,1855.0,1,1,0,0,0,0,1,0,0,0,7,1,1.0,0
84223960.0,4866923.8,3,2,84223960.0,0,3,0,0,0,1,0,1,0,0,16,5,8422396.0,1
0.0,39.6,1,1,109407413.0,1,1,0,1,0,0,0,0,0,1,2,3,109407.413,0
0.0,379.5,1,1,970019.0,1,1,0,0,0,0,0,0,0,1,3,3,97001.9,0
6449749.0,900586.733333,1,0,6449749.0,0,1,0,0,0,1,1,0,0,0,15,2,100.0,1
0.0,1.1,1,1,13478304.0,1,1,0,1,0,0,0,0,0,1,3,3,13478.304,0
12858.0,2357.5,3,2,12858.0,0,3,0,1,0,1,1,1,0,1,6,0,10.0,1
0.0,667.7,1,1,413282.0,1,1,0,0,0,0,0,0,0,1,1,2,41328.2,0
4503923.0,303717.45,5,4,4503923.0,0,5,0,1,0,1,1,1,0,1,9,4,10.0,1
13982491.0,2563458.583333,1,0,13982491.0,0,1,1,1,0,1,0,0,0,1,13,5,13982.491,1
42669257.0,5911774.429433,1,0,42669257.0,0,1,0,0,0,1,0,0,0,0,18,2,4266925.7,1
0.0,170.5,1,1,15009788.0,1,1,0,1,0,0,0,0,0,1,4,3,15009.788,0
2945978.0,540095.966667,1,0,2945978.0,0,1,0,1,0,0,0,0,0,1,3,0,29459.78,1
1208.0,224.166667,2,0,1208.0,0,2,1,1,0,1,1,1,0,1,5,1,1.208,0
3129353.0,332460.883333,4,3,3129353.0,0,4,0,1,0,0,1,1,0,1,2,7,100.0,1
6759433.0,448049.833333,4,3,6759433.0,0,4,0,0,0,0,1,1,0,0,8,6,100.0,1
8917.0,1668.183333,4,2,8917.0,0,4,1,1,0,1,0,1,0,1,6,4,8.917,1
16315888.0,2992189.233333,1,0,16315888.0,0,1,0,1,0,1,1,0,0,1,21,0,100.0,1
0.0,325.6,4,4,74482722.0,1,4,0,0,0,0,0,1,0,0,14,3,7448272.2,0
0.0,248.6,2,2,57719782.0,1,2,0,0,0,0,1,1,0,0,6,5,20.0,0
0.0,1.1,1,1,2367839.0,1,1,0,0,0,0,0,0,0,1,2,2,236783.9,0
0.0,11.5,2,2,810270537.0,1,2,1,0,0,1,1,1,0,0,2,5,50.0,0
17384002.0,2407768.333333,1,0,17384002.0,0,1,0,0,0,1,0,0,0,0,2,2,1738400.2,1
63585278.0,7002993.35,6,2,63585278.0,0,6,1,1,0,1,0,1,0,1,12,6,63585.278,1
0.0,374.4,1,1,49328602.0,1,1,0,0,0,1,0,0,0,0,13,4,4932860.2,0
0.0,22.5,4,4,1653715100.0,1,4,0,0,0,1,1,1,0,0,11,3,10.0,0
0.0,207.2,5,5,37998050.0,1,5,0,0,0,1,1,1,0,0,7,3,100.0,0
0.0,4.6,2,2,279196995.0,1,2,0,0,0,1,1,1,0,0,12,3,10.0,0
222575894.0,40805581.566667,7,2,222575894.0,0,7,1,1,0,1,1,1,0,1,15,6,10.0,1
0.0,112.8,1,1,126304769.0,1,1,0,0,0,1,1,0,0,0,4,1,100.0,0
3416382.0,637782.566667,3,2,3416382.0,0,3,0,1,0,0,0,1,0,1,3,4,3416.382,1
0.0,19566.8,1,1,1069946.0,1,1,0,0,0,0,0,0,0,1,3,2,106994.6,1
9902396.0,1815566.666667,4,0,9902396.0,0,4,0,1,0,1,0,1,0,1,16,5,9902.396,1
0.0,492.2,2,2,381744350.0,1,2,0,1,0,1,1,1,0,1,2,1,50.0,0
0.0,94.8,1,1,1400618.0,1,1,0,0,0,1,1,0,0,0,4,2,100.0,0
257676042.0,47240608.7,7,3,257676042.0,0,7,0,1,0,1,1,1,0,1,4,8,10.0,1
6408.7,7057.27,1,1,2304768.0,1,1,0,0,0,0,0,0,1,0,9,1,230476.8,0
0.0,121.0,1,1,16859.0,1,1,0,1,0,0,0,0,0,1,3,2,16.859,0
0.0,10.8,1,1,40741.0,1,1,0,0,0,1,1,0,0,0,3,1,10.0,0
0.0,1.1,1,1,47082806.0,1,1,0,0,0,0,0,0,0,1,1,2,4708280.6,0
651695037.0,89085727.665893,1,0,651695037.0,0,1,0,0,0,1,0,0,0,0,16,3,65169503.7,1
52519.0,10144.583333,1,0,52519.0,0,1,0,1,0,1,1,0,0,1,3,1,52.519,1
0.0,60.5,5,5,46310170.0,1,5,0,0,0,0,0,1,0,0,6,3,4631017.0,0
0.0,1.1,1,1,1892165.0,1,1,0,0,0,0,1,0,0,0,2,1,1.0,0
45142758.0,6019034.4,1,0,45142758.0,0,1,0,0,0,0,0,0,0,0,40,3,4514275.8,1
0.0,3.3,1,1,1406010.0,1,1,0,0,0,0,0,0,0,1,1,2,140601.0,0
1769239.0,324370.483333,8,2,1769239.0,0,8,0,1,0,1,1,1,0,1,9,1,100.0,1
0.0,639.0,1,1,3462.0,1,1,0,1,1,1,0,0,0,1,5,3,3.462,1
172708594.0,6814797.0,6,3,172708594.0,0,6,0,1,0,0,1,1,0,1,12,1,100.0,1
27836101.0,5103285.183333,1,0,27836101.0,0,1,0,1,0,0,1,0,0,1,22,3,10.0,1
13510955.0,2477010.016667,1,0,13510955.0,0,1,0,1,0,1,1,0,0,1,10,4,100.0,1
0.0,1.1,1,1,808330.0,1,1,0,0,0,0,1,0,0,0,9,1,1.0,0
2399642.0,439934.366667,1,0,2399642.0,0,1,1,1,0,0,0,0,0,1,15,5,2399.642,1
23416102.0,4292956.233333,7,3,23416102.0,0,7,1,1,0,1,1,1,0,1,25,1,100.0,1
147209106.0,26988336.1,1,0,147209106.0,0,1,0,1,0,0,0,0,0,1,9,5,147209.106,1
11243163.1,24723795.91,1,0,11233015.0,0,2,0,1,0,1,0,1,1,1,9,0,112330.15,1
440970.2,485076.02,1,1,37536.0,1,1,0,0,0,0,1,0,1,0,2,1,100.0,0
0.0,2035.0,1,1,309294655.0,1,1,0,1,0,0,0,0,0,1,2,1,309294.655,0
0.0,46.2,2,2,21639974.0,1,2,0,0,0,0,1,1,0,0,10,1,100.0,0
0.0,113107819.0,1,1,102825290.0,1,1,0,0,0,0,0,0,0,0,12,2,10282529.0,0
2486319.0,1547.7,4,2,2486319.0,0,4,0,0,0,1,0,1,0,0,14,4,248631.9,1
163569329.0,174.133333,5,4,163569329.0,0,5,0,0,0,1,0,1,0,0,22,6,16356932.9,0
1380196.2,1322506.07,1,0,991313.0,0,1,0,1,0,1,0,0,1,1,17,4,991.313,1
253193.0,46418.716667,1,0,253193.0,0,1,0,0,0,0,1,0,0,1,19,3,100.0,1
0.0,425.7,3,3,3220091.0,1,3,0,0,0,0,0,1,0,0,18,2,322009.1,0
0.0,1.1,1,1,190951.0,1,1,0,0,0,0,0,0,0,0,4,2,19095.1,0
8650880.0,1586044.866667,1,0,8650880.0,0,1,1,1,0,1,1,0,0,1,22,2,100.0,1
79392344.0,14550282.55,2,1,79392344.0,0,2,1,1,0,1,1,1,0,1,20,6,10.0,1
0.0,6051.6,4,4,1575885747.0,1,4,0,1,0,1,0,1,0,1,6,6,1575885.747,0
0.0,3928.1,1,1,80389.0,1,1,0,0,0,0,0,0,0,0,11,3,8038.9,1
0.0,1.1,1,1,4781.0,1,1,0,0,0,0,1,0,0,0,5,1,1.0,0
0.0,130.8,1,1,119051595.0,1,1,0,0,0,1,1,0,0,0,2,1,10.0,0
0.0,26.4,3,3,855130349.0,1,3,0,0,0,0,0,1,0,0,18,3,85513034.9,0
0.0,5.5,1,1,17490.0,1,1,0,0,0,0,0,0,0,1,4,1,1749.0,0
2579659.6,3450595.06,1,1,557245.0,1,1,0,0,0,0,0,0,1,0,11,1,55724.5,1
1995645.0,365903.25,1,0,1995645.0,0,1,0,0,0,1,1,0,0,1,3,0,10.0,1
21363.0,3917.15,3,0,21363.0,0,3,1,1,0,1,1,1,0,1,12,3,10.0,1
0.0,3.3,1,1,3396050.0,1,1,0,1,0,0,0,0,0,1,4,1,3396.05,0
0.0,1.1,1,1,26894657.0,1,1,0,0,0,0,1,0,0,0,12,1,1.0,0
0.0,126.5,1,1,82057.0,1,1,0,0,0,0,0,0,0,1,2,1,8205.7,0
0.0,1392707.8,1,1,1266098.0,1,1,0,0,0,1,1,0,0,1,8,3,100.0,1
11062211.0,2028082.016667,8,3,11062211.0,0,8,1,1,0,1,1,1,0,1,15,8,100.0,1
10788703.0,1981867.583333,1,0,10788703.0,0,1,1,1,0,1,0,0,0,1,21,2,10788.703,1
0.0,2.4,1,1,83072693.0,1,1,0,0,0,1,1,0,0,0,13,1,10.0,0
32157932.0,38098664.166667,1,0,2882454.0,0,2,0,1,0,1,0,1,1,1,19,4,2882.454,1
0.0,50.4,5,5,24907000.0,1,5,0,0,0,1,1,1,0,0,7,4,20.0,0
112540.0,20632.333333,1,0,112540.0,0,1,0,0,0,0,1,0,0,1,20,0,100.0,1
9884827.5,11711961.85,1,0,5365706.0,0,2,0,0,0,1,0,1,1,0,16,1,536570.6,1
0.0,2901.2,4,4,787638685.0,1,4,0,0,0,1,0,1,0,0,9,3,78763868.5,0
0.0,15.4,1,1,4087000.0,1,1,0,1,0,0,0,0,0,1,2,2,4087.0,0
5934734.0,1088034.566667,1,0,5934734.0,0,1,1,1,0,0,0,0,0,1,4,0,59347.34,1
0.0,2193.4,1,1,97762811.0,1,1,0,0,0,0,0,0,0,1,1,3,9776281.1,0
0.0,1.1,1,1,6471254.0,1,1,0,0,0,0,1,0,0,0,11,1,1.0,0
0.0,1.1,1,1,5329.0,1,1,0,0,0,0,1,0,0,0,1,1,1.0,0
2505685.0,334095.133333,1,0,2505685.0,0,1,0,0,0,1,1,0,0,0,4,1,10.0,1
548166991.0,100497281.683333,1,0,548166991.0,0,1,0,1,0,0,0,0,0,1,9,1,548166.991,1
3001.0,550.183333,1,0,3001.0,0,1,1,1,0,0,1,0,0,1,7,3,3.001,1
27924.0,5121.6,4,3,27924.0,0,4,0,1,1,1,1,1,0,1,10,4,27.924,1
349437165.0,2410963.0,6,5,349437165.0,0,6,0,0,0,1,0,1,0,0,7,3,34943716.5,1
0.0,4.4,1,1,2467549.0,1,1,0,0,0,0,0,0,0,1,2,3,246754.9,0
0.0,47697423.4,1,1,43361294.0,1,1,0,0,0,0,1,0,0,0,12,1,1.0,0
2145.0,3669.6,1,1,65108.0,1,1,0,0,0,0,1,0,1,0,9,1,100.0,1
0.0,1.1,1,1,159696505.0,1,1,0,0,0,0,1,0,0,0,3,2,1.0,0
0.0,44.9,1,1,1622477.0,1,1,0,0,0,1,1,0,0,0,10,3,20.0,0
0.0,501.4,2,2,769475079.0,1,2,0,0,0,1,1,1,0,0,12,3,50.0,0
685721914.0,91429588.533333,1,0,685721914.0,0,1,0,0,0,0,0,0,0,0,35,3,68572191.4,1
0.0,1.1,1,1,374883937.0,1,1,0,0,0,0,0,0,0,0,12,1,37488393.7,0
16568.0,3037.566667,3,1,16568.0,0,3,1,1,0,1,1,1,0,1,14,1,10.0,1
4468268.0,1532588.366667,1,0,3821200.0,0,1,0,1,0,1,1,0,1,1,4,1,100.0,1
55416732.0,10159755.2,6,1,55416732.0,0,6,0,1,0,1,0,1,0,1,25,8,55416.732,1
0.0,72.0,4,4,1314552150.0,1,4,0,0,0,1,1,1,0,0,11,2,50.0,0
220943558.0,10629167.066667,6,4,220943558.0,0,6,0,0,0,0,1,1,0,0,24,2,1000.0,1
54565.0,13444.2,3,1,54565.0,0,3,0,1,0,0,1,1,0,1,9,3,10.0,1
0.0,44.2,3,3,15098527.0,1,3,0,0,0,1,1,1,0,0,8,2,100.0,0
0.0,118530968.6,1,1,107755426.0,1,1,0,0,0,1,1,0,0,0,4,2,10.0,0
0.0,1.1,1,1,393252947.0,1,1,0,0,0,0,1,0,0,0,10,1,1.0,0
267348413.0,143239602.466667,1,0,169536561.0,0,1,1,0,0,1,0,0,1,0,6,5,16953656.1,1
0.0,103077561.4,1,1,93706874.0,1,1,0,0,0,0,0,0,0,1,1,2,9370687.4,0
0.0,1.1,1,1,8920.0,1,1,0,0,0,0,1,0,0,0,11,1,1.0,0
227131039.0,42274760.783333,1,0,226554614.0,0,1,0,1,0,1,0,0,1,1,20,1,226554.614,1
9012.0,1652.3,4,1,9012.0,0,4,0,1,1,1,0,1,0,1,3,4,9.012,1
0.0,1.1,1,1,71083190.0,1,1,0,0,0,0,0,0,0,0,10,1,7108319.0,0
146659489.0,19554598.533333,1,0,146659489.0,0,1,0,0,0,0,0,0,0,0,26,3,14665948.9,1
103.1,146.41,1,1,843379.0,1,1,0,0,0,0,1,0,1,0,9,1,100.0,0
3649626.0,669098.1,1,0,3649626.0,0,1,1,1,0,0,0,0,0,1,14,1,3649.626,1
0.0,1691.2,5,5,2206198.0,1,5,0,0,0,1,0,1,0,0,4,3,220619.8,0
0.0,9.6,1,1,39499324.0,1,1,0,0,0,1,1,0,0,0,7,3,50.0,0
37029935.0,24152.3,4,3,37029935.0,0,4,0,0,0,1,1,1,0,0,11,6,10.0,0
0.0,32.733333,1,1,160.0,1,1,1,1,0,1,1,0,0,1,10,4,0.16,0
0.0,110503.8,1,1,100458.0,1,1,0,0,0,0,1,0,0,0,9,1,1.0,0
0.0,1.1,1,1,49104810.0,1,1,0,0,0,0,1,0,0,0,3,1,1.0,0
468259241.0,85847537.516667,5,1,468259241.0,0,5,0,1,0,1,1,1,0,1,23,5,100.0,1
0.0,1089429121.0,5,5,198078022.0,1,5,0,1,0,1,1,1,0,1,7,3,1000.0,0
0.0,2949.7,3,3,16086.0,1,3,0,1,0,1,1,1,0,1,7,4,10.0,1
0.0,23.1,1,1,307033.0,1,1,0,0,0,0,1,0,0,0,9,1,50.0,0
0.0,1.1,1,1,3368.0,1,1,0,0,0,0,1,0,0,0,11,1,1.0,0
1089362.4,252376.04,1,0,1070230.0,0,2,0,1,0,1,0,1,1,1,17,4,1070.23,1
0.0,1.1,1,1,127961576.0,1,1,0,0,0,0,1,0,0,0,3,1,1.0,0
31002141.0,4133618.8,1,0,31002141.0,0,1,0,0,0,0,0,0,0,0,23,1,3100214.1,0
590604417.0,108277476.45,4,0,590604417.0,0,4,0,1,0,0,1,1,0,1,24,8,10.0,1
0.0,2127.4,1,1,33992926.0,1,1,0,1,0,0,0,0,0,1,3,2,33992.926,0
0.0,2.4,1,1,335844.0,1,1,0,0,0,1,0,0,0,0,13,4,33584.4,0
23043445.0,27677902.383333,1,0,1728477.0,0,2,1,1,0,1,0,1,1,1,7,1,1728.477,1
0.0,46.2,1,1,105737.0,1,1,0,0,0,0,0,0,0,1,3,2,10573.7,0
2405760.0,441056.0,1,0,2405760.0,0,1,0,0,0,0,1,0,0,1,16,5,100.0,1
0.0,666002554.8,1,1,605456868.0,1,1,0,0,0,0,0,0,0,0,27,1,60545686.8,1
0.0,1329.4,2,2,7224.0,1,2,1,1,0,1,1,1,0,1,12,4,7.224,1
0.0,15405934.5,1,1,14005395.0,1,1,0,0,0,0,0,0,0,1,2,1,1400539.5,0
0.0,58.866667,1,1,320.0,1,1,1,1,0,1,0,0,0,1,11,2,0.32,0
0.0,28.6,2,2,1751135058.0,1,2,0,1,0,0,0,1,0,1,2,4,1751135.058,0
0.0,158657664.0,4,4,36058560.0,1,4,0,0,0,0,1,1,0,0,19,2,20.0,0
0.0,439.3,2,2,905909851.0,1,2,0,0,0,1,1,1,0,0,14,2,200.0,0
0.0,125.4,2,2,43690423.0,1,2,0,0,0,0,1,1,0,0,20,5,20.0,0
0.0,83.6,2,2,419023168.0,1,2,0,0,0,0,1,1,0,0,17,2,10.0,0
1352426.0,180327.566667,1,0,1352426.0,0,1,0,0,0,1,1,0,0,0,12,5,10.0,1
98290.1,695571.91,1,1,534048.0,1,1,0,0,0,0,1,0,1,0,8,3,10.0,0
0.0,78.0,1,1,2796812.0,1,1,0,0,0,1,1,0,0,0,12,4,100.0,0
9735931.0,1298127.233333,1,0,9735931.0,0,1,0,0,0,1,1,0,0,0,19,1,100.0,1
478174684.0,63756624.533333,1,0,478174684.0,0,1,0,0,0,0,0,0,0,0,22,2,47817468.4,1
0.0,382.5,4,4,1182573302.0,1,4,0,1,0,1,0,1,0,1,6,2,1182573.302,0
35549095.0,6517336.083333,8,3,35549095.0,0,8,1,1,0,1,1,1,0,1,16,1,20.0,1
0.0,1.1,1,1,18849.0,1,1,0,0,0,0,1,0,0,0,5,1,1.0,0
0.0,353.6,3,3,769571639.0,1,3,0,1,0,1,1,1,0,1,11,1,50.0,0
11479.0,2104.983333,4,2,11479.0,0,4,1,1,1,1,0,1,0,1,15,3,11.479,1
15982.0,2939.433333,4,2,15982.0,0,4,1,1,0,1,1,1,0,1,11,4,10.0,1
0.0,1825.0,5,5,9736655.0,1,5,0,0,0,1,1,1,0,0,5,5,100.0,0
7874434.0,1445716.833333,6,2,7874434.0,0,6,1,1,0,1,0,1,0,1,15,3,7874.434,1
0.0,92180.0,1,1,83800.0,1,1,0,1,0,1,1,0,0,1,16,1,83.8,1
57913819.0,2121075.833333,6,2,57913819.0,0,6,0,0,0,1,1,1,0,0,21,3,1000.0,1
0.0,1.1,1,1,1074923.0,1,1,0,0,0,0,1,0,0,0,6,1,1.0,0
62457.3,68704.13,1,1,983957.0,1,1,0,0,0,0,1,0,1,0,2,2,10.0,0
395219.0,52695.866667,1,0,395219.0,0,1,0,0,0,0,1,0,0,0,17,5,10.0,1
8386189.0,1537467.983333,7,2,8386189.0,0,7,0,1,0,0,0,1,0,1,27,1,8386.189,1
0.0,1.1,1,1,11924831.0,1,1,0,0,0,0,1,0,0,0,1,1,1.0,0
101343724.0,18579695.533333,6,1,101343724.0,0,6,0,1,0,1,0,1,0,1,18,5,101343.724,1
0.0,1.1,1,1,1524.0,1,1,0,0,0,0,1,0,0,0,6,1,1.0,0
0.0,1.1,1,1,5606599.0,1,1,0,0,0,0,1,0,0,0,3,1,1.0,0
0.0,74.8,4,4,1302999253.0,1,4,0,0,0,0,0,1,0,0,2,2,130299925.3,0
0.0,1.1,1,1,269443799.0,1,1,0,0,0,0,1,0,0,0,5,1,1.0,0
0.0,22325911.3,1,1,20296283.0,1,1,0,0,0,0,0,0,0,1,3,3,2029628.3,0
0.0,11.2,5,5,2359806.0,1,5,0,0,0,1,1,1,0,0,6,3,100.0,0
177602.0,32916.066667,1,0,177602.0,0,1,0,1,0,1,1,0,0,1,1,1,177.602,1
0.0,1.1,1,1,102524.0,1,1,0,0,0,0,0,0,0,0,12,1,10252.4,0
77229.0,10297.2,2,0,77229.0,0,2,0,0,0,0,1,1,0,0,9,2,1000.0,1
0.0,20.9,1,1,213164.0,1,1,0,0,0,0,1,0,0,0,10,1,100.0,0
0.0,2063268.9,1,1,1875699.0,1,1,0,0,0,0,1,0,0,0,11,1,1.0,0
2229278.0,18861.9,3,2,2229278.0,0,3,0,0,0,1,1,1,0,0,18,2,100.0,1
620836.0,113819.933333,1,0,620836.0,0,1,1,1,0,0,0,0,0,1,3,3,620.836,1
1582870.0,211067.133333,1,0,1582870.0,0,1,0,0,0,1,0,0,0,0,19,1,158287.0,1
31208.0,5725.166667,3,1,31208.0,0,3,1,1,1,1,1,1,0,1,3,2,31.208,1
5938327.0,1088693.283333,7,3,5938327.0,0,7,1,1,0,0,1,1,0,1,9,1,20.0,1
0.0,392.7,3,3,126154768.0,1,3,0,0,0,0,1,1,0,0,5,2,100.0,0
0.0,1.1,1,1,4970.0,1,1,0,0,0,0,0,0,0,0,5,1,497.0,0
3665129.0,671942.316667,4,0,3665129.0,0,4,0,1,0,1,1,1,0,1,16,2,20.0,1
0.0,79.0,2,2,123373637.0,1,2,0,0,0,1,1,1,0,0,5,2,20.0,0
0.0,463.1,1,1,5241490.0,1,1,0,0,0,0,0,0,0,1,3,1,524149.0,0
1011332.0,185411.766667,1,0,1011332.0,0,1,1,1,0,1,1,0,0,1,19,3,10.0,1
4976166.0,912298.1,6,1,4976166.0,0,6,0,1,0,1,1,1,0,1,23,5,10.0,1
1547.2,1782.22,1,1,33027007.0,1,1,0,0,0,0,1,0,1,0,8,2,100.0,0
46097814.0,57897402.8,1,0,1146816.0,0,2,0,1,0,1,0,1,1,1,18,4,1146.816,1
255872237.0,45758142.65,5,2,255872237.0,0,5,0,1,0,0,1,1,0,1,19,2,100.0,1
0.0,126.0,1,1,2814155.0,1,1,0,0,0,1,0,0,0,0,9,1,281415.5,0
1743.8,2155.78,1,1,3781375.0,1,1,0,0,0,0,1,0,1,0,10,2,10.0,0
41108537.0,11763330.666667,1,0,35397453.0,0,2,0,0,0,0,0,1,1,0,7,2,3539745.3,1
0.0,1.1,1,1,23726913.0,1,1,0,0,0,0,1,0,0,0,10,1,1.0,0
1134.6,1249.16,1,1,150122.0,1,1,0,0,0,0,1,0,1,0,9,3,10.0,0
19853304.0,9784.233333,3,2,19853304.0,0,3,0,0,0,1,1,1,0,0,9,7,100.0,1
6614598.0,1212676.4,1,0,6614598.0,0,1,0,1,0,1,1,0,0,1,7,2,100.0,1
0.0,3568060.1,1,1,3243691.0,1,1,0,1,1,1,1,0,0,1,17,4,10.0,1
0.0,92.4,1,1,5323885.0,1,1,0,0,0,1,1,0,0,0,8,1,100.0,0
0.0,2381.5,5,5,111521477.0,1,5,0,0,0,0,1,1,0,0,4,2,20.0,0
0.0,857872202.0,4,4,194970955.0,1,4,0,1,0,1,1,1,0,1,22,7,100.0,1
0.0,4857268841.700001,3,3,1471899649.0,1,3,0,0,0,0,1,1,0,0,16,6,200.0,0
0.0,3029.9,3,3,572258772.0,1,3,0,0,0,1,0,1,0,0,3,5,57225877.2,0
0.0,2.2,1,1,13657.0,1,1,0,0,0,0,1,0,0,0,11,3,20.0,0
0.0,64.6,3,3,730568395.0,1,3,0,1,0,1,0,1,0,1,17,1,730568.395,0
22768521.0,4174400.85,1,0,22768521.0,0,1,0,1,0,1,1,0,0,1,11,5,10.0,1
0.0,72.0,4,4,11538710.0,1,4,0,0,0,1,1,1,0,0,20,2,100.0,0
116004.0,15469.1,1,0,116004.0,0,1,0,0,0,1,0,0,0,0,4,1,11600.4,1
0.0,18939.8,1,1,107730.0,1,1,0,1,0,0,0,0,0,1,2,3,107.73,1
0.0,256.1,1,1,20961586.0,1,1,0,0,0,1,1,0,0,0,6,2,20.0,0
65062719.3,12054626.78,1,0,65018162.0,0,2,1,1,0,1,0,1,1,1,3,2,65018.162,1
105283320.0,3373420.15,5,3,105283320.0,0,5,0,1,0,1,1,1,0,1,6,7,1000.0,1
0.0,762896587.2,1,1,693542352.0,1,1,0,1,0,1,0,0,0,1,21,5,693542.352,1
0.0,193.6,1,1,7816351.0,1,1,0,0,0,0,0,0,0,1,1,1,781635.1,0
14852413.0,5696.716667,3,2,14852413.0,0,3,0,1,0,0,1,1,0,1,23,4,10.0,0
55230683.0,5066837.75,6,4,55230683.0,0,6,0,1,0,1,1,1,0,1,16,6,100.0,1
0.0,12274.9,1,1,11159.0,1,1,0,0,0,1,0,0,0,0,9,4,1115.9,0
0.0,12.75,1,1,69.0,1,1,1,1,1,1,0,0,0,1,6,3,0.069,0
0.0,2311.6,4,4,1104155291.0,1,4,1,1,0,1,1,1,0,1,4,1,200.0,0
0.0,215.6,1,1,13714240.0,1,1,0,0,0,0,1,0,0,0,10,2,100.0,0
0.0,3967.7,1,1,104915109.0,1,1,0,0,0,0,0,0,0,1,3,3,10491510.9,0
0.0,544313271.7,1,1,494830247.0,1,1,0,1,0,1,1,0,0,1,24,4,10.0,1
0.0,9.0,4,4,15905671.0,1,4,0,0,0,1,1,1,0,0,17,1,20.0,0
152.3,168.63,1,1,1915720.0,1,1,0,0,0,0,0,0,1,0,2,3,191572.0,0
220990764.0,39512524.7,4,3,220990764.0,0,4,1,1,0,0,1,1,0,1,8,4,10.0,1
0.0,7.7,1,1,906343579.0,1,1,0,0,0,0,1,0,0,0,3,2,200.0,0
6157455.0,820996.7,1,0,6157455.0,0,1,0,0,0,1,1,0,0,0,8,0,100.0,1
140487.0,25755.95,1,0,140487.0,0,1,0,0,0,0,1,0,0,1,6,2,100.0,1
0.0,392.5,5,5,39507312.0,1,5,0,0,0,1,1,1,0,0,20,5,20.0,0
0.0,31.5,4,4,72365567.0,1,4,0,0,0,1,1,1,0,0,4,2,100.0,0
0.0,1.1,1,1,76552537.0,1,1,0,0,0,0,0,0,0,0,2,1,7655253.7,0
895145.0,164143.416667,1,0,895145.0,0,1,0,0,0,1,1,0,0,1,6,2,1000.0,1
9188241.0,1684520.85,6,0,9188241.0,0,6,0,1,0,1,1,1,0,1,19,3,100.0,1
5529171.0,1013691.35,5,2,5529171.0,0,5,0,1,0,1,1,1,0,1,17,7,100.0,1
12740690.0,2335793.466667,1,0,12740690.0,0,1,0,1,0,1,1,0,0,1,4,0,10.0,1
0.0,2312.2,1,1,284988.0,1,1,0,1,0,0,0,0,0,1,4,2,284.988,1
148624454.0,163486899.4,1,0,148624454.0,0,1,0,0,0,0,0,0,0,0,35,0,148624454.0,1
8750815.0,1604552.383333,1,0,8750815.0,0,1,0,1,0,1,1,0,0,1,11,5,10.0,1
0.0,28.6,1,1,27454.0,1,1,0,0,0,0,0,0,0,0,15,2,2745.4,0
23268541.0,5710967.283333,1,0,21962594.0,0,1,1,1,0,1,0,0,1,1,19,5,21962.594,1
3292838.3,5913680.196667,1,0,1361937.0,0,2,0,1,0,1,1,1,1,1,15,5,100.0,1
944.1,1660.01,1,1,18898804.0,1,1,0,0,0,0,1,0,1,0,9,3,10.0,0
1486.0,276.733333,2,1,1486.0,0,2,1,1,0,1,1,1,0,1,10,4,1.486,0
0.0,576.5,1,1,122908.0,1,1,0,0,0,1,1,0,0,0,7,2,100.0,0
70077275.0,9343636.666667,1,0,70077275.0,0,1,0,0,0,0,0,0,0,0,28,3,7007727.5,0
42528197.0,5670426.266667,1,0,42528197.0,0,1,0,0,0,0,0,0,0,0,8,4,4252819.7,1
0.0,6.8,3,3,194764872.0,1,3,0,0,0,1,0,1,0,0,13,4,19476487.2,0
0.0,71.5,5,5,183810519.0,1,5,0,0,0,0,0,1,0,0,17,1,18381051.9,0
0.0,399827693.1,1,1,363479721.0,1,1,0,1,0,0,0,0,0,1,25,4,363479.721,1
0.0,7.2,1,1,2151516.0,1,1,0,0,0,1,1,0,0,0,6,1,50.0,0
7279217.0,1054771.69808,1,0,7279217.0,0,1,0,0,0,1,0,0,0,0,39,3,727921.7,1
0.0,4.4,4,4,13373690.0,1,4,0,0,0,0,1,1,0,0,20,2,100.0,0
0.0,148.5,1,1,20778898.0,1,1,0,1,0,0,0,0,0,1,2,2,20778.898,0
1752007.0,321201.283333,1,0,1752007.0,0,1,0,1,0,0,1,0,0,1,22,1,10.0,1
0.0,2360.6,1,1,85267.0,1,1,0,0,0,0,0,0,0,1,2,3,8526.7,1
4001906.0,739250.866667,6,1,4001906.0,0,6,0,1,0,1,0,1,0,1,9,4,4001.906,1
0.0,8.4,1,1,32244.0,1,1,0,0,0,1,0,0,0,0,4,1,3224.4,0
0.0,551.2,3,3,1631794.0,1,3,0,0,0,1,1,1,0,0,20,1,100.0,0
0.0,3.3,1,1,12020.0,1,1,0,0,0,0,0,0,0,1,4,1,1202.0,0
36872.7,40562.17,1,1,11993751.0,1,1,0,0,0,0,1,0,1,0,5,1,10.0,0
0.0,1.1,1,1,1365.0,1,1,0,0,0,0,0,0,0,0,1,1,136.5,0
894.8,1076.68,1,1,15064728.0,1,1,0,0,0,0,0,0,1,0,5,1,1506472.8,0
0.0,3.3,3,3,4523706.0,1,3,0,0,0,0,1,1,0,0,20,5,20.0,0
47336529.0,8678363.65,8,4,47336529.0,0,8,0,1,0,0,1,1,0,1,23,5,100.0,1
1348.0,251.033333,2,1,1348.0,0,2,0,1,0,1,0,1,0,1,5,4,1.348,0
0.0,12161.6,1,1,11056.0,1,1,0,0,0,0,0,0,0,0,7,1,1105.6,0
0.0,3600487.0,1,1,3273170.0,1,1,0,0,0,0,1,0,0,0,10,1,1.0,0
4000802.0,607252.917813,1,0,4000802.0,0,1,0,0,0,1,0,0,0,0,27,3,400080.2,1
1547502.0,283708.7,1,0,1547502.0,0,1,0,1,0,0,1,0,0,1,9,5,1000.0,1
0.0,7651.6,2,2,3478.0,1,2,0,0,0,0,1,1,0,0,15,3,347.8,1
7728882.0,176752.816667,3,2,7728882.0,0,3,0,1,0,1,0,1,0,1,6,6,7728.882,1
0.0,60.5,1,1,64623960.0,1,1,0,0,0,0,0,0,0,1,4,1,6462396.0,0
0.0,1500.4,4,4,1669361810.0,1,4,0,1,0,0,0,1,0,1,12,1,1669361.81,0
0.0,76.5,4,4,524771311.0,1,4,1,0,0,1,1,1,0,0,10,2,50.0,0
0.0,22.5,4,4,86191394.0,1,4,0,0,0,1,1,1,0,0,19,4,20.0,0
0.0,155132984.6,1,1,141029986.0,1,1,0,0,0,0,0,0,0,1,3,3,14102998.6,0
8164.0,1496.733333,2,1,8164.0,0,2,0,1,0,0,1,1,0,1,4,2,8.164,1
19451807.6,2784874.626667,1,0,19368663.0,0,2,0,0,0,1,0,1,1,0,16,5,1936866.3,1
0.0,1.1,1,1,11265.0,1,1,0,0,0,0,0,0,0,0,11,2,1126.5,0
0.0,49.4,1,1,157719628.0,1,1,0,0,0,1,1,0,0,0,3,2,10.0,0
0.0,217.8,1,1,487501385.0,1,1,0,0,0,0,1,0,0,0,18,4,200.0,0
188098988.0,25079865.066667,1,0,188098988.0,0,1,0,0,0,0,0,0,0,0,17,1,18809898.8,1
0.0,27.2,3,3,151503.0,1,3,0,0,0,1,0,1,0,0,10,5,15150.3,0
25180956.0,4616291.716667,2,1,25180956.0,0,2,1,1,0,0,1,1,0,1,4,4,1000.0,1
0.0,36.3,1,1,707262.0,1,1,0,0,0,0,0,0,0,1,1,2,70726.2,0
9672119.0,2883162.416667,1,0,8664264.0,0,1,0,1,0,1,0,0,1,1,3,3,8664.264,1
50578402.0,9272707.033333,1,0,50578402.0,0,1,0,1,0,0,0,0,0,1,6,3,50578.402,1
639.3,1106.93,1,1,49656461.0,1,1,0,0,0,0,1,0,1,0,4,1,10.0,0
2578116.0,472654.6,8,3,2578116.0,0,8,0,1,0,0,0,1,0,1,16,4,2578.116,1
0.0,19.8,1,1,51168486.0,1,1,0,0,0,0,0,0,0,1,3,2,5116848.6,0
526148.0,96462.066667,1,0,526148.0,0,1,0,1,0,1,0,0,0,1,8,0,5261.48,1
323938503.0,59388727.55,6,0,323938503.0,0,6,1,1,0,1,1,1,0,1,27,4,20.0,1
1298577.5,341642.816667,1,0,1261267.0,0,1,0,1,0,1,1,0,1,1,7,0,100.0,1
0.0,1.1,1,1,7689.0,1,1,0,0,0,0,0,0,0,0,8,1,768.9,0
0.0,92.4,4,4,90891051.0,1,4,0,0,0,0,0,1,0,0,5,5,9089105.1,0
91810925.0,16832004.916667,4,2,91810925.0,0,4,0,1,0,1,1,1,0,1,14,1,20.0,1
123092999.0,22567051.316667,1,0,123092999.0,0,1,0,1,0,1,1,0,0,1,4,3,100.0,1
477123336.0,87472611.6,1,0,477123336.0,0,1,0,1,0,0,0,0,0,1,18,2,477123.336,1
23811648.0,4365469.6,5,2,23811648.0,0,5,0,1,0,1,1,1,0,1,16,8,10.0,1
0.0,11.0,5,5,58699337.0,1,5,0,0,0,0,0,1,0,0,12,5,5869933.7,0
16855073.0,3090106.716667,3,1,16855073.0,0,3,1,1,0,1,1,1,0,1,29,7,100.0,1
0.0,1.1,1,1,80884044.0,1,1,0,0,0,0,0,0,0,0,5,1,8088404.4,0
0.0,617.1,1,1,4490024.0,1,1,0,0,0,0,0,0,0,1,1,1,449002.4,0
19919408.0,3651893.466667,8,3,19919408.0,0,8,1,1,0,1,1,1,0,1,27,8,20.0,1
2023.0,419.783333,3,2,2023.0,0,3,1,1,0,1,0,1,0,1,12,4,2.023,1
275244591.0,50461510.95,3,0,275244591.0,0,3,0,1,0,1,0,1,0,1,7,8,275244.591,1
34698.0,6371.8,3,1,34698.0,0,3,0,1,0,1,0,1,0,1,14,2,34.698,1
0.0,555.0,1,1,81284.0,1,1,0,0,0,1,1,0,0,0,15,2,50.0,0
31082.4,34203.84,1,1,5209399.0,1,1,0,0,0,0,1,0,1,0,9,2,10.0,0
0.0,9.6,1,1,7259760.0,1,1,0,0,0,1,1,0,0,0,6,1,10.0,0
458.2,860.42,1,1,10547033.0,1,1,0,0,0,0,1,0,1,0,3,2,100.0,0
0.0,6.0,1,1,1415335.0,1,1,0,0,0,1,1,0,0,0,13,2,50.0,0
0.0,112.2,3,3,38606025.0,1,3,0,0,0,0,1,1,0,0,9,4,100.0,0
8552988.3,5411316.68,1,0,7155436.0,0,2,0,1,0,0,0,1,1,1,10,4,7155.436,1
12634290.0,2295293.483333,4,2,12634290.0,0,4,0,1,0,1,1,1,0,1,21,6,1000.0,1
26963.0,4943.216667,3,1,26963.0,0,3,0,1,0,0,0,1,0,1,14,3,26.963,1
348.0,387.2,1,1,3371633.0,1,1,0,0,0,0,1,0,1,0,2,3,10.0,0
441.0,87.35,1,0,441.0,0,1,1,1,1,1,1,0,0,1,15,1,0.441,0
107685942.0,25236.1,5,2,107685942.0,0,5,0,0,0,1,0,1,0,0,10,1,10768594.2,0
67798190.0,6383341.933333,5,1,67798190.0,0,5,0,0,0,0,1,1,0,0,23,5,100.0,1
3442899.0,631198.15,3,1,3442899.0,0,3,0,1,0,0,0,1,0,1,16,7,3442.899,1
0.0,1800.0,4,4,388066648.0,1,4,0,1,0,1,0,1,0,1,10,3,388066.648,0
3554141.0,651592.616667,1,0,3554141.0,0,1,0,0,0,1,1,0,0,1,14,4,100.0,1
0.0,27457425.6,6,6,4160216.0,1,6,0,0,0,0,1,1,0,0,3,2,100.0,1
0.0,353.2,1,1,30714.0,1,1,0,0,0,1,1,0,0,0,5,4,100.0,0
1911092.0,16859165.4,1,1,13415422.0,1,1,0,0,0,1,1,0,1,0,16,3,100.0,1
2943441.0,2353.866667,3,2,2943441.0,0,3,0,0,0,1,1,1,0,0,17,6,1000.0,0
17724814.0,2363308.533333,1,0,17724814.0,0,1,0,0,0,0,0,0,0,0,21,3,1772481.4,0
2120325.0,3540509.5,1,1,1098320.0,1,1,1,1,0,1,1,0,1,1,16,3,100.0,1
0.0,289.4,1,1,58504753.0,1,1,0,0,0,1,1,0,0,0,10,1,100.0,0
0.0,550.0,4,4,17204945.0,1,4,0,0,0,0,1,1,0,0,19,4,100.0,0
4076.0,748.066667,4,1,4076.0,0,4,1,1,1,1,1,1,0,1,9,4,4.076,1
0.0,29.7,1,1,57506.0,1,1,0,0,0,0,0,0,0,1,3,2,5750.6,0
37409619.0,6860239.55,8,2,37409619.0,0,8,1,1,0,1,0,1,0,1,17,8,37409.619,1
1113214.2,197591979.42,1,1,178515858.0,1,1,0,1,0,1,1,0,1,1,5,2,100.0,1
0.0,6746.8,4,4,2212607579.0,1,4,0,1,0,1,1,1,0,1,18,3,50.0,0
429392.7,472334.17,1,1,20209266.0,1,1,0,0,0,0,1,0,1,0,9,2,100.0,0
18949329.0,3474053.65,7,2,18949329.0,0,7,1,1,0,1,1,1,0,1,24,5,100.0,1
554986.0,73999.033333,1,0,554986.0,0,1,0,0,0,1,1,0,0,0,13,3,1000.0,1
0.0,1.1,1,1,1531758.0,1,1,0,1,0,0,0,0,0,1,3,1,1531.758,0
450.0,499.4,1,1,2489804.0,1,1,0,0,0,0,1,0,1,0,2,2,100.0,0
12004.0,2200.733333,3,1,12004.0,0,3,1,1,0,0,0,1,0,1,11,2,12.004,1
17503548.0,230.166667,2,1,17503548.0,0,2,0,0,0,1,1,1,0,0,3,4,100.0,0
242713451.0,266984796.1,1,0,242713451.0,0,1,0,1,0,1,1,0,0,1,23,0,100.0,1
0.0,221642458.4,1,1,201493144.0,1,1,0,0,0,0,0,0,0,1,1,3,20149314.4,0
196958088.0,39033651.3,1,0,194299388.0,0,1,0,1,0,1,1,0,1,1,17,4,100.0,1
0.0,2186.8,1,1,66840498.0,1,1,0,0,0,0,0,0,0,1,4,1,6684049.8,0
75209192.0,13788917.466667,1,0,75209192.0,0,1,0,1,0,1,0,0,0,1,15,2,75209.192,1
0.0,875.6,4,4,1490472608.0,1,4,0,0,0,0,1,1,0,0,7,4,10.0,0
26571922.0,3499685.016667,2,1,26571922.0,0,2,0,1,0,0,1,1,0,1,3,2,100.0,1
17507641.0,3209735.183333,6,3,17507641.0,0,6,1,1,0,1,1,1,0,1,21,3,10.0,1
54668781.0,10023994.95,3,0,54668781.0,0,3,0,1,0,1,0,1,0,1,23,6,54668.781,1
132838.0,24353.633333,1,0,132838.0,0,1,0,0,0,0,1,0,0,1,1,3,10.0,1
205131934.0,3642350.266667,5,4,205131934.0,0,5,0,0,0,0,0,1,0,0,17,4,20513193.4,1
326883537.0,39190596.533333,6,4,326883537.0,0,6,0,0,0,0,1,1,0,0,19,1,1000.0,1
382181490.0,70066664.6,8,2,382181490.0,0,8,0,1,0,1,0,1,0,1,30,5,382181.49,1
0.0,10596.8,4,4,1216847939.0,1,4,0,1,0,1,1,1,0,1,4,4,50.0,0
3159124.2,2351589.32,1,0,2319833.0,0,2,1,0,0,1,0,1,1,0,18,0,2319833.0,1
0.0,1500.4,1,1,113351973.0,1,1,0,0,0,0,0,0,0,1,3,1,11335197.3,0
350835393.0,385918932.3,1,0,350835393.0,0,1,0,1,0,0,0,0,0,1,8,0,3508353.93,1
5677020.0,1041520.6,1,0,5677020.0,0,1,0,1,0,1,0,0,0,1,7,3,5677.02,1
0.0,1.1,1,1,64380.0,1,1,0,0,0,0,1,0,0,0,4,2,1.0,0
195077318.0,35764184.966667,7,0,195077318.0,0,7,0,1,0,1,1,1,0,1,16,7,100.0,1
68413130.0,12542408.166667,6,2,68413130.0,0,6,1,1,0,1,1,1,0,1,4,4,10.0,1
0.0,22.0,1,1,253429.0,1,1,0,0,0,0,0,0,0,0,10,1,25342.9,0
283745.0,52021.016667,1,0,283745.0,0,1,0,1,0,1,0,0,0,1,9,0,2837.45,1
88005061.0,16137529.783333,1,0,88005061.0,0,1,0,1,0,1,0,0,0,1,15,1,88005.061,1
0.0,5002.8,4,4,1137.0,1,4,0,1,0,1,1,1,0,1,10,1,1.137,0
22331090.0,4094035.166667,8,2,22331090.0,0,8,1,1,0,1,1,1,0,1,14,2,20.0,1
0.0,85.8,1,1,8348480.0,1,1,0,0,0,0,1,0,0,0,11,2,100.0,0
3788.5,4210.25,1,1,1673116.0,1,1,0,0,0,0,0,0,1,0,4,1,167311.6,0
0.0,179.4,1,1,1436740.0,1,1,0,0,0,1,1,0,0,0,3,4,100.0,0
1671355.0,306415.083333,5,1,1671355.0,0,5,1,1,0,0,0,1,0,1,15,7,1671.355,1
1493.0,274.716667,3,2,1493.0,0,3,0,1,0,1,1,1,0,1,11,0,10.0,0
51461696.0,9437739.166667,1,0,51461696.0,0,1,1,1,0,1,1,0,0,1,6,5,10.0,1
0.0,5.5,1,1,9368388.0,1,1,0,0,0,0,1,0,0,0,9,2,10.0,0
0.0,10007.2,4,4,707751595.0,1,4,0,0,0,1,1,1,0,0,5,1,50.0,0
5689995.0,1043166.75,7,0,5689995.0,0,7,0,1,0,1,1,1,0,1,4,1,10.0,1
0.0,744703195.5,3,3,225667635.0,1,3,0,1,0,1,0,1,0,1,6,4,225667.635,1
529562005.0,97086378.483333,1,0,529562005.0,0,1,1,1,0,1,1,0,0,1,12,0,10.0,1
0.0,1448312.8,1,1,1316648.0,1,1,0,0,0,1,1,0,0,0,13,1,50.0,0
10541.0,1958.616667,1,0,10541.0,0,1,1,1,0,1,1,0,0,1,15,1,10.541,1
0.0,1.1,1,1,305621.0,1,1,0,0,0,0,1,0,0,0,10,2,1.0,0
9668154.0,1773801.5,4,2,9668154.0,0,4,0,1,0,1,0,1,0,1,18,2,9668.154,1
0.0,1.1,1,1,18631304.0,1,1,0,0,0,0,1,0,0,0,8,1,1.0,0
0.0,590.6,1,1,212993.0,1,1,0,0,0,1,1,0,0,0,11,1,10.0,0
310.9,346.39,1,1,3602194.0,1,1,0,0,0,0,1,0,1,0,7,2,100.0,0
1717783.0,315197.783333,1,0,1717783.0,0,1,0,1,0,1,1,0,0,1,2,2,10.0,1
56493350.0,71163686.566667,1,0,1214690.0,0,2,0,1,0,1,0,1,1,1,9,4,1214.69,1
0.0,4208206186.8,4,4,956410497.0,1,4,0,0,0,1,1,1,0,0,9,6,200.0,0
5816.0,1066.466667,2,1,5816.0,0,2,1,1,0,1,1,1,0,1,3,4,5.816,1
0.0,31.5,4,4,4928911.0,1,4,0,0,0,1,0,1,0,0,15,1,492891.1,0
22235640.0,4076534.0,1,0,22235640.0,0,1,1,1,0,0,1,0,0,1,15,2,10.0,1
21495.0,3942.15,4,1,21495.0,0,4,0,1,0,1,1,1,0,1,8,1,10.0,1
4632.0,851.7,4,2,4632.0,0,4,0,1,0,1,1,1,0,1,14,0,10.0,1
0.0,752.4,1,1,3238088.0,1,1,0,0,0,0,1,0,0,0,4,2,20.0,0
0.0,1.1,1,1,48292.0,1,1,0,0,0,0,1,0,0,0,2,2,1.0,0
0.0,116.5,1,1,43843039.0,1,1,0,0,0,1,1,0,0,0,4,1,10.0,0
3803399.0,697290.916667,5,2,3803399.0,0,5,1,1,0,1,0,1,0,1,7,8,3803.399,1
663.0,146.65,1,0,663.0,0,1,0,1,0,1,1,0,0,1,14,2,0.663,0
4350767.0,102793.05,4,3,4350767.0,0,4,1,1,0,1,1,1,0,1,24,7,100.0,1
0.0,1.1,1,1,71381822.0,1,1,0,0,0,0,0,0,0,0,8,1,7138182.2,0
151912.2,167104.52,1,1,30080360.0,1,1,0,0,0,0,1,0,1,0,9,2,100.0,0
0.0,275499.4,1,1,250454.0,1,1,0,1,0,1,1,0,0,1,9,1,250.454,1
0.0,159.5,5,5,698045.0,1,5,0,0,0,0,0,1,0,0,14,3,69804.5,0
2503328.0,333777.066667,1,0,2503328.0,0,1,0,0,0,0,0,0,0,0,17,4,250332.8,1
0.0,216.7,1,1,6941718.0,1,1,0,0,0,0,1,0,0,0,15,3,20.0,0
0.0,428.8,1,1,1245873.0,1,1,0,0,0,1,1,0,0,0,6,4,20.0,0
0.0,1.1,1,1,2655.0,1,1,0,0,0,0,1,0,0,0,9,1,1.0,0
39127.0,7174.183333,4,1,39127.0,0,4,0,1,0,1,1,1,0,1,7,2,39.127,1
0.0,6000868.5,1,1,5455335.0,1,1,0,0,0,0,0,0,0,0,32,4,545533.5,0
0.0,1969.5,1,1,640694460.0,1,1,0,0,0,1,0,0,0,0,16,6,64069446.0,0
1574.0,288.566667,1,0,1574.0,0,1,1,1,0,0,0,0,0,1,7,1,1.574,0
0.0,1.1,1,1,87472.0,1,1,0,0,0,0,1,0,0,0,12,2,1.0,0
10870628.0,4186.8,5,4,10870628.0,0,5,0,0,0,0,0,1,0,0,7,2,1087062.8,0
2230982.0,409022.466667,4,0,2230982.0,0,4,0,1,0,1,0,1,0,1,18,8,2230.982,1
11201399.0,8925.216667,2,1,11201399.0,0,2,0,1,0,1,1,1,0,1,6,3,1000.0,1
317056.0,58131.633333,1,0,317056.0,0,1,0,1,0,1,1,0,0,1,11,5,10.0,1
0.0,45394905.6,6,6,6878016.0,1,6,0,1,0,0,1,1,0,1,15,6,1000.0,1
151448976.0,27765646.1,3,1,151448976.0,0,3,0,1,0,1,1,1,0,1,22,2,10.0,1
4683.2,5281.32,1,1,12651.0,1,1,0,0,0,0,1,0,1,0,9,1,100.0,0
4332907.0,794366.283333,1,0,4332907.0,0,1,1,1,0,0,0,0,0,1,21,3,4332.907,1
0.0,23.8,3,3,1462876790.0,1,3,0,0,0,1,1,1,0,0,14,2,50.0,0
0.0,135.9,1,1,429930.0,1,1,0,0,0,1,1,0,0,0,13,4,50.0,0
0.0,1.1,1,1,1561145.0,1,1,0,0,0,0,1,0,0,0,11,1,1.0,0
71890431.9,19642467.24,1,0,69540412.0,0,1,0,1,0,0,1,0,1,1,9,4,100.0,1
0.0,85.8,2,2,89618483.0,1,2,0,0,0,0,0,1,0,0,19,5,8961848.3,0
0.0,27.0,4,4,24561479.0,1,4,0,0,0,1,1,1,0,0,20,2,20.0,0
0.0,92.4,3,3,821350285.0,1,3,0,0,0,0,1,1,0,0,3,1,10.0,0
0.0,36.3,3,3,23419987.0,1,3,0,0,0,0,0,1,0,0,4,4,2341998.7,0
0.0,1.1,1,1,1258409.0,1,1,0,0,0,0,0,0,0,1,3,3,125840.9,0
0.0,549465335.1,1,1,499513941.0,1,1,1,1,0,0,0,0,0,1,4,4,499513.941,1
0.0,3899016976.8,3,3,1181520296.0,1,3,0,0,0,1,0,1,0,0,5,5,118152029.6,0
88210.8,97305.78,1,1,5390092.0,1,1,0,0,0,0,1,0,1,0,7,2,10.0,0
0.0,22.5,4,4,1247577347.0,1,4,0,0,0,1,0,1,0,0,2,3,124757734.7,0
0.0,3.4,3,3,1370755251.0,1,3,1,0,0,1,0,1,0,0,16,4,137075525.1,0
91982.1,101208.91,1,1,229668.0,1,1,0,0,0,0,1,0,1,0,3,2,10.0,0
0.0,2385.9,1,1,549794.0,1,1,0,0,0,0,0,0,0,0,10,1,54979.4,1
34450.0,6357.533333,4,2,34450.0,0,4,0,1,0,1,0,1,0,1,15,4,34.45,1
1763103.0,323235.95,1,0,1763103.0,0,1,0,0,0,1,1,0,0,1,17,3,100.0,1
0.0,140.083333,1,1,763.0,1,1,0,1,0,1,1,0,0,1,8,0,7.63,0
0.0,301.4,1,1,35340.0,1,1,0,0,0,0,0,0,0,0,5,3,3534.0,0
6338721.0,682952.166667,3,1,6338721.0,0,3,0,0,0,0,1,1,0,0,15,5,10.0,1
0.0,37584474.4,1,1,34167704.0,1,1,0,0,0,0,0,0,0,0,20,3,3416770.4,1
0.0,1.1,1,1,8499.0,1,1,0,0,0,0,1,0,0,0,6,1,1.0,0
195582693.9,26170785.29,1,0,195542300.0,0,1,1,0,0,1,1,0,1,0,6,1,100.0,1
2303910.0,422482.7,6,2,2303910.0,0,6,1,1,0,1,0,1,0,1,9,3,2303.91,1
6757383.0,1241259.05,1,0,6757383.0,0,1,0,1,0,1,1,0,0,1,18,0,10.0,1
8681002.0,1642141.383333,1,0,8662597.0,0,1,1,1,0,1,0,0,1,1,9,4,8662.597,1
0.0,5236946.0,2,2,2380430.0,1,2,0,0,0,1,0,1,0,0,13,1,238043.0,0
90131.7,99418.77,1,1,506272.0,1,1,0,0,0,0,1,0,1,0,8,3,100.0,0
6332.0,1190.666667,4,2,6332.0,0,4,1,1,1,1,0,1,0,1,3,3,6.332,1
31150715.0,4115574.8,4,2,31150715.0,0,4,0,0,0,0,1,1,0,0,8,2,100.0,1
0.0,10928475.8,1,1,9934978.0,1,1,1,1,0,0,0,0,0,1,21,4,9934.978,1
472466.0,10540.6,4,1,472466.0,0,4,0,1,0,1,1,1,0,1,17,7,10.0,1
1306677.0,6255780.3,1,1,2190198.0,1,2,0,1,0,1,0,1,1,1,7,5,2190.198,1
116445037.0,21472650.971962,1,0,116445037.0,0,1,0,0,0,1,0,0,0,0,39,1,11644503.7,1
0.0,8.8,4,4,10392098.0,1,4,0,0,0,0,0,1,0,0,17,4,1039209.8,0
4436919.0,591589.2,1,0,4436919.0,0,1,0,0,0,0,1,0,0,0,15,3,10.0,1
0.0,396.0,3,3,2417381.0,1,3,0,0,0,0,1,1,0,0,4,5,20.0,0
0.0,101.2,1,1,9231591.0,1,1,0,0,0,0,0,0,0,1,3,2,923159.1,0
5433494.0,996140.566667,1,0,5433494.0,0,1,0,1,0,0,0,0,0,1,5,4,5433.494,1
527513103.0,96710735.55,1,0,527513103.0,0,1,0,1,0,0,1,0,0,1,7,1,100.0,1
0.0,1.1,1,1,11172.0,1,1,0,0,0,0,1,0,0,0,5,1,1.0,0
10673179.0,1469189.948464,1,0,10673179.0,0,1,0,0,0,1,0,0,0,0,30,0,10673179.0,1
176.4,33686103.44,1,1,30623554.0,1,1,0,0,0,0,0,0,1,0,3,1,3062355.4,0
6626248.0,26493.7,4,3,6626248.0,0,4,0,0,0,1,0,1,0,0,19,7,662624.8,1
0.0,6115.4,3,3,1288349830.0,1,3,0,1,0,1,1,1,0,1,10,4,50.0,0
0.0,720.4,1,1,67583.0,1,1,0,0,0,1,1,0,0,0,13,3,10.0,1
32889.9,36198.69,1,1,341429.0,1,1,0,0,0,0,1,0,1,0,5,1,100.0,0
0.0,2096.6,2,2,562219353.0,1,2,0,0,0,0,0,1,0,0,8,1,56221935.3,0
0.0,7872963281.700001,3,3,2385746449.0,1,3,0,0,0,1,1,1,0,0,6,5,10.0,0
0.0,27.5,1,1,41401.0,1,1,0,0,0,0,0,0,0,1,1,3,4140.1,0
0.0,50.4,1,1,54798.0,1,1,0,0,0,1,1,0,0,0,7,3,50.0,0
0.0,1.1,1,1,42073.0,1,1,0,0,0,0,1,0,0,0,9,1,1.0,0
334.9,379.39,1,1,6222123.0,1,1,0,0,0,0,1,0,1,0,2,3,10.0,0
0.0,1.1,1,1,7511654.0,1,1,0,0,0,0,1,0,0,0,6,1,1.0,0
268851337.0,49289411.983333,1,0,268851337.0,0,1,0,1,1,1,1,0,0,1,11,4,100.0,1
0.0,1.1,1,1,207885.0,1,1,0,0,0,0,0,0,0,0,11,2,20788.5,0
31551152.0,5784387.866667,3,1,31551152.0,0,3,1,1,0,1,1,1,0,1,15,6,100.0,1
63536.0,8471.466667,1,0,63536.0,0,1,0,0,0,0,0,0,0,0,10,3,6353.6,1
0.0,1.1,1,1,7606053.0,1,1,0,0,0,0,1,0,0,0,12,3,20.0,0
4982970.0,913544.5,1,0,4982970.0,0,1,1,1,0,0,1,0,0,1,22,5,100.0,1
0.0,1574.1,1,1,239656981.0,1,1,0,0,0,0,0,0,0,1,1,2,23965698.1,0
772209.0,1945.816667,6,5,772209.0,0,6,0,1,0,1,1,1,0,1,8,7,772.209,1
2488.0,456.133333,3,1,2488.0,0,3,0,1,1,0,1,1,0,1,14,1,2.488,1
0.0,2394.7,1,1,2297654.0,1,1,0,0,0,0,0,0,0,1,1,3,229765.4,1
0.0,139072225.6,4,4,31607324.0,1,4,0,0,0,1,1,1,0,0,6,6,1000.0,1
0.0,1.2,1,1,16125603.0,1,1,0,0,0,1,1,0,0,0,5,2,100.0,0
0.0,1155.1,3,3,151941339.0,1,3,0,0,0,1,1,1,0,0,20,2,100.0,0
49449660.9,9130236.04,1,0,49426220.0,0,1,0,1,0,1,0,0,1,1,11,1,49426.22,1
640552.0,117434.533333,1,0,640552.0,0,1,0,1,0,0,1,0,0,1,8,1,640.552,1
1744061.0,232551.766667,1,0,1744061.0,0,1,0,0,0,1,0,0,0,0,8,1,174406.1,1
97892154.0,49401.666667,5,4,97892154.0,0,5,0,0,0,1,1,1,0,0,24,3,10.0,0
24696.0,4528.0,3,0,24696.0,0,3,1,1,0,1,1,1,0,1,9,0,100.0,1
0.0,4.4,4,4,1440527477.0,1,4,0,1,0,0,1,1,0,1,13,1,200.0,0
0.0,1.1,1,1,1092.0,1,1,0,0,0,0,1,0,0,0,9,2,1.0,0
0.0,1124.1,1,1,989741.0,1,1,0,0,0,1,1,0,0,0,2,3,10.0,1
33628.0,6165.133333,3,2,33628.0,0,3,1,1,0,0,1,1,0,1,10,4,10.0,1
0.0,89331.0,3,3,27070.0,1,3,1,1,1,1,0,1,0,1,14,3,27.07,1
0.0,1.1,1,1,120421343.0,1,1,0,0,0,0,0,0,0,0,6,1,12042134.3,0
0.0,3.3,1,1,7148679.0,1,1,0,0,0,0,0,0,0,1,4,1,714867.9,0
4142182.1,986995.826667,1,0,4059420.0,0,1,0,1,0,0,0,0,1,1,8,1,4059.42,1
404452465.0,74149623.283333,1,0,404452465.0,0,1,0,1,0,1,0,0,0,1,8,1,404452.465,1
24351643.0,715.033333,2,1,24351643.0,0,2,0,0,0,0,1,1,0,0,24,6,1000.0,0
0.0,1151.6,1,1,7802148.0,1,1,0,0,0,1,1,0,0,0,13,2,10.0,0
45923.0,202061.2,4,0,45923.0,0,4,0,1,0,1,0,1,0,1,9,0,459.23,1
0.0,1699.6,4,4,16935392.0,1,4,0,0,0,1,1,1,0,0,9,4,100.0,0
339.0,86.85,2,0,339.0,0,2,0,1,0,1,0,1,0,1,10,4,0.339,0
1340121.0,245688.95,1,0,1340121.0,0,1,0,1,0,1,1,0,0,1,14,0,100.0,1
16426470.0,3011521.5,3,0,16426470.0,0,3,1,1,0,1,1,1,0,1,17,5,20.0,1
0.0,7213.8,1,1,14960081.0,1,1,0,1,0,0,0,0,0,1,3,1,14960.081,1
178936448.0,155905.383333,6,4,178936448.0,0,6,1,1,0,0,1,1,0,1,25,6,100.0,0
0.0,3075.6,2,2,1117978161.0,1,2,1,0,0,0,1,1,0,0,13,6,50.0,0
28756779.0,3761765.733333,4,1,28756779.0,0,4,0,0,0,1,1,1,0,0,10,5,100.0,1
0.0,12.1,1,1,131569725.0,1,1,0,0,0,0,0,0,0,1,1,2,13156972.5,0
15708.3,17329.73,1,1,106794.0,1,1,0,0,0,0,1,0,1,0,6,2,100.0,0
0.0,32906.5,1,1,29915.0,1,1,0,0,0,0,1,0,0,0,3,4,50.0,1
0.0,18.4,2,2,674547497.0,1,2,0,0,0,1,1,1,0,0,14,2,10.0,0
228374306.0,41868623.766667,5,1,228374306.0,0,5,1,1,0,1,1,1,0,1,28,6,10.0,1
3882713.0,517695.066667,1,0,3882713.0,0,1,0,0,0,0,1,0,0,0,6,0,1000.0,1
19487.0,85742.8,4,0,19487.0,0,4,0,1,0,1,0,1,0,1,14,0,194.87,1
0.0,2698.8,1,1,66195.0,1,1,0,0,0,1,0,0,0,0,3,3,6619.5,1
3297607.0,439680.933333,1,0,3297607.0,0,1,0,0,0,0,0,0,0,0,9,0,3297607.0,0
17467326.6,3262067.76,1,0,17061704.0,0,1,0,0,0,1,0,0,1,0,5,0,17061704.0,1
0.0,2129624821.5,5,5,387204513.0,1,5,0,0,0,1,1,1,0,0,19,5,100.0,0
0.0,27.0,4,4,1114006895.0,1,4,0,0,0,1,0,1,0,0,2,6,111400689.5,0
0.0,32122.2,2,2,14601.0,1,2,0,1,0,1,0,1,0,1,7,3,14.601,1
32428726.0,5946044.933333,1,0,32428726.0,0,1,0,1,0,1,0,0,0,1,4,3,32428.726,1
235774605.0,4600.033333,4,2,235774605.0,0,4,0,0,0,1,0,1,0,0,5,3,23577460.5,0
3777954.0,692628.5,1,0,3777954.0,0,1,0,1,0,1,1,0,0,1,23,5,100.0,1
0.0,44.0,5,5,34703796.0,1,5,0,0,0,0,0,1,0,0,18,2,3470379.6,0
0.0,44.0,5,5,9052594.0,1,5,0,0,0,0,1,1,0,0,13,3,20.0,0
0.0,4.6,2,2,7311448.0,1,2,0,0,0,1,0,1,0,0,9,5,731144.8,0
0.0,231.1,1,1,11631.0,1,1,0,0,0,1,1,0,0,0,3,2,100.0,0
0.0,40.8,3,3,20700139.0,1,3,0,0,0,1,1,1,0,0,12,5,20.0,0
0.0,81.6,1,1,84307331.0,1,1,0,1,0,1,1,0,0,1,2,1,200.0,0
0.0,2964.5,1,1,2695.0,1,1,0,0,0,0,1,0,0,0,7,1,1.0,0
1795700.0,239469.266667,1,0,1795700.0,0,1,0,0,0,1,1,0,0,0,11,3,10.0,1
13253678.1,3328449.56,1,0,12926914.0,0,2,0,1,0,1,1,1,1,1,14,4,100.0,1
0.0,1.1,1,1,338357669.0,1,1,0,0,0,0,0,0,0,0,1,2,33835766.9,0
0.0,220.5,4,4,190802577.0,1,4,0,0,0,1,0,1,0,0,7,3,19080257.7,0
3515533.0,644514.383333,6,1,3515533.0,0,6,1,1,0,0,1,1,0,1,11,4,100.0,1
3371494.0,618107.233333,1,0,3371494.0,0,1,0,0,0,0,1,0,0,1,4,4,1000.0,1
0.0,5.6,5,5,98215997.0,1,5,0,0,0,1,0,1,0,0,6,1,9821599.7,0
15465958.0,2973500.169408,1,0,15465958.0,0,1,0,0,0,1,0,0,0,0,16,0,15465958.0,1
127306863.0,16974248.4,1,0,127306863.0,0,1,0,0,0,0,0,0,0,0,11,2,12730686.3,0
0.0,22.0,1,1,286226.0,1,1,0,0,0,0,0,0,0,1,1,3,28622.6,0
147214756.0,10456006.333333,3,2,147214756.0,0,3,1,1,0,1,1,1,0,1,10,1,1000.0,1
0.0,872.4,4,4,45268026.0,1,4,0,0,0,1,1,1,0,0,16,2,100.0,0
47199.0,109550.1,1,1,52392.0,1,1,0,0,0,0,1,0,1,0,4,3,100.0,0
0.0,2147.1,1,1,39428.0,1,1,0,0,0,1,1,0,0,0,7,1,10.0,1
100.5,116.05,1,1,258298.0,1,1,0,0,0,0,0,0,1,0,6,3,25829.8,0
0.0,6.6,1,1,137245.0,1,1,0,0,0,0,0,0,0,1,2,3,13724.5,0
4825946.0,1863630.466667,1,0,3937500.0,0,1,1,1,0,1,0,0,1,1,11,5,3937.5,1
0.0,74.6,3,3,338499.0,1,3,0,0,0,1,1,1,0,0,6,2,20.0,0
2959.0,747854.8,1,1,676909.0,1,1,0,0,0,0,1,0,1,0,10,3,100.0,0
3179920.0,582985.333333,1,0,3179920.0,0,1,0,1,0,0,0,0,0,1,23,5,3179.92,1
175738.0,32218.633333,1,0,175738.0,0,1,0,1,0,0,1,0,0,1,8,2,100.0,1
4088123.0,749711.516667,1,0,4088123.0,0,1,0,1,0,1,0,0,0,1,16,1,4088.123,1
215719.3,237296.73,1,1,117605.0,1,1,0,0,0,0,1,0,1,0,5,1,10.0,0
15694284.0,2092571.2,1,0,15694284.0,0,1,0,0,0,0,0,0,0,0,22,4,1569428.4,1
0.0,4.4,1,1,167372.0,1,1,0,0,0,0,1,0,0,0,4,1,20.0,0
492281355.0,90251581.75,1,0,492281355.0,0,1,0,1,0,0,0,0,0,1,24,0,4922813.55,1
0.0,2.2,1,1,337653873.0,1,1,0,0,0,0,0,0,0,1,1,3,33765387.3,0
0.0,377.3,1,1,7768588.0,1,1,0,0,0,0,1,0,0,0,14,2,10.0,0
32884.0,6034.933333,3,0,32884.0,0,3,0,1,1,1,0,1,0,1,10,3,32.884,1
99418577.0,18226751.916667,1,0,99418577.0,0,1,0,1,0,1,0,0,0,1,6,5,99418.577,1
0.0,39.6,4,4,22814681.0,1,4,0,0,0,0,1,1,0,0,10,3,100.0,0
0.0,409.5,4,4,199839931.0,1,4,0,0,0,1,1,1,0,0,20,1,100.0,0
0.0,86.4,1,1,339074333.0,1,1,1,0,0,1,1,0,0,0,12,4,10.0,0
0.0,87829527.5,1,1,79845025.0,1,1,0,0,0,1,0,0,0,0,16,6,7984502.5,0
0.0,14.4,1,1,46389.0,1,1,0,0,0,1,0,0,0,0,10,1,4638.9,0
655138.0,87351.833333,1,0,655138.0,0,1,0,0,0,1,0,0,0,0,18,0,655138.0,1
24844990.4,4631134.456667,1,0,24817411.0,0,2,0,1,0,1,1,1,1,1,20,4,100.0,1
0.0,796.4,2,2,302309.0,1,2,0,0,0,0,1,1,0,0,20,3,20.0,0
420.0,77.4,2,1,420.0,0,2,0,1,0,1,1,1,0,1,9,1,0.42,0
0.0,11.0,2,2,45483106.0,1,2,0,0,0,0,1,1,0,0,7,2,100.0,0
68432340.0,293678.1,2,1,68432340.0,0,2,0,0,0,0,1,1,0,0,3,4,100.0,1
34665.0,6369.15,4,2,34665.0,0,4,1,1,0,1,1,1,0,1,3,2,34.665,1
78676551.0,14424034.35,1,0,78676551.0,0,1,0,1,0,0,1,0,0,1,5,3,100.0,1
6590204.0,1208205.066667,6,0,6590204.0,0,6,0,1,0,1,1,1,0,1,22,4,10.0,1
0.0,647089666.3,1,1,588263333.0,1,1,0,0,0,0,0,0,0,0,34,2,58826333.3,1
0.0,4990360.1,1,1,4536691.0,1,1,0,0,0,1,0,0,0,0,27,1,453669.1,1
148.6,322.96,1,1,11088173.0,1,1,0,0,0,0,1,0,1,0,4,1,100.0,0
16077555.0,2947551.75,1,0,16077555.0,0,1,1,1,0,0,1,0,0,1,6,4,10.0,1
0.0,1.1,1,1,39222240.0,1,1,0,0,0,0,1,0,0,0,1,1,1.0,0
0.0,9.6,1,1,302871.0,1,1,0,0,0,1,1,0,0,0,10,2,100.0,0
0.0,4.4,1,1,33899.0,1,1,0,0,0,0,1,0,0,0,15,1,50.0,0
258578.9,284566.59,1,1,62809.0,1,1,0,0,0,0,1,0,1,0,8,3,10.0,0
0.0,30.8,1,1,194524035.0,1,1,0,1,0,0,0,0,0,1,1,2,194524.035,0
0.0,1645372.3,1,1,1495793.0,1,1,0,0,0,0,1,0,0,0,12,4,10.0,0
776613.0,104256.9,1,0,776613.0,0,1,0,0,0,1,1,0,0,0,10,4,10.0,1
0.0,41.8,2,2,171556001.0,1,2,0,1,0,0,0,1,0,1,6,6,171556.001,0
0.0,18936085.3,1,1,17214623.0,1,1,0,0,0,1,1,0,0,0,8,2,20.0,0
0.0,32410393.4,1,1,29463994.0,1,1,0,0,0,0,0,0,0,1,4,2,2946399.4,0
0.0,1.1,1,1,285004.0,1,1,0,0,0,0,1,0,0,0,5,1,1.0,0
0.0,16.8,5,5,10465771.0,1,5,0,0,0,1,1,1,0,0,3,2,100.0,0
0.0,27.0,4,4,1848964282.0,1,4,1,1,0,1,1,1,0,1,16,4,200.0,0
0.0,1.1,1,1,45006.0,1,1,0,0,0,0,0,0,0,0,7,2,4500.6,0
0.0,35.2,4,4,563586319.0,1,4,0,0,0,0,1,1,0,0,10,5,200.0,0
0.0,8786.8,1,1,6959876.0,1,1,0,0,0,0,0,0,0,1,3,3,695987.6,1
0.0,4.8,1,1,186536991.0,1,1,0,0,0,1,1,0,0,0,15,3,10.0,0
231111245.0,1284577.8,4,3,231111245.0,0,4,0,0,0,1,0,1,0,0,21,5,23111124.5,1
0.0,1.1,1,1,89948.0,1,1,0,0,0,0,1,0,0,0,12,2,1.0,0
3851392.0,547091.201075,1,0,3851392.0,0,1,0,0,0,1,0,0,0,0,14,3,385139.2,1
39435457.0,5258060.933333,1,0,39435457.0,0,1,0,0,0,0,0,0,0,0,8,4,3943545.7,1
0.0,129.6,1,1,301317443.0,1,1,0,0,0,1,1,0,0,0,17,6,50.0,0
2487.0,2736.8,1,1,1636823.0,1,1,0,0,0,0,1,0,1,0,3,2,10.0,0
132681.0,2211.916667,2,1,132681.0,0,2,0,1,0,0,1,1,0,1,25,3,100.0,0
8439.7,9285.87,1,1,156769.0,1,1,0,0,0,0,1,0,1,0,4,3,100.0,0
0.0,1.1,1,1,9791.0,1,1,0,0,0,0,0,0,0,0,12,1,979.1,0
1437635.0,263566.416667,1,0,1437635.0,0,1,1,1,0,0,1,0,0,1,12,5,10.0,1
0.0,149589099.0,1,1,135990090.0,1,1,0,0,0,1,0,0,0,0,2,1,13599009.0,0
0.0,1.1,1,1,54854.0,1,1,0,0,0,0,0,0,0,0,12,2,5485.4,0
0.0,24.3,2,2,132.0,1,2,0,1,0,1,1,1,0,1,3,2,0.132,0
89542.2,141400197.62,1,1,64228046.0,1,2,1,1,0,0,0,1,1,1,17,2,64228.046,1
0.0,3427.5,1,1,30140.0,1,1,0,0,0,1,1,0,0,0,13,4,10.0,1
0.0,2.2,1,1,1930682.0,1,1,0,0,0,0,0,0,0,1,4,1,193068.2,0
198604173.6,39691058.06,1,0,192860698.0,0,1,0,0,0,1,1,0,1,0,12,5,100.0,1
8795.9,9695.29,1,1,1699003.0,1,1,0,0,0,0,1,0,1,0,4,1,100.0,0
183820282.3,34114359.913333,1,0,183669746.0,0,2,1,1,0,0,0,1,1,1,8,3,183669.746,1
117.0,22.35,1,0,117.0,0,1,1,1,1,1,1,0,0,1,14,3,0.117,0
0.0,1740.0,1,1,17508388.0,1,1,0,0,0,1,1,0,0,0,11,2,20.0,0
8575559.0,9116733.716667,1,0,1716880.0,0,2,0,1,0,1,1,1,1,1,16,3,100.0,1
0.0,1077.8,3,3,301772366.0,1,3,0,0,0,1,0,1,0,0,15,6,30177236.6,0
4408687.0,587824.933333,1,0,4408687.0,0,1,0,0,0,0,1,0,0,0,10,0,1000.0,1
0.0,611547059.2,4,4,138987968.0,1,4,1,1,0,1,0,1,0,1,15,3,138987.968,1
197.0,39.816667,1,0,197.0,0,1,1,1,0,1,0,0,0,1,10,1,0.197,0
20144277.0,3693152.35,6,1,20144277.0,0,6,0,1,0,1,0,1,0,1,16,8,20144.277,1
0.0,2.2,2,2,140261472.0,1,2,0,0,0,0,1,1,0,0,5,5,20.0,0
13441462.0,2464269.033333,8,3,13441462.0,0,8,0,1,0,1,1,1,0,1,14,4,10.0,1
0.0,18.7,1,1,90450417.0,1,1,0,0,0,0,1,0,0,0,5,2,20.0,0
0.0,422568158.1,1,1,384152871.0,1,1,0,1,1,1,1,0,0,1,8,4,10.0,1
35891416.0,5185953.145202,1,0,35891416.0,0,1,0,0,0,1,0,0,0,0,11,2,3589141.6,1
26487.0,4872.85,1,0,26487.0,0,1,0,1,0,1,0,0,0,1,5,3,26.487,1
4413.0,809.25,2,1,4413.0,0,2,0,1,0,1,1,1,0,1,13,3,4.413,1
1482.0,289.2,2,1,1482.0,0,2,1,1,0,1,1,1,0,1,15,3,1.482,0
12283.0,2258.183333,3,1,12283.0,0,3,1,1,1,1,1,1,0,1,15,2,12.283,1
69388893.0,12721299.05,3,0,69388893.0,0,3,1,1,0,1,1,1,0,1,22,6,20.0,1
0.0,1.1,1,1,21559.0,1,1,0,0,0,0,1,0,0,0,12,2,1.0,0
0.0,134904619.3,1,1,122640563.0,1,1,0,0,0,0,1,0,0,0,1,1,1.0,0
0.0,620.5,3,3,3968136.0,1,3,0,0,0,1,1,1,0,0,11,2,100.0,0
292352219.0,53597686.816667,2,1,292352219.0,0,2,0,1,0,0,1,1,0,1,6,5,100.0,1
0.0,1.1,1,1,7117.0,1,1,0,0,0,0,1,0,0,0,12,1,1.0,0
16223.0,2990.516667,3,2,16223.0,0,3,1,1,0,1,1,1,0,1,5,2,10.0,1
5964581.0,1093506.516667,1,0,5964581.0,0,1,0,1,0,0,0,0,0,1,11,5,5964.581,1
0.0,1.1,1,1,16559.0,1,1,0,0,0,0,1,0,0,0,1,1,1.0,0
1883898.0,345381.3,1,0,1883898.0,0,1,1,1,0,0,0,0,0,1,25,1,1883.898,1
408513871.0,74894209.683333,3,1,408513871.0,0,3,0,1,0,0,1,1,0,1,9,8,20.0,1
101113457.0,18537467.716667,7,2,101113457.0,0,7,1,1,0,1,1,1,0,1,9,2,10.0,1
19214031.7,3577104.153333,1,0,19194202.0,0,1,1,1,0,0,1,0,1,1,9,5,100.0,1
0.0,162.7,1,1,15939.0,1,1,0,0,0,1,1,0,0,0,9,2,10.0,0
58901385.0,7853518.0,1,0,58901385.0,0,1,0,0,0,0,0,0,0,0,11,0,58901385.0,0
0.0,82.8,2,2,1008301501.0,1,2,0,1,0,1,0,1,0,1,10,3,1008301.501,0
0.0,1.1,1,1,66794953.0,1,1,0,0,0,0,1,0,0,0,11,1,1.0,0
0.0,13.6,3,3,1193390160.0,1,3,0,0,0,1,1,1,0,0,2,4,50.0,0
1241888.0,227679.566667,1,0,1241888.0,0,1,0,1,0,1,0,0,0,1,15,0,12418.88,1
50575.0,6743.333333,1,0,50575.0,0,1,0,0,0,0,1,0,0,0,12,4,10.0,1
0.0,4.4,1,1,8740401.0,1,1,0,1,0,0,0,0,0,1,2,1,8740.401,0
0.0,1.1,1,1,330455.0,1,1,0,0,0,0,1,0,0,0,3,1,50.0,0
17064368.0,21306.633333,6,5,17064368.0,0,6,0,0,0,1,0,1,0,0,12,4,1706436.8,0
76207.1,83967.51,1,1,11292.0,1,1,0,0,0,0,0,0,1,0,3,3,1129.2,0
0.0,3.6,1,1,452300686.0,1,1,0,0,0,1,1,0,0,0,9,1,50.0,0
188778.3,208410.73,1,1,1000370.0,1,1,0,0,0,0,1,0,1,0,10,3,100.0,0
47935724.4,52729296.84,1,0,46843922.0,0,1,1,0,0,1,1,0,1,0,16,0,100.0,1
0.0,4.6,2,2,110133269.0,1,2,0,0,0,1,1,1,0,0,5,2,20.0,0
0.0,5049257.4,1,1,4590234.0,1,1,0,1,0,0,0,0,0,1,19,5,4590.234,1
5400.0,990.1,3,2,5400.0,0,3,1,1,0,1,1,1,0,1,5,2,5.4,1
0.0,7.7,1,1,211849597.0,1,1,0,0,0,0,1,0,0,0,14,6,50.0,0
243085003.0,47733553.633333,1,0,241933014.0,0,2,1,1,0,0,1,1,1,1,20,0,100.0,1
57480803.0,38065017.716667,1,0,32457649.0,0,2,0,1,0,1,0,1,1,1,7,1,32457.649,1
0.0,4895.0,1,1,4450.0,1,1,0,0,0,0,0,0,0,0,1,1,445.0,0
0.0,2792.9,1,1,9034124.0,1,1,0,0,0,0,0,0,0,1,3,1,903412.4,1
3548863.0,650624.883333,1,0,3548863.0,0,1,0,1,0,0,0,0,0,1,6,4,3548.863,1
0.0,1.1,1,1,1209.0,1,1,0,0,0,0,1,0,0,0,4,1,1.0,0
0.0,8713.6,4,4,790811637.0,1,4,0,0,0,1,1,1,0,0,10,1,50.0,0
0.0,10081049.0,5,5,1832918.0,1,5,0,1,0,1,0,1,0,1,22,4,1832.918,1
0.0,2058.1,1,1,48472.0,1,1,0,0,0,0,0,0,0,1,2,3,4847.2,1
11276824.0,2067419.733333,6,3,11276824.0,0,6,0,1,0,1,1,1,0,1,21,8,20.0,1
0.0,1.1,1,1,8838.0,1,1,0,0,0,0,1,0,0,0,6,1,1.0,0
76921.0,10256.233333,1,0,76921.0,0,1,0,0,0,1,0,0,0,0,4,1,7692.1,1
0.0,33.0,1,1,15546852.0,1,1,0,0,0,0,0,0,0,1,2,1,1554685.2,0
12862145.0,2370958.716667,7,4,12862145.0,0,7,0,1,0,1,0,1,0,1,8,3,12862.145,1
0.0,6.9,2,2,554855089.0,1,2,0,0,0,1,1,1,0,0,7,2,200.0,0
0.0,155.2,1,1,1961474.0,1,1,0,0,0,1,1,0,0,0,9,2,100.0,0
0.0,350058800.3,1,1,318235273.0,1,1,0,1,0,0,0,0,0,1,13,6,318235.273,0
23454199.0,4299939.383333,1,0,23454199.0,0,1,0,1,0,1,0,0,0,1,19,1,23454.199,1
0.0,1.1,1,1,16733.0,1,1,0,0,0,0,1,0,0,0,3,2,1.0,0
313971400.0,41862853.333333,1,0,313971400.0,0,1,0,0,0,0,0,0,0,0,32,0,313971400.0,0
6370.0,1168.333333,3,1,6370.0,0,3,1,1,0,1,1,1,0,1,7,3,6.37,1
103.1,204.71,1,1,35435486.0,1,1,0,0,0,0,1,0,1,0,2,3,100.0,0
34669.8,7911837.78,1,1,7157910.0,1,1,0,0,0,0,1,0,1,0,5,1,10.0,0
0.0,2.3,2,2,103552309.0,1,2,0,0,0,1,1,1,0,0,9,4,50.0,0
0.0,13.2,3,3,15840916.0,1,3,0,0,0,0,1,1,0,0,16,4,20.0,0
54113.5,59567.75,1,1,250093.0,1,1,0,0,0,0,1,0,1,0,3,2,100.0,0
200653612.0,36786503.533333,7,1,200653612.0,0,7,0,1,0,1,1,1,0,1,10,7,100.0,1
136623636.0,25047671.6,1,0,136623636.0,0,1,0,1,0,1,0,0,0,1,25,0,1366236.36,1
1555270.0,2298.266667,3,2,1555270.0,0,3,0,0,0,0,1,1,0,0,15,5,10.0,0
67901942.0,12448703.766667,1,0,67901942.0,0,1,0,1,0,1,1,0,0,1,5,0,10.0,1
4935.9,5463.59,1,1,9713870.0,1,1,0,0,0,0,1,0,1,0,2,2,10.0,0
1661.0,306.616667,3,0,1661.0,0,3,0,1,0,1,0,1,0,1,10,0,16.61,0
0.0,105.6,1,1,87481908.0,1,1,0,0,0,1,1,0,0,0,6,4,50.0,0
0.0,41.4,2,2,921154710.0,1,2,0,1,0,1,1,1,0,1,10,1,50.0,0
360.0,68.3,3,0,360.0,0,3,1,1,0,1,1,1,0,1,7,3,0.36,0
0.0,1481.7,1,1,611116.0,1,1,0,0,0,0,1,0,0,0,5,3,50.0,1
0.0,201.3,1,1,206655367.0,1,1,0,1,0,0,0,0,0,1,3,2,206655.367,0
97045116.0,2429.716667,6,4,97045116.0,0,6,0,1,0,0,0,1,0,1,23,7,97045.116,0
172005.0,31534.25,1,0,172005.0,0,1,0,0,0,0,1,0,0,1,10,4,100.0,1
7833608.2,1673044.303333,1,0,7747469.0,0,2,0,1,0,0,0,1,1,1,14,5,7747.469,1
0.0,577.5,3,3,105025369.0,1,3,0,0,0,0,1,1,0,0,8,3,20.0,0
501902614.0,66920348.533333,1,0,501902614.0,0,1,0,0,0,0,0,0,0,0,27,0,501902614.0,1
966705.0,177368.75,1,0,966705.0,0,1,0,1,0,1,1,0,0,1,8,1,100.0,1
0.0,1576.1,3,3,153214.0,1,3,0,0,0,1,1,1,0,0,5,5,20.0,1
0.0,11.0,2,2,22342.0,1,2,0,0,0,0,0,1,0,0,12,4,2234.2,0
0.0,488.4,2,2,128343715.0,1,2,0,0,0,0,0,1,0,0,5,2,12834371.5,0
12887090.0,2362633.166667,1,0,12887090.0,0,1,0,1,0,0,1,0,0,1,20,4,100.0,1
3181775.0,584445.416667,1,0,3181775.0,0,1,1,1,0,1,0,0,0,1,19,3,3181.775,1
81545829.9,15042317.29,1,0,81512285.0,0,2,0,1,0,0,1,1,1,1,18,3,100.0,1
223946222.0,6246268.966667,6,3,223946222.0,0,6,0,1,0,0,1,1,0,1,14,6,1000.0,1
2027.0,371.916667,3,1,2027.0,0,3,1,1,0,1,1,1,0,1,4,4,2.027,1
0.0,23.1,3,3,389556039.0,1,3,0,1,0,0,1,1,0,1,16,5,50.0,0
146.0,26.966667,1,0,146.0,0,1,0,1,0,1,1,0,0,1,14,2,0.146,0
1107471.7,247583.403333,1,0,1064028.0,0,2,1,0,0,0,0,1,1,0,20,2,106402.8,1
115648785.0,21202278.15,5,0,115648785.0,0,5,0,1,0,1,1,1,0,1,20,8,20.0,1
0.0,336.6,1,1,37823317.0,1,1,0,0,0,0,0,0,0,1,2,2,3782331.7,0
0.0,4.4,1,1,824171.0,1,1,0,0,0,0,0,0,0,1,1,1,82417.1,0
15595633.0,2079417.733333,1,0,15595633.0,0,1,0,0,0,0,0,0,0,0,8,0,15595633.0,0
0.0,10344635.4,3,3,3134738.0,1,3,0,0,0,0,1,1,0,0,7,1,100.0,1
0.0,8947.4,1,1,8134.0,1,1,1,1,0,1,0,0,0,1,15,2,8.134,1
0.0,550114.4,4,4,125026.0,1,4,0,0,0,0,1,1,0,0,11,4,20.0,0
0.0,9.2,2,2,895422511.0,1,2,0,0,0,1,1,1,0,0,11,4,10.0,0
1530823.0,280650.883333,1,0,1530823.0,0,1,0,1,0,0,1,0,0,1,12,0,10.0,1
89395142.0,107428729.966667,1,0,2568435.0,0,1,0,0,0,0,0,0,1,0,4,5,256843.5,1
0.0,2175.6,1,1,73276387.0,1,1,0,0,0,1,0,0,0,0,10,2,7327638.7,0
2615169.0,479457.65,7,2,2615169.0,0,7,0,1,0,1,1,1,0,1,9,1,100.0,1
586094.0,48285.133333,2,1,586094.0,0,2,0,0,0,1,1,1,0,0,7,1,10.0,1
28428158.7,6243083.77,1,0,28053157.0,0,2,1,1,0,0,0,1,1,1,18,2,28053.157,1
2614220.0,479278.366667,3,1,2614220.0,0,3,0,1,0,1,0,1,0,1,20,8,2614.22,1
328967226.0,44624.9,5,3,328967226.0,0,5,0,0,0,0,1,1,0,0,9,2,100.0,0
0.0,27211031.1,3,3,8245767.0,1,3,0,0,0,0,1,1,0,0,3,3,100.0,0
318953.2,350856.22,1,1,129413.0,1,1,0,0,0,0,1,0,1,0,9,1,100.0,0
0.0,2.3,2,2,175068.0,1,2,0,0,0,1,1,1,0,0,8,4,100.0,0
0.0,16012.7,1,1,14557.0,1,1,0,0,0,0,0,0,0,1,1,1,1455.7,1
0.0,1063.7,1,1,622540974.0,1,1,0,1,0,0,0,0,0,1,6,5,622540.974,0
13990166.0,2564864.766667,5,1,13990166.0,0,5,0,1,0,1,1,1,0,1,29,4,10.0,1
0.0,2686.7,3,3,424326253.0,1,3,0,1,0,1,1,1,0,1,10,3,50.0,0
175708.8,193280.78,1,1,7655931.0,1,1,0,0,0,0,1,0,1,0,9,1,10.0,0
236378174.0,179331.9,4,3,236378174.0,0,4,0,0,0,0,1,1,0,0,15,3,10.0,0
0.0,9.9,1,1,3918317.0,1,1,0,0,0,0,0,0,0,1,4,1,391831.7,0
0.0,1.1,1,1,1260.0,1,1,0,0,0,0,0,0,0,0,1,1,126.0,0
2652497.0,486291.116667,1,0,2652497.0,0,1,0,1,0,0,1,0,0,1,18,3,1000.0,1
20290983.0,3720348.95,1,0,20290983.0,0,1,0,1,0,1,0,0,0,1,9,3,20290.983,1
295292427.0,39372323.6,1,0,295292427.0,0,1,0,0,0,0,0,0,0,0,33,0,295292427.0,0
71212249.0,14098857.933333,1,0,70832876.0,0,1,0,1,0,1,1,0,1,1,17,4,100.0,1
5567.0,1020.716667,2,1,5567.0,0,2,0,1,0,1,1,1,0,1,8,2,5.567,1
0.0,823.9,1,1,30700876.0,1,1,0,0,0,0,0,0,0,1,2,3,3070087.6,0
0.0,1.1,1,1,3926.0,1,1,0,0,0,0,1,0,0,0,1,1,1.0,0
9810712.4,18522473.206667,1,0,3729316.0,0,2,1,1,0,1,1,1,1,1,17,3,100.0,1
6665.0,1221.916667,3,2,6665.0,0,3,0,1,0,0,0,1,0,1,11,1,6.665,1
0.0,37987805.9,1,1,34534369.0,1,1,0,1,0,1,1,0,0,1,12,4,100.0,1
488305.0,538671.1,1,1,4569000.0,1,1,0,0,0,0,1,0,1,0,2,3,100.0,0
0.0,7220085474.8,4,4,1640928517.0,1,4,0,1,0,0,0,1,0,1,7,1,1640928.517,0
0.0,251259.8,1,1,228418.0,1,1,0,0,0,1,1,0,0,0,11,1,100.0,0
51178.4,10615033.44,1,1,4799426.0,1,2,0,0,0,1,1,1,1,0,10,1,100.0,1
0.0,258687773.3,1,1,235170703.0,1,1,1,1,0,1,0,0,0,1,6,4,235170.703,1
39528.0,7252.1,4,1,39528.0,0,4,1,1,0,1,0,1,0,1,9,3,39.528,1
0.0,6099953.2,1,1,5545412.0,1,1,0,0,0,1,0,0,0,0,4,3,554541.2,0
3942185.0,525624.666667,1,0,3942185.0,0,1,0,0,0,0,1,0,0,0,3,4,100.0,1
25369924.0,45559.333333,6,3,25369924.0,0,6,1,1,0,1,1,1,0,1,22,1,1000.0,1
975123030.0,178772556.2,1,0,975123030.0,0,1,0,1,0,1,1,0,0,1,13,3,10.0,1
7943.9,8863.69,1,1,662997.0,1,1,0,0,0,0,1,0,1,0,7,3,10.0,0
0.0,85.5,4,4,1645300903.0,1,4,0,0,0,1,1,1,0,0,9,2,10.0,0
266408798.8,67965309.213333,1,0,259456658.0,0,2,1,1,0,1,0,1,1,1,16,3,259456.658,1
324049.0,59058.65,4,1,324049.0,0,4,0,1,0,1,1,1,0,1,19,5,100.0,1
0.0,13.6,3,3,1763134352.0,1,3,0,1,0,1,1,1,0,1,8,6,10.0,0
0.0,6.0,1,1,15743.0,1,1,0,0,0,1,1,0,0,0,15,1,20.0,0
0.0,118.8,1,1,332018543.0,1,1,0,0,0,1,1,0,0,0,6,3,200.0,0
17029048.0,38011.633333,4,2,17029048.0,0,4,0,0,0,1,1,1,0,0,18,3,10.0,1
0.0,1.1,1,1,1071.0,1,1,0,0,0,0,1,0,0,0,5,2,1.0,0
43120128.0,705932.966667,6,4,43120128.0,0,6,0,0,0,1,1,1,0,0,23,4,100.0,1
17297.0,3194.716667,2,0,17297.0,0,2,1,1,0,1,0,1,0,1,5,4,17.297,1
292897564.0,39999273.05,6,5,292897564.0,0,6,1,1,0,0,1,1,0,1,10,7,10.0,1
0.0,27.6,2,2,728410199.0,1,2,1,0,0,1,1,1,0,0,11,6,200.0,0
3165511.0,250944.766667,4,2,3165511.0,0,4,0,0,0,1,0,1,0,0,17,4,316551.1,1
0.0,1.1,1,1,714968.0,1,1,0,0,0,0,1,0,0,0,1,1,1.0,0
0.0,42526.0,1,1,38660.0,1,1,0,0,0,1,1,0,0,0,13,1,50.0,0
33809411.0,11927.266667,2,1,33809411.0,0,2,0,0,0,0,1,1,0,0,19,6,1000.0,0
184995362.0,30231799.554492,1,0,184995362.0,0,1,0,0,0,1,0,0,0,0,12,4,18499536.2,1
121.1,148.61,1,1,16824540.0,1,1,0,0,0,0,1,0,1,0,9,2,10.0,0
25261213.0,37256440.1,1,1,8608278.0,1,1,0,1,0,1,1,0,1,1,17,5,100.0,1
79900187.0,14648369.616667,6,2,79900187.0,0,6,0,1,0,1,1,1,0,1,21,2,20.0,1
0.0,63.0,4,4,18740362.0,1,4,0,0,0,1,1,1,0,0,15,3,100.0,0
0.0,4942.8,4,4,903619784.0,1,4,0,0,0,1,0,1,0,0,14,4,90361978.4,0
51483816.0,7491699.70678,1,0,51483816.0,0,1,0,0,0,1,0,0,0,0,10,0,51483816.0,1
887190.0,11328.1,4,3,887190.0,0,4,0,0,0,0,1,1,0,0,17,5,10.0,1
0.0,49107742.2,3,3,14881134.0,1,3,0,0,0,1,0,1,0,0,20,2,1488113.4,0
3589.0,657.983333,4,3,3589.0,0,4,1,1,1,0,0,1,0,1,10,1,3.589,1
448197.3,493473.53,1,1,332782.0,1,1,0,0,0,0,1,0,1,0,9,3,100.0,0
0.0,4.8,1,1,585699413.0,1,1,0,0,0,1,1,0,0,0,7,4,50.0,0
0.0,1.1,1,1,76921.0,1,1,0,0,0,0,0,0,0,0,3,1,7692.1,0
0.0,409.2,1,1,372.0,1,1,0,1,1,1,1,0,0,1,14,4,0.372,0
0.0,55497220.9,1,1,50452019.0,1,1,0,0,0,0,1,0,0,0,3,2,50.0,0
0.0,21013.3,1,1,19103.0,1,1,0,0,0,0,0,0,0,0,3,1,1910.3,0
0.0,1.1,1,1,39202334.0,1,1,0,0,0,0,0,0,0,0,5,1,3920233.4,0
0.0,1322619.1,1,1,1202381.0,1,1,0,0,0,0,0,0,0,1,1,1,120238.1,0
0.0,5520.9,3,3,712366207.0,1,3,0,0,0,0,1,1,0,0,17,5,10.0,0
0.0,846.4,2,2,460338136.0,1,2,0,0,0,1,1,1,0,0,18,6,50.0,0
2154202.0,394942.833333,1,0,2154202.0,0,1,0,1,0,1,0,0,0,1,2,5,2154.202,1
4434.0,813.4,2,0,4434.0,0,2,0,1,0,1,1,1,0,1,15,4,4.434,1
0.0,5618.8,3,3,30648.0,1,3,1,1,0,0,0,1,0,1,15,4,30.648,1
53518.0,7135.733333,1,0,53518.0,0,1,0,0,0,0,1,0,0,0,16,2,10.0,1
0.0,6.9,2,2,5322682.0,1,2,0,0,0,1,1,1,0,0,10,2,20.0,0
0.0,122126.4,1,1,111024.0,1,1,0,0,0,0,0,0,0,1,2,2,11102.4,0
343242.1,377570.71,1,1,842196.0,1,1,0,0,0,0,1,0,1,0,3,3,10.0,0
0.0,807.9,1,1,415961766.0,1,1,0,0,0,1,1,0,0,0,13,1,200.0,0
305177711.0,55949250.316667,3,0,305177711.0,0,3,0,1,0,1,0,1,0,1,30,5,305177.711,1
0.0,17638438.4,8,8,2004368.0,1,8,0,1,0,1,0,1,0,1,22,1,2004.368,1
1294247.0,172619.966667,1,0,1294247.0,0,1,0,0,0,1,0,0,0,0,11,0,1294247.0,1
0.0,1.1,1,1,174673311.0,1,1,0,0,0,0,1,0,0,0,1,1,1.0,0
70163088.0,40818.0,4,2,70163088.0,0,4,0,0,0,1,1,1,0,0,23,6,10.0,0
3973058.0,729123.566667,5,2,3973058.0,0,5,0,1,0,1,0,1,0,1,20,2,3973.058,1
13015368.0,1735382.4,1,0,13015368.0,0,1,0,0,0,0,0,0,0,0,12,4,1301536.8,1
5241983.0,2830.85,3,1,5241983.0,0,3,0,1,0,0,1,1,0,1,3,6,10.0,0
200814669.0,15648.2,4,3,200814669.0,0,4,0,1,0,1,0,1,0,1,19,6,200814.669,0
821254.0,150563.233333,1,0,821254.0,0,1,0,1,0,0,1,0,0,1,4,3,821.254,1
0.0,2678388.9,1,1,2434899.0,1,1,0,0,0,0,1,0,0,0,7,1,1.0,0
0.0,216.0,4,4,1317856256.0,1,4,0,0,0,1,1,1,0,0,4,6,50.0,0
0.0,994.4,1,1,45882.0,1,1,0,0,0,0,0,0,0,1,3,3,4588.2,1
0.0,420324861.0,1,1,382113510.0,1,1,0,1,0,1,1,0,0,1,10,4,10.0,1
409343.0,75047.316667,1,0,409343.0,0,1,0,0,0,1,1,0,0,1,6,3,1000.0,1
2766322.0,468679.493446,1,0,2766322.0,0,1,0,0,0,1,0,0,0,0,25,0,2766322.0,1
586.1,797.61,1,1,102980.0,1,1,0,0,0,0,0,0,1,0,8,1,10298.0,0
32102.7,36603.27,1,1,42261300.0,1,1,0,0,0,0,0,0,1,0,6,2,4226130.0,0
0.0,1.1,1,1,1243398.0,1,1,0,0,0,0,1,0,0,0,8,1,1.0,0
0.0,2.4,1,1,3092684.0,1,1,0,0,0,1,1,0,0,0,10,4,50.0,0
29958314.0,5891.466667,5,4,29958314.0,0,5,0,0,0,0,1,1,0,0,25,7,1000.0,0
0.0,3200.45,3,3,17457.0,1,3,0,1,0,0,1,1,0,1,14,0,100.0,1
0.0,5535.2,1,1,51274.0,1,1,0,0,0,0,0,0,0,1,4,2,5127.4,1
0.0,237.6,4,4,59628388.0,1,4,0,0,0,0,0,1,0,0,12,2,5962838.8,0
0.0,6671.5,1,1,23854152.0,1,1,0,1,0,0,0,0,0,1,3,2,23854.152,1
0.0,1.1,1,1,5007421.0,1,1,0,0,0,0,1,0,0,0,9,1,1.0,0
2988804.0,547949.4,6,3,2988804.0,0,6,0,1,0,1,1,1,0,1,18,5,20.0,1
0.0,1.1,1,1,5663.0,1,1,0,0,0,0,1,0,0,0,3,1,1.0,0
0.0,73.7,1,1,27342462.0,1,1,0,0,0,0,0,0,0,1,3,1,2734246.2,0
0.0,4601.3,1,1,124322.0,1,1,0,0,0,0,1,0,0,0,9,2,100.0,1
0.0,15.4,1,1,13603.0,1,1,0,1,0,0,0,0,0,1,2,1,13.603,0
0.0,348630472.3,1,1,316936793.0,1,1,0,0,0,0,0,0,0,1,1,3,31693679.3,0
3905835.0,716069.75,1,0,3905835.0,0,1,0,1,0,0,1,0,0,1,5,4,1000.0,1
17926.0,3293.533333,1,0,17926.0,0,1,1,1,0,1,1,0,0,1,5,0,10.0,1
22147609.0,4601662.083333,1,0,21655548.0,0,2,0,1,0,0,1,1,1,1,12,2,100.0,1
18338433.0,20172276.3,1,0,18338433.0,0,1,0,0,0,1,0,0,0,0,24,0,18338433.0,1
4467336.0,704515.726714,1,0,4467336.0,0,1,0,0,0,1,0,0,0,0,16,0,4467336.0,1
6551199.0,1201053.15,1,0,6551199.0,0,1,0,1,0,0,0,0,0,1,17,0,65511.99,1
0.0,792.0,2,2,542619460.0,1,2,0,0,0,0,1,1,0,0,15,4,50.0,0
0.0,21528.1,1,1,3999592.0,1,1,0,0,0,0,0,0,0,1,4,3,399959.2,1
0.0,1578887490.4,8,8,179419033.0,1,8,1,1,0,1,0,1,0,1,14,5,179419.033,1
0.0,4.4,1,1,1703183.0,1,1,0,0,0,0,1,0,0,0,13,4,50.0,0
0.0,1.1,1,1,17289262.0,1,1,0,0,0,0,0,0,0,0,7,1,1728926.2,0
0.0,89.6,5,5,33573302.0,1,5,0,0,0,1,1,1,0,0,9,2,100.0,0
150280586.0,27671767.266667,1,0,150172936.0,0,2,0,1,0,1,0,1,1,1,3,4,150172.936,1
346788.6,382115.36,1,1,22197.0,1,1,0,0,0,0,0,0,1,0,9,1,2219.7,0
56106511.0,50186792.783333,1,0,19833330.0,0,1,0,1,0,1,0,0,1,1,15,4,19833.33,1
1109349.0,529148.5,1,0,762785.0,0,2,1,0,0,1,0,1,1,0,4,0,762785.0,1
0.0,519.2,1,1,62886186.0,1,1,0,0,0,0,1,0,0,0,8,3,50.0,0
22125.0,73012.5,3,0,22125.0,0,3,0,1,0,1,1,1,0,1,6,0,100.0,1
758997.0,796.583333,5,4,758997.0,0,5,1,1,0,0,1,1,0,1,20,7,100.0,0
575619.0,105530.35,1,0,575619.0,0,1,0,0,0,1,1,0,0,1,15,2,10.0,1
0.0,39.2,5,5,34824346.0,1,5,0,0,0,1,1,1,0,0,7,2,20.0,0
772584.0,141732.5,1,0,772584.0,0,1,0,1,0,1,0,0,0,1,22,0,7725.84,1
14823.0,2766.15,4,3,14823.0,0,4,1,1,0,1,1,1,0,1,5,2,10.0,1
0.0,281.6,4,4,1286231108.0,1,4,0,0,0,0,0,1,0,0,5,4,128623110.8,0
146470457.0,27041620.516667,1,0,146299577.0,0,2,1,1,0,1,0,1,1,1,4,1,146299.577,1
0.0,1.1,1,1,1615192.0,1,1,0,0,0,0,0,0,0,0,9,1,161519.2,0
0.0,1.1,1,1,69521.0,1,1,0,0,0,0,1,0,0,0,10,2,1.0,0
0.0,2103.2,1,1,147040201.0,1,1,0,1,0,0,0,0,0,1,1,1,147040.201,0
0.0,7811.1,3,3,2367.0,1,3,0,1,0,1,1,1,0,1,14,4,2.367,0
31523176.0,4203090.133333,1,0,31523176.0,0,1,0,0,0,0,0,0,0,0,31,2,3152317.6,1
0.0,19.8,1,1,21890.0,1,1,0,0,0,0,1,0,0,0,7,3,20.0,0
68051.0,12476.016667,1,0,68051.0,0,1,0,1,0,0,1,0,0,1,10,4,10.0,1
0.0,1.1,1,1,74580.0,1,1,0,0,0,0,1,0,0,0,10,1,1.0,0
0.0,11.0,1,1,495878.0,1,1,0,0,0,0,0,0,0,1,4,2,49587.8,0
20938848.0,565.2,5,4,20938848.0,0,5,0,0,0,0,1,1,0,0,20,2,10.0,0
6919234.0,1268528.233333,4,0,6919234.0,0,4,0,1,0,1,1,1,0,1,25,3,20.0,1
23494945.0,4308061.283333,7,2,23494945.0,0,7,1,1,0,1,0,1,0,1,21,7,23494.945,1
18071752.0,3313155.533333,6,1,18071752.0,0,6,1,1,0,1,1,1,0,1,6,4,10.0,1
171466320.0,31438906.8,1,0,171466320.0,0,1,0,1,1,1,1,0,0,1,9,4,10.0,1
0.0,89807.3,1,1,81643.0,1,1,0,0,0,0,1,0,0,0,3,2,1.0,0
8764.0,1607.233333,3,1,8764.0,0,3,1,1,0,1,1,1,0,1,5,1,8.764,1
0.0,15152207.4,6,6,2295789.0,1,6,1,1,0,1,1,1,0,1,22,2,100.0,1
0.0,52.8,3,3,773006.0,1,3,0,0,0,0,0,1,0,0,8,1,77300.6,0
0.0,12179.2,1,1,11072.0,1,1,0,0,0,1,1,0,0,0,12,2,50.0,0
3987000.0,730952.0,5,2,3987000.0,0,5,1,1,0,1,1,1,0,1,10,1,20.0,1
7415611.0,1359538.683333,3,0,7415611.0,0,3,0,1,0,1,1,1,0,1,25,2,100.0,1
1683395.0,308623.416667,8,2,1683395.0,0,8,1,1,0,1,1,1,0,1,8,4,10.0,1
0.0,1.1,1,1,2687300.0,1,1,0,0,0,0,1,0,0,0,2,1,1.0,0
445.2,491.92,1,1,47233.0,1,1,0,0,0,0,0,0,1,0,4,1,4723.3,0
410.0,75.166667,1,0,410.0,0,1,1,1,1,0,0,0,0,1,3,0,4.1,0
0.0,7.2,1,1,1286143.0,1,1,0,0,0,1,1,0,0,0,4,4,20.0,0
9086181.0,1665898.45,1,0,9086181.0,0,1,1,1,1,1,0,0,0,1,20,2,9086.181,1
175514799.0,32210338.5,1,0,175502936.0,0,1,0,1,0,1,1,0,1,1,7,5,100.0,1
11984066.0,2197088.766667,7,2,11984066.0,0,7,1,1,0,1,1,1,0,1,19,5,100.0,1
12944764.0,2373206.733333,1,0,12944764.0,0,1,0,0,0,0,0,0,0,1,15,3,1294476.4,1
0.0,148.5,1,1,1987712.0,1,1,0,1,0,0,0,0,0,1,4,2,1987.712,0
15008.0,2776.166667,4,2,15008.0,0,4,0,1,0,1,1,1,0,1,3,2,15.008,1
0.0,1.1,1,1,10547.0,1,1,0,0,0,0,1,0,0,0,10,1,1.0,0
1293846.0,237205.1,5,1,1293846.0,0,5,1,1,0,0,0,1,0,1,26,6,1293.846,1
1156796.0,215093.666667,1,0,1156796.0,0,1,0,1,0,1,1,0,0,1,19,2,10.0,1
99073234.0,13209764.733333,3,0,99073234.0,0,3,0,0,0,1,1,1,0,0,19,4,10.0,1
72414.5,79657.05,1,1,1301296.0,1,1,0,0,0,0,0,0,1,0,6,1,130129.6,0
234569856.0,43948.133333,6,5,234569856.0,0,6,0,0,0,0,0,1,0,0,12,3,23456985.6,0
111.9,219.89,1,1,2174679.0,1,1,0,0,0,0,1,0,1,0,8,3,100.0,0
0.0,2506.9,1,1,62521.0,1,1,0,0,0,0,1,0,0,0,9,3,100.0,1
231783.6,254967.46,1,1,13319970.0,1,1,0,0,0,0,0,0,1,0,9,3,1331997.0,0
49650.5,54618.85,1,1,29584.0,1,1,0,0,0,0,0,0,1,0,8,3,2958.4,0
9022382.0,1202984.266667,1,0,9022382.0,0,1,0,0,0,0,1,0,0,0,9,3,10.0,1
140802.0,25813.7,1,0,140802.0,0,1,0,0,0,0,0,0,0,1,11,4,14080.2,1
0.0,4241.6,4,4,1609123898.0,1,4,1,0,0,0,1,1,0,0,6,4,50.0,0
0.0,1.1,1,1,16128473.0,1,1,0,0,0,0,1,0,0,0,9,1,1.0,0
4353868.6,2260691.693333,1,0,3822102.0,0,2,1,1,0,1,1,1,1,1,7,0,100.0,1
0.0,122.0,1,1,96943.0,1,1,0,0,0,1,1,0,0,0,4,2,10.0,0
20040.8,22052.58,1,1,29873.0,1,1,0,0,0,0,1,0,1,0,3,3,10.0,0
19925400.0,3652991.0,4,2,19925400.0,0,4,1,1,0,1,1,1,0,1,22,7,10.0,1
0.0,305.8,1,1,12052717.0,1,1,0,0,0,0,0,0,0,1,3,2,1205271.7,0
0.0,22.0,5,5,106113802.0,1,5,0,0,0,0,1,1,0,0,9,5,100.0,0
0.0,526.85,2,2,2829.0,1,2,1,1,0,1,1,1,0,1,3,4,2.829,1
0.0,1838788518.6,2,2,835812963.0,1,2,0,1,0,0,1,1,0,1,16,5,10.0,0
0.0,537.4,1,1,114405.0,1,1,0,0,0,1,1,0,0,0,15,3,50.0,0
50106565.0,24487.183333,3,1,50106565.0,0,3,1,1,0,1,1,1,0,1,2,5,100.0,1
0.0,938.8,1,1,218761884.0,1,1,0,0,0,1,1,0,0,0,3,2,10.0,0
81045910.0,14858416.833333,3,0,81045910.0,0,3,0,1,0,0,0,1,0,1,19,2,81045.91,1
10371584.0,998546.333333,5,1,10371584.0,0,5,0,0,0,0,1,1,0,0,12,3,1000.0,1
94593980.0,22824669.166667,1,0,89609948.0,0,1,0,1,0,1,0,0,1,1,19,3,89609.948,1
4415.0,809.416667,2,1,4415.0,0,2,1,1,1,0,1,1,0,1,8,3,4.415,1
0.0,1.1,1,1,6445.0,1,1,0,0,0,0,0,0,0,0,6,1,644.5,0
512058856.0,93877457.433333,7,3,512058856.0,0,7,0,1,0,1,1,1,0,1,5,2,20.0,1
0.0,1.1,1,1,255865545.0,1,1,0,0,0,0,0,0,0,0,1,1,25586554.5,0
0.0,115.5,5,5,62645566.0,1,5,0,0,0,0,1,1,0,0,5,4,20.0,0
0.0,95.2,3,3,1245846917.0,1,3,0,0,0,1,0,1,0,0,14,1,124584691.7,0
0.0,3637814.4,1,1,3307104.0,1,1,1,1,0,1,0,0,0,1,24,1,3307.104,1
0.0,5347898089.6,4,4,1215431384.0,1,4,0,0,0,1,0,1,0,0,3,4,121543138.4,0
11014821.0,2020079.35,1,0,11014821.0,0,1,0,1,0,1,1,0,0,1,8,1,100.0,1
0.0,141967559.8,1,1,129061418.0,1,1,0,0,0,0,0,0,0,1,1,2,12906141.8,0
0.0,45228999.2,2,2,20558636.0,1,2,0,0,0,0,0,1,0,0,20,2,2055863.6,0
16310562.0,2990270.7,4,0,16310562.0,0,4,0,1,0,1,1,1,0,1,24,6,10.0,1
0.0,1.1,1,1,378930.0,1,1,0,0,0,0,1,0,0,0,12,1,50.0,0
17890382.0,2385384.266667,1,0,17890382.0,0,1,0,0,0,0,0,0,0,0,19,3,1789038.2,0
142992494.0,19065665.866667,1,0,142992494.0,0,1,0,0,0,0,0,0,0,0,11,2,14299249.4,1
6460807.0,861440.933333,1,0,6460807.0,0,1,0,0,0,0,0,0,0,0,11,5,646080.7,1
168315298.0,144953.1,3,2,168315298.0,0,3,0,0,0,1,1,1,0,0,20,5,1000.0,0
0.0,62057160.0,4,4,14103900.0,1,4,1,1,0,1,1,1,0,1,21,7,20.0,1
0.0,862.4,4,4,13983794.0,1,4,0,0,0,0,1,1,0,0,4,1,20.0,0
0.0,78287563.2,7,7,10167216.0,1,7,0,1,0,1,1,1,0,1,27,5,20.0,1
2333435.0,414283.539639,1,0,2333435.0,0,1,0,0,0,1,0,0,0,0,38,4,233343.5,1
0.0,1.1,1,1,57143.0,1,1,0,0,0,0,0,0,0,0,9,1,5714.3,0
429078.0,78664.3,1,0,429078.0,0,1,0,0,0,0,1,0,0,1,9,1,100.0,1
0.0,4.4,2,2,3190903.0,1,2,0,0,0,0,0,1,0,0,6,4,319090.3,0
0.0,41826902.7,1,1,38024457.0,1,1,0,0,0,0,0,0,0,1,3,2,3802445.7,0
0.0,71.5,1,1,150863.0,1,1,0,0,0,0,0,0,0,1,1,3,15086.3,0
385572887.0,7271770.166667,6,3,385572887.0,0,6,0,0,0,0,1,1,0,0,23,4,1000.0,1
543507.0,99642.95,1,0,543507.0,0,1,0,0,0,0,1,0,0,1,8,3,10.0,1
0.0,1964.0,1,1,610410030.0,1,1,0,1,0,1,1,0,0,1,16,5,200.0,0
15032914.0,2756034.633333,1,0,15032914.0,0,1,1,1,0,1,0,0,0,1,3,5,15032.914,1
0.0,11.2,5,5,22087526.0,1,5,0,0,0,1,0,1,0,0,9,5,2208752.6,0
0.0,2134.0,1,1,35084.0,1,1,0,0,0,0,0,0,0,1,2,3,3508.4,1
324981.0,1655.85,6,5,324981.0,0,6,0,1,0,1,0,1,0,1,23,7,324.981,1
0.0,9.6,1,1,106017288.0,1,1,0,0,0,1,1,0,0,0,3,4,10.0,0
19652276.0,1431273.25,4,3,19652276.0,0,4,0,1,0,0,1,1,0,1,8,7,100.0,1
0.0,1.1,1,1,22461.0,1,1,0,0,0,0,0,0,0,0,3,1,2246.1,0
23476.0,4304.033333,3,1,23476.0,0,3,0,1,1,1,0,1,0,1,11,1,23.476,1
0.0,21556.7,1,1,19597.0,1,1,0,0,0,0,0,0,0,1,3,3,1959.7,0
360495751.0,66090887.983333,1,0,360495751.0,0,1,1,1,0,1,1,0,0,1,5,2,10.0,1
86160854.2,12226582.953333,1,0,85840120.0,0,2,1,0,0,1,0,1,1,0,20,3,8584012.0,1
1298587.0,61363491.2,1,1,54486405.0,1,1,0,0,0,1,0,0,1,0,13,4,5448640.5,1
0.0,343.2,2,2,288077792.0,1,2,0,0,0,0,0,1,0,0,14,1,28807779.2,0
18077280.1,4444428.843333,1,0,17666281.0,0,2,0,1,0,1,0,1,1,1,15,5,17666.281,1
84718081.5,15789492.1,1,0,84624336.0,0,1,0,1,0,1,0,0,1,1,12,1,84624.336,1
4227.2,4739.02,1,1,91063.0,1,1,0,0,0,0,1,0,1,0,3,2,10.0,0
0.0,8816676.0,1,1,8015160.0,1,1,0,0,0,0,0,0,0,0,24,2,801516.0,1
3509377.0,467916.933333,1,0,3509377.0,0,1,0,0,0,0,0,0,0,0,33,1,350937.7,0
2280499.1,2541201.226667,1,0,1509226.0,0,1,1,1,0,1,0,0,1,1,12,5,1509.226,1
46898.0,8597.966667,2,1,46898.0,0,2,1,1,0,0,0,1,0,1,8,4,46.898,1
0.0,435.6,1,1,106746868.0,1,1,0,0,0,0,1,0,0,0,15,1,200.0,0
0.0,2466.2,1,1,62415264.0,1,1,0,0,0,0,0,0,0,1,1,3,6241526.4,0
9967028.0,1827288.466667,1,0,9967028.0,0,1,0,1,0,0,1,0,0,1,16,0,100.0,1
0.0,75.9,3,3,33545899.0,1,3,0,0,0,0,1,1,0,0,14,4,20.0,0
0.0,17.6,4,4,1443597898.0,1,4,0,0,0,0,0,1,0,0,5,3,144359789.8,0
0.0,36747460.2,1,1,33406782.0,1,1,0,1,0,0,1,0,0,1,10,1,10.0,1
46890911.0,8596669.016667,6,1,46890911.0,0,6,0,1,0,1,1,1,0,1,17,2,20.0,1
436983.0,478.433333,2,1,436983.0,0,2,0,0,0,0,0,1,0,0,23,5,43698.3,0
0.0,606973210.8,1,1,551793828.0,1,1,0,0,0,1,0,0,0,0,31,1,55179382.8,1
6115776.6,1492425.36,1,0,5821437.0,0,2,1,0,0,1,0,1,1,0,14,5,582143.7,1
1139374.0,212032.033333,1,0,1139374.0,0,1,0,0,0,1,1,0,0,1,16,4,100.0,1
0.0,8.8,1,1,24174502.0,1,1,0,0,0,0,0,0,0,0,8,1,2417450.2,0
0.0,14030.5,1,1,12755.0,1,1,0,0,0,0,0,0,0,1,3,3,1275.5,1
0.0,163.2,3,3,3932142.0,1,3,0,0,0,1,1,1,0,0,17,1,100.0,0
0.0,15073223.0,1,1,13702930.0,1,1,0,0,0,1,0,0,0,0,6,3,1370293.0,0
12554574.0,2301672.0,1,0,12554574.0,0,1,0,1,0,1,1,0,0,1,6,1,10.0,1
0.0,68.0,3,3,162147559.0,1,3,0,0,0,1,1,1,0,0,17,1,100.0,0
69713256.0,12780765.6,3,0,69713256.0,0,3,0,1,0,1,1,1,0,1,21,3,20.0,1
18730866.0,2496820.533333,6,2,18730866.0,0,6,0,0,0,1,0,1,0,0,17,7,1873086.6,1
0.0,1.1,1,1,2806967.0,1,1,0,0,0,0,1,0,0,0,5,1,1.0,0
2428653.7,4564796.553333,1,0,930640.0,0,1,0,1,0,1,1,0,1,1,19,5,100.0,1
0.0,2785.2,2,2,210603846.0,1,2,0,1,0,0,0,1,0,1,16,1,210603.846,0
0.0,53.9,1,1,26989808.0,1,1,0,0,0,0,1,0,0,0,2,4,50.0,0
0.0,4794.9,1,1,25897179.0,1,1,0,1,0,0,0,0,0,1,2,2,25897.179,1
0.0,807.3,2,2,13213550.0,1,2,0,0,0,1,0,1,0,0,9,3,1321355.0,0
10598583.0,1943073.55,6,3,10598583.0,0,6,0,1,0,0,1,1,0,1,15,7,100.0,1
98003665.0,17967806.683333,1,0,98003665.0,0,1,0,1,0,1,1,0,0,1,4,4,100.0,1
230841927.0,34118419.716667,6,3,230841927.0,0,6,1,1,0,1,1,1,0,1,16,1,1000.0,1
0.0,1.1,1,1,12720020.0,1,1,0,0,0,0,0,0,0,0,7,2,1272002.0,0
0.0,1494.9,1,1,192934291.0,1,1,0,1,0,0,1,0,0,1,14,2,10.0,0
0.0,29.7,1,1,1000886.0,1,1,0,1,0,0,0,0,0,1,4,1,1000.886,0
18225.0,3356.25,3,0,18225.0,0,3,0,1,0,1,1,1,0,1,12,2,10.0,1
20808061.0,3814813.183333,6,2,20808061.0,0,6,0,1,0,1,1,1,0,1,25,5,20.0,1
152739439.0,20365258.533333,1,0,152739439.0,0,1,0,0,0,0,0,0,0,0,18,3,15273943.9,1
0.0,158.4,1,1,457344.0,1,1,0,0,0,0,0,0,0,1,2,2,45734.4,0
210.2,821.92,1,1,15689619.0,1,1,0,0,0,0,1,0,1,0,8,2,10.0,0
0.0,190.4,3,3,854214826.0,1,3,0,0,0,1,1,1,0,0,18,6,10.0,0
13142765.0,2409508.916667,4,2,13142765.0,0,4,1,1,0,1,1,1,0,1,11,1,20.0,1
384150106.0,70427519.933333,3,1,384150106.0,0,3,0,1,0,1,1,1,0,1,5,5,20.0,1
162670248.0,37230848.4,1,0,155936006.0,0,1,1,1,0,1,0,0,1,1,11,3,155936.006,1
0.0,1.1,1,1,2601291.0,1,1,0,0,0,0,1,0,0,0,4,1,1.0,0
0.0,151.8,1,1,1023215.0,1,1,0,0,0,0,0,0,0,1,3,2,102321.5,0
236569577.0,43371089.116667,1,0,236569577.0,0,1,0,1,1,0,0,0,0,1,21,0,2365695.77,1
1476393.0,270673.05,6,2,1476393.0,0,6,1,1,0,1,0,1,0,1,21,4,1476.393,1
85006120.0,15584455.333333,4,0,85006120.0,0,4,0,1,0,0,1,1,0,1,20,7,10.0,1
5953636.0,310.566667,4,3,5953636.0,0,4,0,1,0,0,1,1,0,1,11,7,10.0,0
27631.0,5065.783333,4,1,27631.0,0,4,1,1,0,1,1,1,0,1,6,3,27.631,1
1724685.0,230702.4,1,0,1724685.0,0,1,0,0,0,1,0,0,0,0,14,4,172468.5,1
0.0,1.1,1,1,3541073.0,1,1,0,0,0,0,1,0,0,0,4,1,1.0,0
0.0,21.6,1,1,49891.0,1,1,0,0,0,1,1,0,0,0,15,2,100.0,0
0.0,16.5,3,3,1036779240.0,1,3,0,0,0,0,1,1,0,0,6,6,200.0,0
0.0,30.8,4,4,2083631350.0,1,4,0,1,0,0,1,1,0,1,14,5,10.0,0
0.0,1.2,1,1,6763485.0,1,1,0,0,0,1,1,0,0,0,14,3,100.0,0
41981415.0,7696592.75,1,0,41981415.0,0,1,0,1,0,0,1,0,0,1,21,5,100.0,1
0.0,42.9,1,1,164668.0,1,1,0,1,0,0,0,0,0,1,1,1,164.668,0
481052.0,64073.3,2,1,481052.0,0,2,0,0,0,1,1,1,0,0,20,2,100.0,1
0.0,19.2,1,1,254353.0,1,1,0,0,0,1,0,0,0,0,5,2,25435.3,0
0.0,1.1,1,1,208968592.0,1,1,0,0,0,0,1,0,0,0,3,2,1.0,0
0.0,127.2,1,1,93470097.0,1,1,0,0,0,1,1,0,0,0,2,3,10.0,0
71381014.8,13162673.33,1,0,71353331.0,0,2,0,1,0,1,0,1,1,1,14,0,713533.31,1
0.0,36.2,1,1,35542.0,1,1,0,0,0,1,1,0,0,0,13,4,10.0,0
71718581.0,13148406.516667,1,0,71718581.0,0,1,1,1,0,0,0,0,0,1,17,3,71718.581,1
0.0,1.1,1,1,1193833.0,1,1,0,0,0,0,1,0,0,0,7,1,1.0,0
0.0,20.4,3,3,1829653634.0,1,3,0,0,0,1,0,1,0,0,16,2,182965363.4,0
0.0,2.2,1,1,54027179.0,1,1,0,0,0,0,0,0,0,1,4,3,5402717.9,0
0.0,5300.9,1,1,294374629.0,1,1,0,1,0,0,0,0,0,1,4,1,294374.629,0
222481587.0,1680397.866667,2,1,222481587.0,0,2,0,0,0,0,1,1,0,0,2,1,10.0,1
0.0,4383.5,1,1,2046945.0,1,1,0,0,0,0,1,0,0,0,7,1,20.0,1
0.0,1.1,1,1,2019.0,1,1,0,0,0,0,0,0,0,0,5,1,201.9,0
4194955.2,1119072.72,1,0,4067684.0,0,2,0,1,0,1,1,1,1,1,13,0,100.0,1
326886059.0,61662586.511371,1,0,326886059.0,0,1,0,0,0,1,0,0,0,0,14,1,32688605.9,1
7464.0,8239.0,1,1,17577.0,1,1,0,0,0,0,0,0,1,0,8,3,1757.7,0
124676.0,22887.066667,1,0,124676.0,0,1,0,0,0,1,0,0,0,1,13,5,12467.6,1
0.0,55.0,2,2,15465090.0,1,2,0,0,0,0,1,1,0,0,18,1,20.0,0
21972.0,4041.9,2,0,21972.0,0,2,1,1,0,1,1,1,0,1,15,1,10.0,1
52695827.0,2830631.233333,5,2,52695827.0,0,5,0,0,0,1,1,1,0,0,2,1,10.0,1
24180.9,26948.79,1,1,191876.0,1,1,0,0,0,0,1,0,1,0,4,3,100.0,0
0.0,24.2,1,1,13556.0,1,1,0,0,0,0,0,0,0,1,4,3,1355.6,0
483.0,88.55,2,1,483.0,0,2,0,1,0,0,0,1,0,1,5,4,0.483,0
0.0,243.1,1,1,469692074.0,1,1,0,0,0,0,0,0,0,0,5,4,46969207.4,0
2281937.0,418355.116667,1,0,2281937.0,0,1,0,1,0,0,1,0,0,1,12,4,10.0,1
213171600.0,2965177.933333,3,1,213171600.0,0,3,0,0,0,0,1,1,0,0,8,1,1000.0,1
0.0,262.8,1,1,40757.0,1,1,0,0,0,1,0,0,0,0,3,2,4075.7,0
0.0,10.8,1,1,51345.0,1,1,0,0,0,1,1,0,0,0,12,4,20.0,0
0.0,1899.6,1,1,572350.0,1,1,0,0,0,1,0,0,0,0,12,2,57235.0,1
562.0,103.033333,3,1,562.0,0,3,1,1,0,0,1,1,0,1,9,0,5.62,0
204.3,379.83,1,1,363913.0,1,1,0,0,0,0,1,0,1,0,8,1,10.0,0
0.0,297.683333,1,1,1603.0,1,1,1,1,1,1,0,0,0,1,9,2,1.603,1
67572708.5,35694854.866667,1,0,59097610.0,0,1,1,1,0,1,0,0,1,1,7,3,59097.61,1
0.0,217932.0,2,2,99060.0,1,2,0,0,0,1,1,1,0,0,15,5,20.0,0
57877512.0,10611772.3,1,0,57877512.0,0,1,0,1,0,1,1,0,0,1,19,0,100.0,1
91740612.0,16819300.1,4,0,91740612.0,0,4,1,1,0,1,0,1,0,1,26,1,91740.612,1
0.0,3059.6,2,2,408169487.0,1,2,0,1,0,1,1,1,0,1,12,5,50.0,0
0.0,333248867.6,1,1,302953516.0,1,1,0,0,0,1,0,0,0,0,20,3,30295351.6,1
8743544.0,1165808.166667,1,0,8743544.0,0,1,0,0,0,1,0,0,0,0,10,4,874354.4,1
62798686.0,4533727.0,4,2,62798686.0,0,4,0,1,0,0,1,1,0,1,13,7,1000.0,1
0.0,584.1,3,3,21775496.0,1,3,0,0,0,0,1,1,0,0,3,5,20.0,0
0.0,546.8,4,4,7555671.0,1,4,0,0,0,1,1,1,0,0,9,2,100.0,0
0.0,1663.2,1,1,294068.0,1,1,0,0,0,0,0,0,0,1,4,3,29406.8,1
897646.0,164568.433333,1,0,897646.0,0,1,0,1,0,0,1,0,0,1,18,0,1000.0,1
35043926.0,6424977.166667,1,0,35043926.0,0,1,1,1,0,1,1,0,0,1,10,3,100.0,1
6317.0,1158.116667,2,0,6317.0,0,2,0,1,0,0,0,1,0,1,12,3,6.317,1
0.0,2.3,2,2,12117846.0,1,2,0,0,0,1,1,1,0,0,8,3,100.0,0
0.0,194.8,1,1,762727.0,1,1,0,0,0,1,1,0,0,0,13,4,100.0,0
65311883.0,8708251.066667,1,0,65311883.0,0,1,0,0,0,0,0,0,0,0,40,0,65311883.0,0
3761524.0,689612.733333,5,1,3761524.0,0,5,0,1,0,0,0,1,0,1,15,8,3761.524,1
0.0,1.1,1,1,46022.0,1,1,0,0,0,0,0,0,0,1,4,1,4602.2,0
43667963.0,534512.866667,6,5,43667963.0,0,6,0,1,0,1,1,1,0,1,6,1,100.0,1
22609506.0,4145076.2,1,0,22609506.0,0,1,0,1,0,1,0,0,0,1,22,3,22609.506,1
170472814.0,22729708.533333,1,0,170472814.0,0,1,0,0,0,0,0,0,0,0,32,4,17047281.4,0
0.0,3.6,1,1,45433.0,1,1,0,0,0,1,1,0,0,0,11,1,50.0,0
49650588.0,6620078.4,1,0,49650588.0,0,1,0,0,0,0,0,0,0,0,24,1,4965058.8,0
0.0,5456.0,4,4,1071883478.0,1,4,0,1,0,0,1,1,0,1,14,4,10.0,0
0.0,6.6,1,1,182759.0,1,1,0,0,0,0,1,0,0,0,12,4,100.0,0
445520595.0,81678776.05,1,0,445520595.0,0,1,0,1,0,1,1,0,0,1,21,0,100.0,1
0.0,10.2,3,3,60000797.0,1,3,0,0,0,1,1,1,0,0,10,4,20.0,0
0.0,146.3,1,1,1875994.0,1,1,0,0,0,0,0,0,0,1,2,3,187599.4,0
0.0,1.1,1,1,29853.0,1,1,0,0,0,0,0,0,0,0,5,2,2985.3,0
2576668.0,343555.733333,1,0,2576668.0,0,1,0,0,0,0,0,0,0,0,9,1,257666.8,1
853500.0,156496.2,1,0,853500.0,0,1,0,0,0,1,0,0,0,1,17,3,85350.0,1
1511420.0,278145.666667,3,2,1511420.0,0,3,0,1,0,1,1,1,0,1,3,1,1000.0,1
0.0,15285.6,1,1,31459983.0,1,1,0,0,0,0,0,0,0,1,3,1,3145998.3,1
548544.0,100566.4,1,0,548544.0,0,1,0,1,1,0,1,0,0,1,12,3,100.0,1
303145234.0,1721.5,6,5,303145234.0,0,6,1,1,0,0,1,1,0,1,9,5,100.0,0
0.0,8916.6,3,3,1052128347.0,1,3,0,1,0,0,1,1,0,1,5,6,50.0,0
8682775.0,1157703.333333,1,0,8682775.0,0,1,0,0,0,0,0,0,0,0,34,4,868277.5,0
0.0,616.0,5,5,37533079.0,1,5,0,0,0,0,1,1,0,0,17,2,20.0,0
32873224.0,6026767.733333,3,1,32873224.0,0,3,0,1,0,1,1,1,0,1,29,8,100.0,1
11901194.0,374418.466667,4,1,11901194.0,0,4,0,1,0,1,1,1,0,1,14,6,1000.0,1
0.0,81228.4,1,1,73844.0,1,1,0,0,0,1,1,0,0,1,12,5,10.0,1
0.0,918354.8,1,1,834868.0,1,1,0,1,0,1,0,0,0,1,7,2,834.868,1
0.0,582.0,2,2,31167029.0,1,2,0,0,0,1,1,1,0,0,20,4,100.0,0
0.0,275.0,5,5,19940768.0,1,5,0,0,0,0,0,1,0,0,17,4,1994076.8,0
0.0,464067340.0,4,4,105469850.0,1,4,0,1,0,0,0,1,0,1,3,3,105469.85,1
226344.0,30182.6,1,0,226344.0,0,1,0,0,0,1,0,0,0,0,7,0,226344.0,1
0.0,198798952.0,2,2,90363160.0,1,2,0,0,0,0,1,1,0,0,10,2,20.0,0
0.0,3452.3,3,3,786594062.0,1,3,0,1,0,1,1,1,0,1,4,3,10.0,0
0.0,48.0,1,1,39749458.0,1,1,0,0,0,1,0,0,0,0,14,2,3974945.8,0
59372067.6,15559994.76,1,0,56048715.0,0,2,1,0,0,1,1,1,1,0,6,3,100.0,1
1505253.0,275975.85,4,1,1505253.0,0,4,0,1,0,1,0,1,0,1,11,6,1505.253,1
0.0,2.4,1,1,171964261.0,1,1,0,0,0,1,1,0,0,0,11,5,50.0,0
258437722.0,45295184.216667,3,2,258437722.0,0,3,1,1,0,1,1,1,0,1,8,4,100.0,1
5156387.0,5757408.666667,1,0,547443.0,0,2,1,0,0,1,0,1,1,0,13,4,54744.3,1
0.0,2478.3,3,3,1162429957.0,1,3,0,0,0,0,1,1,0,0,8,6,50.0,0
0.0,1.1,1,1,202300219.0,1,1,0,0,0,0,1,0,0,0,9,2,1.0,0
0.0,84.0,5,5,65774753.0,1,5,0,0,0,1,0,1,0,0,9,1,6577475.3,0
1269891.0,34145.833333,2,1,1269891.0,0,2,0,0,0,1,1,1,0,0,21,7,10.0,1
0.0,1.1,1,1,378387643.0,1,1,0,0,0,0,1,0,0,0,1,1,1.0,0
0.0,27.6,2,2,63989.0,1,2,0,0,0,1,1,1,0,0,10,5,100.0,0
339.0,62.15,3,1,339.0,0,3,0,1,0,0,1,1,0,1,3,1,0.339,0
905293.0,166015.083333,1,0,905293.0,0,1,0,1,0,1,0,0,0,1,4,4,905.293,1
637750571.0,85033409.466667,1,0,637750571.0,0,1,0,0,0,0,0,0,0,0,8,1,63775057.1,0
273729199.4,50248444.506667,1,0,273705684.0,0,2,0,1,0,1,0,1,1,1,11,0,2737056.84,1
862473.0,168420.2,2,1,862473.0,0,2,0,1,0,1,1,1,0,1,25,1,100.0,1
0.0,1229.983333,2,2,6709.0,1,2,0,1,0,0,1,1,0,1,4,0,67.09,1
10104.0,1853.9,2,0,10104.0,0,2,1,1,0,1,1,1,0,1,4,1,10.104,1
0.0,1456.4,4,4,1045653456.0,1,4,0,1,0,0,1,1,0,1,2,6,50.0,0
0.0,1.1,1,1,58789576.0,1,1,0,0,0,0,1,0,0,0,9,2,1.0,0
509.5,961.95,1,1,2289281.0,1,1,0,0,0,0,1,0,1,0,5,2,100.0,0
0.0,67.2,5,5,25855067.0,1,5,0,0,0,1,0,1,0,0,12,3,2585506.7,0
782903417.0,143532293.116667,1,0,782903417.0,0,1,0,1,0,0,0,0,0,1,4,1,782903.417,1
141713389.0,25980846.483333,1,0,141713389.0,0,1,1,1,0,1,0,0,0,1,22,2,141713.389,1
3451740.0,632820.0,6,1,3451740.0,0,6,0,1,0,1,1,1,0,1,30,3,10.0,1
16950.0,3123.3,2,1,16950.0,0,2,1,1,0,1,0,1,0,1,6,4,16.95,1
0.0,1.2,1,1,1242273.0,1,1,0,0,0,1,1,0,0,0,5,4,10.0,0
0.0,1.1,1,1,16554.0,1,1,0,0,0,0,1,0,0,0,1,1,1.0,0
0.0,1.1,1,1,181277509.0,1,1,0,0,0,0,1,0,0,0,4,1,1.0,0
0.0,128.4,1,1,383997.0,1,1,0,0,0,1,0,0,0,0,10,3,38399.7,0
0.0,98.6,3,3,1181251896.0,1,3,0,0,0,1,0,1,0,0,2,1,118125189.6,0
39786334.0,7294161.233333,1,0,39786334.0,0,1,0,1,0,0,0,0,0,1,10,4,39786.334,1
0.0,26.4,4,4,8452419.0,1,4,0,0,0,0,1,1,0,0,3,5,20.0,0
3734.0,685.266667,2,1,3734.0,0,2,1,1,0,1,1,1,0,1,15,3,3.734,1
0.0,1.1,1,1,3941.0,1,1,0,0,0,0,0,0,0,0,6,1,394.1,0
212656255.0,38987040.183333,1,0,212656255.0,0,1,1,1,0,1,1,0,0,1,14,4,10.0,1
90128594.0,103926577.266667,1,0,6574614.0,0,2,0,0,0,1,0,1,1,0,13,4,657461.4,1
0.0,1.1,1,1,7628.0,1,1,0,0,0,0,1,0,0,0,3,2,1.0,0
0.0,1.1,1,1,8624107.0,1,1,0,0,0,0,0,0,0,0,3,1,862410.7,0
0.0,1973.9,3,3,789538465.0,1,3,0,0,0,1,0,1,0,0,11,1,78953846.5,0
36027725.0,4805100.133333,3,1,36027725.0,0,3,0,0,0,1,1,1,0,0,8,3,10.0,1
9018.0,1653.4,3,2,9018.0,0,3,0,1,1,1,1,1,0,1,10,4,9.018,1
36500.0,40904.6,1,1,178783.0,1,1,0,0,0,0,1,0,1,0,3,2,100.0,0
0.0,28240663.0,1,1,25673330.0,1,1,0,0,0,0,1,0,0,0,10,1,20.0,0
116.0,128.7,1,1,208981.0,1,1,0,0,0,0,1,0,1,0,7,2,100.0,0
37246815.0,3664263.1,5,3,37246815.0,0,5,0,1,0,1,0,1,0,1,17,5,37246.815,1
21195011.0,3885762.016667,8,2,21195011.0,0,8,0,1,0,1,1,1,0,1,27,5,100.0,1
0.0,322.3,1,1,22400526.0,1,1,0,0,0,0,0,0,0,0,15,4,2240052.6,0
0.0,88520.3,1,1,80473.0,1,1,0,0,0,0,0,0,0,1,1,1,8047.3,1
0.0,1.1,1,1,32199.0,1,1,0,0,0,0,1,0,0,0,4,1,1.0,0
22120215.0,104769.866667,3,2,22120215.0,0,3,0,1,0,0,1,1,0,1,14,3,1000.0,1
35837.0,6570.316667,3,0,35837.0,0,3,1,1,1,1,0,1,0,1,14,1,35.837,1
566528.0,6179.033333,6,3,566528.0,0,6,0,0,0,0,1,1,0,0,21,4,100.0,1
0.0,2035.1,1,1,10009.0,1,1,0,0,0,1,1,0,0,0,2,4,100.0,1
0.0,223.2,1,1,70479986.0,1,1,0,1,0,1,1,0,0,1,18,3,200.0,0
354534391.0,64999247.783333,1,0,354534391.0,0,1,0,1,0,1,0,0,0,1,18,4,354534.391,1
2452556.0,263076.9,3,2,2452556.0,0,3,0,0,0,1,1,1,0,0,17,6,100.0,1
0.0,12.266667,1,1,62.0,1,1,0,1,0,1,0,0,0,1,4,3,0.062,0
1774053.0,325243.05,1,0,1774053.0,0,1,0,1,0,0,1,0,0,1,2,5,100.0,1
974.1,1075.91,1,1,1324379.0,1,1,0,0,0,0,1,0,1,0,9,3,100.0,0
4645072.0,619342.933333,1,0,4645072.0,0,1,0,0,0,0,0,0,0,0,23,2,464507.2,0
241144003.0,32152533.733333,1,0,241144003.0,0,1,0,0,0,0,0,0,0,0,37,3,24114400.3,1
0.0,50.4,5,5,85995679.0,1,5,0,0,0,1,1,1,0,0,8,4,100.0,0
61762.0,11323.033333,1,0,61762.0,0,1,0,1,0,0,1,0,0,1,16,3,61.762,1
7916577.0,1451372.95,1,0,7916577.0,0,1,0,1,0,1,0,0,0,1,2,0,79165.77,1
340.6,375.76,1,1,18165.0,1,1,0,0,0,0,0,0,1,0,8,2,1816.5,0
204.4,282.04,1,1,2771091.0,1,1,0,0,0,0,1,0,1,0,4,1,10.0,0
0.0,23.1,1,1,3496930.0,1,1,0,1,0,0,0,0,0,1,3,3,3496.93,0
0.0,2588.8,2,2,596319248.0,1,2,0,0,0,1,1,1,0,0,3,4,10.0,0
67126534.0,12306664.233333,1,0,67126534.0,0,1,0,1,1,1,1,0,0,1,7,1,100.0,1
0.0,1.1,1,1,13370835.0,1,1,0,0,0,0,1,0,0,0,9,1,1.0,0
12915118.0,2367772.133333,8,1,12915118.0,0,8,1,1,0,1,1,1,0,1,8,2,100.0,1
0.0,1167089382.8,4,4,265247587.0,1,4,0,1,0,1,1,1,0,1,16,5,10.0,1
0.0,4.4,1,1,226460.0,1,1,0,0,0,0,0,0,0,1,4,2,22646.0,0
0.0,69487.0,1,1,63170.0,1,1,0,0,0,0,1,0,0,0,3,2,1.0,0
37855821.0,6940234.85,3,1,37855821.0,0,3,0,1,0,1,1,1,0,1,22,4,10.0,1
437922.0,62611.816667,3,2,437922.0,0,3,0,1,0,0,1,1,0,1,7,3,437.922,1
0.0,42.0,1,1,96529754.0,1,1,0,0,0,1,1,0,0,0,3,3,100.0,0
169613.0,31096.016667,1,0,169613.0,0,1,0,0,0,1,0,0,0,1,13,2,16961.3,1
0.0,6.6,3,3,4304818.0,1,3,0,0,0,0,0,1,0,0,15,5,430481.8,0
3412311.0,626386.95,7,2,3412311.0,0,7,0,1,0,1,0,1,0,1,16,5,3412.311,1
16958339.6,6570542.626667,1,0,15699608.0,0,1,0,1,0,1,0,0,1,1,6,1,15699.608,1
267442540.0,18478.233333,5,4,267442540.0,0,5,0,0,0,1,0,1,0,0,18,4,26744254.0,0
0.0,3188.9,1,1,10720355.0,1,1,0,0,0,0,1,0,0,0,12,1,20.0,0
2322123.0,1230099.85,1,0,1590876.0,0,2,0,1,0,1,0,1,1,1,5,1,1590.876,1
92092433.6,17039906.076667,1,0,92035731.0,0,1,0,1,0,1,0,0,1,1,4,0,920357.31,1
442631442.0,81150236.9,8,1,442631442.0,0,8,1,1,0,1,0,1,0,1,5,6,442631.442,1
113432532.0,15124337.6,1,0,113432532.0,0,1,0,0,0,0,0,0,0,0,16,3,11343253.2,0
9008845.0,1651654.783333,3,0,9008845.0,0,3,0,1,0,1,0,1,0,1,21,2,9008.845,1
10486.0,1923.833333,3,0,10486.0,0,3,1,1,0,1,1,1,0,1,13,4,10.0,1
0.0,2.4,1,1,136911.0,1,1,0,0,0,1,1,0,0,0,13,1,20.0,0
68761316.0,9148043.9,5,3,68761316.0,0,5,0,0,0,1,1,1,0,0,16,7,100.0,1
0.0,449980.3,1,1,409073.0,1,1,0,0,0,0,1,0,0,0,9,2,10.0,0
3867054.0,505.266667,3,2,3867054.0,0,3,0,1,0,0,0,1,0,1,11,6,3867.054,0
0.0,608.6,3,3,197015703.0,1,3,0,0,0,1,0,1,0,0,11,1,19701570.3,0
0.0,8014792.5,1,1,7286175.0,1,1,0,0,0,0,1,0,0,1,4,2,100.0,1
0.0,577.5,3,3,8786994.0,1,3,0,0,0,0,0,1,0,0,19,3,878699.4,0
225628366.0,41356882.6,2,1,225628366.0,0,2,1,1,0,0,1,1,0,1,4,2,1000.0,1
23045337.0,4224978.55,1,0,23045337.0,0,1,0,1,1,1,0,0,0,1,14,1,23045.337,1
0.0,3.6,1,1,218669.0,1,1,0,0,0,1,1,0,0,0,6,1,50.0,0
0.0,1823493.1,1,1,1657721.0,1,1,0,0,0,0,0,0,0,1,4,1,165772.1,0
4298899.4,4869754.856667,1,0,2814677.0,0,2,0,1,0,1,1,1,1,1,18,4,100.0,1
255910866.0,45045786.6,5,4,255910866.0,0,5,0,1,0,1,1,1,0,1,8,5,100.0,1
45676371.0,1214463.4,6,2,45676371.0,0,6,0,0,0,0,0,1,0,0,10,1,4567637.1,1
81528914.0,381862045.4,1,1,132809200.0,1,2,0,1,0,1,1,1,1,1,10,1,100.0,1
0.0,3.3,3,3,424089986.0,1,3,0,1,0,0,1,1,0,1,2,3,10.0,0
8045064.0,1474930.4,8,5,8045064.0,0,8,0,1,0,1,1,1,0,1,5,1,20.0,1
4356364.0,798676.733333,7,5,4356364.0,0,7,1,1,0,1,1,1,0,1,19,4,100.0,1
0.0,970.2,1,1,675219641.0,1,1,0,0,0,0,0,0,0,0,4,6,67521964.1,0
0.0,5102.9,1,1,33629.0,1,1,0,0,0,0,0,0,0,1,3,1,3362.9,1
0.0,1034.0,1,1,26919.0,1,1,0,0,0,0,1,0,0,0,9,4,20.0,1
30873046.0,37846266.333333,1,0,1612857.0,0,2,0,1,0,0,0,1,1,1,7,4,1612.857,1
0.0,1.1,1,1,14533.0,1,1,0,0,0,0,0,0,0,0,1,1,1453.3,0
0.0,1.1,1,1,1209.0,1,1,0,0,0,0,1,0,0,0,11,1,1.0,0
3065383.0,561997.783333,3,1,3065383.0,0,3,1,1,0,1,0,1,0,1,16,4,3065.383,1
307023.9,339437.89,1,1,4674290.0,1,1,0,0,0,0,1,0,1,0,7,1,10.0,0
45590347.0,8358254.483333,1,0,45590347.0,0,1,0,1,0,1,0,0,0,1,19,4,45590.347,1
1960529.0,359433.416667,8,2,1960529.0,0,8,0,1,0,1,1,1,0,1,13,7,100.0,1
2303894.0,422380.566667,8,2,2303894.0,0,8,0,1,0,0,1,1,0,1,25,7,20.0,1
0.0,270.0,1,1,11907452.0,1,1,0,0,0,1,0,0,0,0,3,3,1190745.2,0
0.0,331634.6,1,1,301486.0,1,1,0,0,0,0,1,0,0,0,15,4,100.0,0
97480289.0,185229.5,6,5,97480289.0,0,6,0,0,0,1,1,1,0,0,13,4,1000.0,1
0.0,342.933333,1,1,1840.0,1,1,0,1,0,1,1,0,0,1,10,4,1.84,1
0.0,1.2,1,1,2879402.0,1,1,0,0,0,1,1,0,0,0,9,3,10.0,0
16949673.0,2862338.412172,1,0,16949673.0,0,1,0,0,0,1,0,0,0,0,38,4,1694967.3,1
11221524.0,1496203.2,1,0,11221524.0,0,1,0,0,0,0,1,0,0,0,12,1,10.0,1
0.0,109846448.8,1,1,99860408.0,1,1,0,0,0,0,0,0,0,0,7,2,9986040.8,0
7560.0,1386.0,4,1,7560.0,0,4,1,1,1,0,0,1,0,1,7,1,7.56,1
0.0,1.1,1,1,2788985.0,1,1,0,0,0,0,1,0,0,0,8,1,1.0,0
0.0,1.1,1,1,57415606.0,1,1,0,0,0,0,1,0,0,0,1,1,1.0,0
0.0,1.1,1,1,1686.0,1,1,0,0,0,0,0,0,0,0,5,2,168.6,0
0.0,347680704.8,1,1,316073368.0,1,1,0,0,0,0,0,0,0,1,1,1,31607336.8,0
0.0,1.1,1,1,33044804.0,1,1,0,0,0,0,0,0,0,0,8,1,3304480.4,0
22506.0,4126.4,4,0,22506.0,0,4,1,1,0,1,0,1,0,1,11,0,225.06,1
0.0,9884.6,2,2,4493.0,1,2,0,1,0,0,1,1,0,1,5,4,4.493,1
1196039.0,219273.816667,1,0,1196039.0,0,1,0,1,0,0,1,0,0,1,7,0,100.0,1
0.0,2867.1,1,1,156982147.0,1,1,0,0,0,1,0,0,0,0,4,3,15698214.7,0
1753289.0,321436.316667,7,3,1753289.0,0,7,0,1,0,0,0,1,0,1,19,5,1753.289,1
0.0,6815.6,4,4,1201890318.0,1,4,0,1,0,0,1,1,0,1,18,3,10.0,0
0.0,1.1,1,1,111849.0,1,1,0,0,0,0,1,0,0,0,4,1,1.0,0
5064865.0,930516.383333,3,0,5064865.0,0,3,0,1,0,1,0,1,0,1,17,1,5064.865,1
0.0,1.1,1,1,36027966.0,1,1,0,0,0,0,1,0,0,0,12,1,1.0,0
69981165.0,9330822.0,1,0,69981165.0,0,1,0,0,0,0,0,0,0,0,36,3,6998116.5,0
0.0,943230371.6,4,4,214370539.0,1,4,0,1,0,0,1,1,0,1,13,5,100.0,0
3306029.0,1054.9,5,4,3306029.0,0,5,1,1,0,0,1,1,0,1,19,4,100.0,0
220805003.0,40264650.433333,4,2,220805003.0,0,4,0,1,0,0,1,1,0,1,4,1,10.0,1
0.0,38.5,1,1,3044803.0,1,1,0,0,0,0,0,0,0,1,1,3,304480.3,0
0.0,122406644.8,1,1,111278768.0,1,1,0,0,0,1,1,0,0,0,11,4,50.0,0
0.0,1.1,1,1,147630.0,1,1,0,0,0,0,1,0,0,0,1,1,1.0,0
0.0,15444969.1,1,1,14040881.0,1,1,0,0,0,0,0,0,0,1,1,2,1404088.1,0
295.5,485.65,1,1,16391162.0,1,1,0,0,0,0,1,0,1,0,4,1,100.0,0
0.0,16.5,1,1,329492.0,1,1,0,0,0,0,0,0,0,1,1,1,32949.2,0
0.0,1.1,1,1,3852.0,1,1,0,0,0,0,1,0,0,0,12,1,1.0,0
0.0,1548305418.0,5,5,281510076.0,1,5,1,1,0,1,0,1,0,1,23,7,281510.076,1
223502.0,40978.666667,1,0,223502.0,0,1,0,1,0,1,1,0,0,1,2,0,100.0,1
46841920.0,8587751.833333,1,0,46841920.0,0,1,1,1,0,1,0,0,0,1,13,1,46841.92,1
10396299.0,35477.333333,5,3,10396299.0,0,5,0,0,0,1,1,1,0,0,7,1,10.0,1
0.0,958.8,3,3,1568362927.0,1,3,0,0,0,1,0,1,0,0,10,2,156836292.7,0
0.0,9395.1,1,1,418043.0,1,1,0,0,0,0,0,0,0,1,2,1,41804.3,1
582393077.0,77652410.266667,1,0,582393077.0,0,1,0,0,0,0,0,0,0,0,27,4,58239307.7,1
0.0,1355.2,4,4,1528991611.0,1,4,0,1,0,0,0,1,0,1,10,2,1528991.611,0
0.0,1.1,1,1,7538.0,1,1,0,0,0,0,1,0,0,0,7,1,1.0,0
0.0,525.7,1,1,3651951.0,1,1,0,0,0,1,1,0,0,0,6,2,10.0,0
0.0,1.1,1,1,7225009.0,1,1,0,0,0,0,0,0,0,0,11,1,722500.9,0
3137.3,3465.33,1,1,4849581.0,1,1,0,0,0,0,1,0,1,0,8,1,10.0,0
7951572.0,1467625.9,6,1,7951572.0,0,6,1,1,0,1,0,1,0,1,8,7,7951.572,1
8533.0,18772.6,2,0,8533.0,0,2,1,1,0,1,1,1,0,1,13,0,85.33,1
0.0,5.5,1,1,74028242.0,1,1,0,0,0,0,1,0,0,0,8,2,50.0,0
18587.0,3423.516667,3,0,18587.0,0,3,0,1,0,1,1,1,0,1,10,2,18.587,1
0.0,64680.0,2,2,29400.0,1,2,0,0,0,1,1,1,0,0,15,4,20.0,0
5188650.0,951254.5,3,0,5188650.0,0,3,1,1,0,1,1,1,0,1,16,3,20.0,1
241729.1,266322.21,1,1,49622.0,1,1,0,0,0,0,1,0,1,0,3,2,100.0,0
18337445.0,3361864.916667,1,0,18337445.0,0,1,0,1,0,0,1,0,0,1,20,3,100.0,1
0.0,6.6,3,3,787501.0,1,3,0,0,0,0,1,1,0,0,17,1,20.0,0
0.0,136.4,4,4,51643566.0,1,4,0,0,0,0,0,1,0,0,13,5,5164356.6,0
2341076.5,4154645.733333,1,0,986368.0,0,2,1,1,0,0,0,1,1,1,18,4,986.368,1
6390887.0,1171663.616667,3,0,6390887.0,0,3,0,1,0,1,1,1,0,1,10,8,10.0,1
79014143.0,14496895.816667,5,0,79014143.0,0,5,0,1,0,1,0,1,0,1,14,1,79014.143,1
0.0,134.0,5,5,15704251.0,1,5,0,0,0,1,1,1,0,0,9,2,20.0,0
0.0,7.2,1,1,279906636.0,1,1,0,0,0,1,0,0,0,0,10,4,27990663.6,0
133021529.0,17736203.866667,1,0,133021529.0,0,1,0,0,0,0,0,0,0,0,26,0,133021529.0,1
176268.0,6056.55,4,2,176268.0,0,4,0,1,0,1,0,1,0,1,12,6,176.268,1
0.0,694.1,1,1,3954015.0,1,1,0,0,0,0,0,0,0,1,3,3,395401.5,0
259159.7,285081.17,1,1,1573315.0,1,1,0,0,0,0,1,0,1,0,5,2,100.0,0
74829.0,13735.75,4,1,74829.0,0,4,1,1,0,1,1,1,0,1,10,0,10.0,1
73281.1,216210.61,1,1,123274.0,1,1,0,0,0,0,1,0,1,0,5,1,100.0,1
0.0,5.5,1,1,47968630.0,1,1,0,0,0,0,0,0,0,1,4,2,4796863.0,0
15433144.0,2829600.533333,3,0,15433144.0,0,3,0,1,0,1,0,1,0,1,9,3,15433.144,1
0.0,49.5,5,5,57847544.0,1,5,0,0,0,0,1,1,0,0,3,1,100.0,0
0.0,734.6,2,2,3211652.0,1,2,0,0,0,1,1,1,0,0,13,5,20.0,0
0.0,8.8,2,2,26662639.0,1,2,0,0,0,0,1,1,0,0,12,5,100.0,0
6584148.0,160780.583333,3,2,6584148.0,0,3,1,1,0,0,1,1,0,1,18,1,10.0,1
0.0,353.6,3,3,196835108.0,1,3,0,0,0,1,0,1,0,0,12,2,19683510.8,0
49283154.0,58288407.1,1,1,3706307.0,1,1,0,1,0,0,1,0,1,1,19,5,100.0,1
131866085.0,24175450.116667,6,1,131866085.0,0,6,0,1,0,1,1,1,0,1,17,8,20.0,1
0.0,817490064.6,2,2,371586393.0,1,2,0,0,0,1,1,1,0,0,18,4,50.0,0
0.0,191240193.1,1,1,173854721.0,1,1,0,0,0,1,0,0,0,0,33,3,17385472.1,1
7497545.0,1385284.616667,4,1,7497545.0,0,4,1,1,0,1,0,1,0,1,25,5,7497.545,1
0.0,48.0,1,1,103489.0,1,1,0,0,0,1,0,0,0,0,4,3,10348.9,0
0.0,647.9,1,1,2403655.0,1,1,0,0,0,0,0,0,0,1,4,2,240365.5,1
0.0,50.4,1,1,117295007.0,1,1,0,0,0,1,1,0,0,0,3,6,10.0,0
0.0,20878.0,2,2,9490.0,1,2,1,1,0,1,1,1,0,1,11,3,9.49,1
1023.0,198.85,1,0,1023.0,0,1,1,1,0,1,0,0,0,1,5,3,1.023,0
4202378.0,770937.566667,1,0,4202378.0,0,1,0,1,0,1,1,0,0,1,6,2,10.0,1
1291122.0,53346.366667,4,3,1291122.0,0,4,1,1,0,1,1,1,0,1,17,1,1000.0,1
0.0,1.1,1,1,24640284.0,1,1,0,0,0,0,1,0,0,0,12,1,1.0,0
6006914.0,1105545.666667,8,2,6006914.0,0,8,0,1,0,1,0,1,0,1,19,3,6006.914,1
0.0,1162.7,1,1,225544806.0,1,1,0,0,0,0,0,0,0,1,1,1,22554480.6,0
197192564.0,25233572.65,4,1,197192564.0,0,4,0,1,0,0,1,1,0,1,3,6,100.0,1
4095110.0,121075.733333,6,4,4095110.0,0,6,0,0,0,0,1,1,0,0,7,2,10.0,1
13247.0,2429.316667,2,0,13247.0,0,2,0,1,0,1,0,1,0,1,7,2,13.247,1
0.0,559896.7,1,1,508997.0,1,1,0,0,0,0,0,0,0,1,3,3,50899.7,0
999949.0,183323.983333,1,0,999949.0,0,1,0,1,0,0,1,0,0,1,4,2,10.0,1
360199610.0,66036596.166667,6,1,360199610.0,0,6,0,1,0,1,1,1,0,1,4,8,10.0,1
1069.2,1188.22,1,1,183668.0,1,1,0,0,0,0,0,0,1,0,10,3,18366.8,0
0.0,5418.5,1,1,43169.0,1,1,0,0,0,1,1,0,0,0,4,1,10.0,1
187373624.0,5985.666667,4,2,187373624.0,0,4,0,0,0,0,1,1,0,0,10,6,100.0,0
0.0,5086.4,1,1,2130998.0,1,1,0,0,0,0,1,0,0,0,2,3,50.0,1
0.0,3665.2,1,1,10410.0,1,1,0,1,0,0,0,0,0,1,1,2,10.41,1
0.0,20659.1,1,1,82366.0,1,1,0,0,0,0,0,0,0,1,2,3,8236.6,1
70212.0,12872.2,1,0,70212.0,0,1,0,1,0,0,1,0,0,1,9,5,10.0,1
0.0,52.6,2,2,89771090.0,1,2,0,0,0,1,1,1,0,0,18,2,20.0,0
348285906.0,12061566.933333,2,1,348285906.0,0,2,0,0,0,0,1,1,0,0,2,1,10.0,1
36404630.0,58286.466667,4,3,36404630.0,0,4,0,0,0,0,1,1,0,0,5,5,1000.0,1
1229197.0,225360.383333,4,1,1229197.0,0,4,1,1,0,1,0,1,0,1,4,8,1229.197,1
59670580.0,11112542.333333,1,0,59513373.0,0,2,1,1,0,1,1,1,1,1,11,5,100.0,1
0.0,108837214.2,1,1,98942922.0,1,1,0,0,0,0,0,0,0,1,2,3,9894292.2,0
11706087.0,2146115.95,1,0,11706087.0,0,1,1,1,0,0,1,0,0,1,18,1,100.0,1
11194090.0,7489000.933333,1,0,9220362.0,0,2,1,1,0,1,1,1,1,1,8,3,100.0,1
0.0,481.2,1,1,18636864.0,1,1,0,0,0,1,0,0,0,0,9,2,1863686.4,0
0.0,823.9,1,1,158822650.0,1,1,0,1,0,0,0,0,0,1,4,3,158822.65,0
0.0,167.1,1,1,29278.0,1,1,0,0,0,1,1,0,0,0,10,3,10.0,0
54946896.0,10073597.6,1,0,54946896.0,0,1,1,1,0,0,0,0,0,1,24,1,54946.896,1
0.0,1.2,1,1,6969935.0,1,1,0,0,0,1,0,0,0,0,7,2,696993.5,0
227103390.0,30260543.666667,3,1,227103390.0,0,3,0,0,0,1,0,1,0,0,10,6,22710339.0,1
571610674.0,76214756.533333,1,0,571610674.0,0,1,0,0,0,0,0,0,0,0,13,3,57161067.4,0
0.0,387.0,4,4,1456128635.0,1,4,0,0,0,1,1,1,0,0,17,4,50.0,0
46925.0,775.766667,2,1,46925.0,0,2,0,0,0,1,0,1,0,0,19,7,4692.5,1
0.0,9.0,4,4,760968423.0,1,4,0,0,0,1,1,1,0,0,11,4,200.0,0
72537562.0,223.433333,5,4,72537562.0,0,5,0,0,0,1,0,1,0,0,5,7,7253756.2,0
0.0,17.6,4,4,50148432.0,1,4,0,0,0,0,1,1,0,0,18,4,20.0,0
126481724.0,23188319.466667,1,0,126481724.0,0,1,1,1,0,1,0,0,0,1,18,0,1264817.24,1
0.0,21.6,1,1,239033296.0,1,1,0,1,0,1,1,0,0,1,6,2,200.0,0
0.0,495102844.5,5,5,90018699.0,1,5,0,0,0,1,0,1,0,0,18,5,9001869.9,0
0.0,50.4,1,1,82195646.0,1,1,0,1,0,1,1,0,0,1,11,4,50.0,0
0.0,1711.0,1,1,158330031.0,1,1,0,1,0,1,1,0,0,1,4,5,10.0,0
0.0,17.0,3,3,816524829.0,1,3,0,1,0,1,1,1,0,1,12,2,10.0,0
0.0,1.1,1,1,70584194.0,1,1,0,0,0,0,0,0,0,0,8,1,7058419.4,0
1750226.0,323487.066667,1,0,1750226.0,0,1,0,1,0,1,1,0,0,1,15,1,10.0,1
0.0,76.5,4,4,926747135.0,1,4,0,0,0,1,1,1,0,0,6,3,50.0,0
0.0,52.8,1,1,33369883.0,1,1,0,1,0,0,0,0,0,1,1,1,33369.883,0
0.0,6550513.2,1,1,5955012.0,1,1,0,0,0,0,0,0,0,1,1,2,595501.2,0
0.0,9778.4,4,4,682421282.0,1,4,0,1,0,1,1,1,0,1,11,4,200.0,0
0.0,402.5,2,2,344913617.0,1,2,0,0,0,1,0,1,0,0,3,2,34491361.7,0
0.0,2278565907.2,2,2,1035711776.0,1,2,0,1,0,0,0,1,0,1,16,1,1035711.776,0
0.0,4.5,4,4,42564542.0,1,4,0,0,0,1,1,1,0,0,3,5,20.0,0
0.0,2726522.7,1,1,2478657.0,1,1,0,0,0,0,0,0,0,0,21,4,247865.7,1
7842234.0,1437742.9,1,0,7842234.0,0,1,1,1,0,0,0,0,0,1,18,0,78422.34,1
0.0,4.4,1,1,49623.0,1,1,0,1,0,0,0,0,0,1,3,2,49.623,0
191.0,35.016667,2,1,191.0,0,2,0,1,0,0,1,1,0,1,7,1,0.191,0
3766457.0,690517.116667,1,0,3766457.0,0,1,0,1,0,0,0,0,0,1,7,3,3766.457,1
0.0,716.1,1,1,52005963.0,1,1,0,0,0,0,0,0,0,1,2,3,5200596.3,0
30259.3,33373.23,1,1,26111.0,1,1,0,0,0,0,1,0,1,0,4,3,100.0,0
0.0,1397.0,5,5,340097714.0,1,5,0,0,0,0,1,1,0,0,15,4,20.0,0
223672.0,29862.833333,1,0,223672.0,0,1,0,0,0,1,0,0,0,0,11,0,223672.0,1
195060514.5,59286944.2,1,0,186505660.0,0,2,0,1,0,0,0,1,1,1,20,0,1865056.6,1
573346.0,105113.433333,1,0,573346.0,0,1,0,0,0,0,1,0,0,1,11,2,1000.0,1
0.0,935.0,3,3,568607968.0,1,3,0,0,0,1,1,1,0,0,8,4,200.0,0
0.0,3.3,3,3,1153878502.0,1,3,0,0,0,0,1,1,0,0,2,6,50.0,0
10339.0,1895.483333,2,1,10339.0,0,2,1,1,0,0,1,1,0,1,3,0,100.0,1
146.7,1582379.37,1,1,1438380.0,1,1,0,0,0,0,0,0,1,0,5,1,143838.0,0
1087349.0,199347.316667,1,0,1087349.0,0,1,0,1,0,0,0,0,0,1,14,2,1087.349,1
164551273.0,30167987.283333,6,1,164551273.0,0,6,1,1,0,1,0,1,0,1,29,4,164551.273,1
9373432.0,1249790.933333,1,0,9373432.0,0,1,0,0,0,0,0,0,0,0,30,0,9373432.0,0
115103590.0,20642666.55,6,4,115103590.0,0,6,0,1,0,0,1,1,0,1,18,2,10.0,1
25984.0,4764.733333,1,0,25984.0,0,1,0,1,0,1,0,0,0,1,8,3,25.984,1
0.0,15.4,1,1,20730205.0,1,1,0,0,0,0,0,0,0,1,1,1,2073020.5,0
0.0,319.0,1,1,660249.0,1,1,0,1,0,0,0,0,0,1,1,3,660.249,0
3040117.0,37482.166667,4,2,3040117.0,0,4,1,1,0,1,0,1,0,1,14,1,3040.117,1
1115679.2,725287.436667,1,0,926403.0,0,2,0,1,0,1,0,1,1,1,10,3,926.403,1
4710.0,864.3,4,1,4710.0,0,4,1,1,0,1,1,1,0,1,6,4,4.71,1
0.0,1956.0,1,1,14878.0,1,1,0,0,0,1,0,0,0,0,12,3,1487.8,1
0.0,1.1,1,1,233194.0,1,1,0,0,0,0,0,0,0,0,10,2,23319.4,0
105904655.0,4437894.933333,3,2,105904655.0,0,3,0,0,0,1,1,1,0,0,20,7,100.0,1
0.0,1.1,1,1,11848.0,1,1,0,0,0,0,1,0,0,0,10,1,1.0,0
0.0,56.1,1,1,38076.0,1,1,0,0,0,0,1,0,0,0,3,4,10.0,0
581672588.0,106639975.466667,8,4,581672588.0,0,8,1,1,0,1,1,1,0,1,25,8,10.0,1
0.0,277.2,4,4,87152631.0,1,4,0,0,0,0,1,1,0,0,16,3,20.0,0
0.0,705962868.6,3,3,213928142.0,1,3,1,1,0,0,1,1,0,1,14,7,10.0,1
0.0,1.1,1,1,1057.0,1,1,0,0,0,0,1,0,0,0,5,1,1.0,0
0.0,4.8,1,1,120861789.0,1,1,0,0,0,1,0,0,0,0,4,1,12086178.9,0
9026409.0,4755.4,2,1,9026409.0,0,2,0,0,0,1,0,1,0,0,10,5,902640.9,1
261588950.0,47948562.383333,5,2,261588950.0,0,5,0,1,0,0,1,1,0,1,15,2,1000.0,1
0.0,1.1,1,1,1731.0,1,1,0,0,0,0,1,0,0,0,3,2,1.0,0
197565.0,36220.25,1,0,197565.0,0,1,0,1,0,0,0,0,0,1,6,2,197.565,1
0.0,155399072.4,6,6,23545314.0,1,6,1,1,0,1,1,1,0,1,9,5,20.0,1
0.0,226009165.8,1,1,205462878.0,1,1,0,0,0,0,0,0,0,1,1,2,20546287.8,0
144680.0,26524.666667,1,0,144680.0,0,1,0,1,0,0,1,0,0,1,8,1,144.68,1
0.0,294.8,1,1,40903.0,1,1,0,0,0,0,1,0,0,0,2,3,100.0,0
17894329.0,3280626.983333,1,0,17894329.0,0,1,1,1,1,0,0,0,0,1,22,0,178943.29,1
352789689.0,46618198.533333,6,4,352789689.0,0,6,0,0,0,0,1,1,0,0,17,1,100.0,1
90561.0,16602.85,1,0,90561.0,0,1,0,0,0,0,1,0,0,1,12,2,10.0,1
0.0,4310087863.400001,2,2,1959130847.0,1,2,0,0,0,1,1,1,0,0,18,2,10.0,0
0.0,28.6,1,1,197404.0,1,1,0,0,0,0,1,0,0,0,10,2,100.0,0
0.0,1.1,1,1,275669.0,1,1,0,0,0,0,1,0,0,0,3,2,1.0,0
10407.0,1908.15,3,1,10407.0,0,3,0,1,1,1,1,1,0,1,5,1,10.407,1
0.0,145.0,1,1,11065600.0,1,1,0,0,0,1,1,0,0,0,11,4,20.0,0
9665540.0,900.7,2,1,9665540.0,0,2,0,1,0,1,1,1,0,1,20,3,100.0,0
0.0,1306.9,1,1,1465327.0,1,1,0,0,0,1,1,0,0,0,2,4,100.0,0
0.0,2313.2,1,1,113250480.0,1,1,0,0,0,1,1,0,0,0,7,1,10.0,0
11734187.0,2151268.616667,5,1,11734187.0,0,5,0,1,0,1,1,1,0,1,14,6,10.0,1
267576.1,294411.81,1,1,3603897.0,1,1,0,0,0,0,1,0,1,0,4,2,10.0,0
60329290.0,11060373.133333,3,0,60329290.0,0,3,0,1,0,1,0,1,0,1,10,2,60329.29,1
2023563.0,269808.4,1,0,2023563.0,0,1,0,0,0,0,0,0,0,0,11,2,202356.3,1
0.0,499.8,3,3,16233751.0,1,3,0,0,0,1,0,1,0,0,7,2,1623375.1,0
0.0,11.0,1,1,3084610.0,1,1,0,1,0,0,0,0,0,1,2,3,3084.61,0
2620179.0,480366.15,4,2,2620179.0,0,4,1,1,0,0,1,1,0,1,26,5,20.0,1
10588339.0,1699131.807935,1,0,10588339.0,0,1,0,0,0,1,0,0,0,0,23,3,1058833.9,1
0.0,225.0,4,4,75994850.0,1,4,0,0,0,1,1,1,0,0,14,5,100.0,0
8362.0,1541.433333,4,1,8362.0,0,4,1,1,0,1,1,1,0,1,12,4,8.362,1
172569433.0,30469013.916667,2,1,172569433.0,0,2,0,1,0,1,1,1,0,1,2,2,1000.0,1
120625182.0,22114875.6,5,0,120625182.0,0,5,0,1,0,1,1,1,0,1,7,6,1000.0,1
20183.2,22204.82,1,1,34067.0,1,1,0,0,0,0,0,0,1,0,10,3,3406.7,0
14496737.0,2657743.416667,6,3,14496737.0,0,6,1,1,0,1,0,1,0,1,18,8,14496.737,1
0.0,1382.4,1,1,77747.0,1,1,0,0,0,1,0,0,0,0,3,3,7774.7,1
0.0,16.5,1,1,48930751.0,1,1,0,0,0,0,1,0,0,0,8,2,50.0,0
0.0,20438452.1,1,1,18580411.0,1,1,0,0,0,1,1,0,0,0,2,2,50.0,0
6605.0,7266.6,1,1,3899663.0,1,1,0,0,0,0,0,0,1,0,7,1,389966.3,0
0.0,1339.8,1,1,27160.0,1,1,0,0,0,0,0,0,0,1,1,3,2716.0,1
77872561.0,3334.866667,6,3,77872561.0,0,6,0,0,0,1,1,1,0,0,9,6,100.0,0
203222068.0,35535531.166667,5,3,203222068.0,0,5,0,1,0,0,1,1,0,1,14,1,10.0,1
4711190.0,4811530.966667,1,0,1122482.0,0,2,0,1,0,1,1,1,1,1,8,1,100.0,1
18141423.0,2418868.5,1,0,18141423.0,0,1,0,0,0,1,1,0,0,0,14,0,1000.0,1
0.0,272.8,4,4,8467909.0,1,4,0,0,0,0,1,1,0,0,4,2,20.0,0
0.0,1.1,1,1,19668.0,1,1,0,0,0,0,1,0,0,0,7,1,1.0,0
7709237.6,1792964.676667,1,0,7571301.0,0,2,0,1,0,1,0,1,1,1,7,5,7571.301,1
0.0,67305691.2,8,8,7648374.0,1,8,1,1,0,1,1,1,0,1,4,8,100.0,1
0.0,828406.7,1,1,753097.0,1,1,0,1,0,0,0,0,0,1,16,2,753.097,1
0.0,7.7,1,1,108589354.0,1,1,0,0,0,0,0,0,0,0,14,2,10858935.4,0
0.0,1.1,1,1,3691039.0,1,1,0,0,0,0,0,0,0,0,9,1,369103.9,0
0.0,7729719.8,1,1,7027018.0,1,1,0,0,0,0,1,0,0,0,4,1,100.0,0
31794.0,5829.1,4,2,31794.0,0,4,1,1,0,1,1,1,0,1,11,2,31.794,1
0.0,1.1,1,1,6368281.0,1,1,0,0,0,0,0,0,0,0,4,1,636828.1,0
480.0,100.2,2,1,480.0,0,2,0,1,0,1,0,1,0,1,11,0,4.8,0
118885125.0,21795837.05,8,0,118885125.0,0,8,0,1,0,1,0,1,0,1,29,8,118885.125,1
42787729.0,5705030.533333,1,0,42787729.0,0,1,0,0,0,0,0,0,0,0,15,2,4278772.9,0
165521156.0,22632093.490002,1,0,165521156.0,0,1,0,0,0,1,0,0,0,0,25,2,16552115.6,1
7326.0,1343.1,4,1,7326.0,0,4,0,1,0,0,1,1,0,1,10,2,7.326,1
0.0,99.6,1,1,262141295.0,1,1,0,1,0,1,1,0,0,1,16,4,50.0,0
2009354.0,3603542.666667,1,0,559089.0,0,1,0,0,0,1,0,0,1,0,4,1,55908.9,1
0.0,199.7,1,1,3102576.0,1,1,0,0,0,1,1,0,0,0,6,4,50.0,0
948561.0,173903.05,1,0,948561.0,0,1,0,1,1,1,1,0,0,1,22,0,100.0,1
0.0,1.1,1,1,18562315.0,1,1,0,0,0,0,1,0,0,0,11,1,1.0,0
0.0,1.1,1,1,263060962.0,1,1,0,0,0,0,1,0,0,0,5,1,1.0,0
0.0,1565.2,1,1,973920.0,1,1,0,0,0,1,1,0,0,0,12,1,10.0,1
0.0,4036568.8,2,2,1834804.0,1,2,0,0,0,0,0,1,0,0,7,3,183480.4,0
14483384.0,2542314.516667,6,2,14483384.0,0,6,0,1,0,1,1,1,0,1,16,2,100.0,1
0.0,310.8,1,1,48141105.0,1,1,0,0,0,1,0,0,0,0,7,3,4814110.5,0
0.0,520.3,1,1,465284.0,1,1,0,0,0,0,1,0,0,0,13,3,100.0,0
42108684.0,7374361.133333,2,1,42108684.0,0,2,0,1,0,0,1,1,0,1,7,1,1000.0,1
722722.0,132499.033333,1,0,722722.0,0,1,0,1,0,0,0,0,0,1,7,0,7227.22,1
0.0,15849.9,1,1,22079583.0,1,1,0,0,0,0,0,0,0,1,4,2,2207958.3,1
5308821.0,231744.333333,4,3,5308821.0,0,4,0,1,0,1,1,1,0,1,22,4,100.0,1
594516.0,108994.6,1,0,594516.0,0,1,0,1,0,0,1,0,0,1,19,4,10.0,1
0.0,1592.8,4,4,96603040.0,1,4,0,0,0,0,1,1,0,0,3,1,100.0,0
595020.0,79336.0,1,0,595020.0,0,1,0,0,0,0,1,0,0,0,19,3,1000.0,1
0.0,1.1,1,1,9346.0,1,1,0,0,0,0,0,0,0,0,7,2,934.6,0
0.0,3.6,1,1,662202.0,1,1,0,0,0,1,1,0,0,0,8,4,100.0,0
0.0,342534687.0,2,2,155697585.0,1,2,1,1,0,0,1,1,0,1,8,1,10.0,1
0.0,4227567313.2,4,4,960810753.0,1,4,0,1,0,1,1,1,0,1,5,1,200.0,0
9276.0,1700.7,3,1,9276.0,0,3,1,1,1,1,1,1,0,1,4,3,9.276,1
0.0,48.3,2,2,64846252.0,1,2,0,0,0,1,1,1,0,0,12,3,100.0,0
176109555.0,25304088.397403,1,0,176109555.0,0,1,0,0,0,1,0,0,0,0,28,0,176109555.0,1
4299527.0,287799.266667,4,3,4299527.0,0,4,0,0,0,0,1,1,0,0,14,7,1000.0,1
0.0,18.0,4,4,31715530.0,1,4,0,0,0,1,1,1,0,0,19,3,20.0,0
0.0,118.8,1,1,553682161.0,1,1,0,0,0,0,1,0,0,0,12,4,10.0,0
0.0,1.1,1,1,231543052.0,1,1,0,0,0,0,1,0,0,0,9,1,1.0,0
581207.0,106554.616667,1,0,581207.0,0,1,1,1,0,0,0,0,0,1,23,0,5812.07,1
5514656.6,13806807.776667,1,0,861643.0,0,2,1,1,0,0,0,1,1,1,8,0,8616.43,1
978.0,181.6,3,2,978.0,0,3,0,1,0,1,1,1,0,1,7,0,9.78,0
2317868.0,424943.666667,6,3,2317868.0,0,6,0,1,0,1,1,1,0,1,7,1,100.0,1
0.0,17.6,4,4,16218225.0,1,4,0,0,0,0,1,1,0,0,17,2,100.0,0
0.0,7121419.8,1,1,6474018.0,1,1,0,1,0,0,1,0,0,1,15,4,100.0,1
1797442.0,329704.033333,1,0,1797442.0,0,1,0,1,0,1,1,0,0,1,20,5,1000.0,1
0.0,50.4,5,5,139364.0,1,5,0,0,0,1,1,1,0,0,6,3,100.0,0
2777967.0,509295.95,5,1,2777967.0,0,5,0,1,0,1,1,1,0,1,15,7,20.0,1
0.0,1.1,1,1,188196048.0,1,1,0,0,0,0,0,0,0,0,10,2,18819604.8,0
0.0,133026361.6,4,4,30233264.0,1,4,0,0,0,0,1,1,0,0,20,1,100.0,0
0.0,5232111.5,5,5,951293.0,1,5,0,0,0,1,1,1,0,0,10,3,20.0,0
0.0,132.9,1,1,2632020.0,1,1,0,0,0,1,1,0,0,0,11,3,20.0,0
236035.0,43273.083333,1,0,236035.0,0,1,0,0,0,0,1,0,0,1,11,2,10.0,1
73680.3,81195.73,1,1,35368.0,1,1,0,0,0,0,1,0,1,0,2,1,100.0,0
349640.0,64100.666667,1,0,349640.0,0,1,0,1,0,0,1,0,0,1,3,4,349.64,1
16720749.0,1964902.05,5,3,16720749.0,0,5,0,1,0,1,1,1,0,1,16,1,100.0,1
27871.0,5110.183333,3,0,27871.0,0,3,0,1,0,1,1,1,0,1,5,3,10.0,1
0.0,48987.4,2,2,22267.0,1,2,0,1,1,0,1,1,0,1,9,1,10.0,1
115359974.0,2549044.666667,2,1,115359974.0,0,2,1,1,0,0,1,1,0,1,2,1,1000.0,1
0.0,95.716667,1,1,515.0,1,1,1,1,1,1,1,0,0,1,14,2,0.515,0
0.0,676.5,3,3,1272714.0,1,3,0,0,0,0,1,1,0,0,3,3,100.0,0
0.0,1.1,1,1,360626395.0,1,1,0,0,0,0,1,0,0,0,6,4,200.0,0
210295743.0,38555342.283333,3,1,210295743.0,0,3,1,1,0,0,1,1,0,1,24,6,1000.0,1
169229248.0,7699130.633333,5,3,169229248.0,0,5,1,1,0,0,0,1,0,1,23,1,169229.248,1
0.0,1.1,1,1,4110043.0,1,1,0,0,0,0,0,0,0,0,5,1,411004.3,0
0.0,1.2,1,1,178785.0,1,1,0,0,0,1,0,0,0,0,8,4,17878.5,0
34923536.0,4656471.466667,1,0,34923536.0,0,1,0,0,0,0,0,0,0,0,21,4,3492353.6,0
0.0,1.1,1,1,3404149.0,1,1,0,0,0,0,1,0,0,0,9,2,1.0,0
0.0,320530233.1,1,1,291391121.0,1,1,0,0,0,1,0,0,0,0,22,1,29139112.1,1
0.0,788.7,1,1,340211.0,1,1,0,0,0,0,0,0,0,0,12,4,34021.1,0
0.0,581.9,1,1,167479.0,1,1,0,1,0,0,0,0,0,1,3,2,167.479,0
2709714.6,1122218.76,1,0,2482596.0,0,2,0,1,0,1,0,1,1,1,20,5,2482.596,1
1204.0,229.833333,4,0,1204.0,0,4,1,1,0,1,0,1,0,1,7,1,1.204,0
309398177.0,56722999.116667,1,0,309398177.0,0,1,1,1,0,0,1,0,0,1,8,2,10.0,1
0.0,554.4,1,1,52700.0,1,1,0,0,0,1,0,0,0,0,11,3,5270.0,1
125705030.0,23045927.966667,4,1,125705030.0,0,4,0,1,0,1,0,1,0,1,14,7,125705.03,1
0.0,359.7,1,1,3436590.0,1,1,0,0,0,0,1,0,0,0,11,2,10.0,0
30481019.0,688142.4,5,4,30481019.0,0,5,0,0,0,0,1,1,0,0,14,5,10.0,1
7842265.0,1045635.333333,1,0,7842265.0,0,1,0,0,0,0,0,0,0,0,26,1,784226.5,0
844.3,1985.83,1,1,3220429.0,1,1,0,0,0,0,1,0,1,0,7,3,100.0,0
9295334.0,1239377.866667,1,0,9295334.0,0,1,0,0,0,0,0,0,0,0,13,4,929533.4,0
1128867.0,206958.95,1,0,1128867.0,0,1,0,1,0,0,0,0,0,1,25,2,1128.867,1
0.0,12588668.4,1,1,11444244.0,1,1,0,0,0,0,0,0,0,0,31,3,1144424.4,1
77069282.0,14129368.366667,1,0,77069282.0,0,1,0,1,0,0,0,0,0,1,18,0,770692.82,1
472766251.0,63035500.133333,1,0,472766251.0,0,1,0,0,0,0,0,0,0,0,9,0,472766251.0,0
120052717.0,132057988.7,1,0,120052717.0,0,1,0,1,0,1,0,0,0,1,21,0,1200527.17,1
2442.0,2709.3,1,1,2100200.0,1,1,0,0,0,0,0,0,1,0,3,3,210020.0,0
23951.5,26970.35,1,1,34688.0,1,1,0,0,0,0,0,0,1,0,5,3,3468.8,0
4752315.0,848581.616667,5,1,4752315.0,0,5,1,1,0,0,0,1,0,1,8,5,4752.315,1
0.0,13654.3,1,1,351507.0,1,1,0,0,0,0,0,0,0,1,1,2,35150.7,1
0.0,33733.7,1,1,30667.0,1,1,0,0,0,1,1,0,0,0,7,1,50.0,0
0.0,6.6,1,1,269553.0,1,1,0,0,0,0,0,0,0,1,1,3,26955.3,0
6817264.0,1249832.733333,3,1,6817264.0,0,3,1,1,0,1,1,1,0,1,8,8,10.0,1
0.0,476.0,3,3,824771.0,1,3,0,0,0,1,0,1,0,0,10,5,82477.1,0
0.0,1.1,1,1,707704.0,1,1,0,0,0,0,1,0,0,0,12,1,1.0,0
0.0,4673.9,1,1,3478015.0,1,1,0,0,0,0,0,0,0,0,5,4,347801.5,1
21950.0,4024.166667,3,1,21950.0,0,3,1,1,0,0,0,1,0,1,15,4,21.95,1
192468117.0,35285822.15,4,1,192468117.0,0,4,1,1,0,1,1,1,0,1,24,2,100.0,1
19949811.0,3657465.35,1,0,19949811.0,0,1,1,1,0,0,1,0,0,1,12,5,100.0,1
3301601.0,605421.616667,1,0,3301601.0,0,1,1,1,0,1,0,0,0,1,18,2,3301.601,1
6107997.0,1119892.75,1,0,6107997.0,0,1,0,1,0,1,0,0,0,1,24,2,6107.997,1
0.0,19401.8,1,1,159301.0,1,1,0,0,0,0,0,0,0,1,4,2,15930.1,1
0.0,855105504.0,8,8,97171080.0,1,8,1,1,0,1,1,1,0,1,7,4,10.0,1
115982275.0,21263417.083333,1,0,115982275.0,0,1,0,1,1,0,0,0,0,1,9,1,115982.275,1
0.0,1814917615.5,5,5,329985021.0,1,5,0,1,0,1,1,1,0,1,5,3,100.0,1
866548.0,158870.333333,1,0,866548.0,0,1,0,0,0,1,1,0,0,1,16,3,10.0,1
415049788.0,76107224.633333,5,2,415049788.0,0,5,0,1,0,1,0,1,0,1,9,3,415049.788,1
77350.4,85343.94,1,1,309428.0,1,1,0,0,0,0,1,0,1,0,8,3,100.0,0
1834.2,9667865.02,1,1,8787134.0,1,1,0,0,0,0,1,0,1,0,3,1,10.0,0
0.0,789.9,4,4,4308.0,1,4,1,1,0,1,0,1,0,1,9,2,4.308,1
0.0,1025.566667,1,1,5594.0,1,1,1,1,0,0,0,0,0,1,9,3,5.594,1
0.0,1.1,1,1,31913.0,1,1,0,0,0,0,1,0,0,0,1,1,1.0,0
0.0,33.9,1,1,178670.0,1,1,0,0,0,1,1,0,0,0,7,1,20.0,0
657334.0,120513.433333,1,0,657334.0,0,1,0,1,0,1,0,0,0,1,17,5,657.334,1
0.0,818044.7,1,1,743677.0,1,1,0,0,0,0,1,0,0,0,6,1,1.0,0
26555.8,29212.48,1,1,1145353.0,1,1,0,0,0,0,1,0,1,0,4,3,100.0,0
182.2,2266.22,1,1,9859148.0,1,1,0,0,0,0,1,0,1,0,10,1,100.0,0
0.0,19.8,1,1,3670758.0,1,1,0,0,0,0,1,0,0,0,14,1,100.0,0
79283499.0,7853884.733333,5,2,79283499.0,0,5,0,0,0,0,1,1,0,0,16,2,1000.0,1
0.0,162.4,5,5,100091548.0,1,5,0,0,0,1,0,1,0,0,16,2,10009154.8,0
0.0,44.0,1,1,61378145.0,1,1,0,0,0,0,0,0,0,1,3,3,6137814.5,0
0.0,38.5,5,5,37396005.0,1,5,0,0,0,0,1,1,0,0,15,2,20.0,0
0.0,6514.2,1,1,284384.0,1,1,0,0,0,0,0,0,0,1,2,2,28438.4,1
246942.0,45295.2,1,0,246942.0,0,1,0,0,0,1,1,0,0,1,9,5,100.0,1
2197274.0,406477.366667,1,0,2197274.0,0,1,0,1,0,1,0,0,0,1,18,1,2197.274,1
0.0,30.0,1,1,23457987.0,1,1,0,0,0,1,1,0,0,0,7,4,50.0,0
0.0,70840.0,2,2,32200.0,1,2,1,1,0,1,0,1,0,1,4,3,32.2,1
0.0,4447.8,2,2,217634790.0,1,2,0,1,0,1,0,1,0,1,18,5,217634.79,0
0.0,257.2,1,1,27019.0,1,1,0,0,0,1,1,0,0,0,5,1,20.0,0
0.0,2681.8,1,1,4083395.0,1,1,0,0,0,0,0,0,0,1,3,2,408339.5,1
111669716.0,20472781.266667,1,0,111669716.0,0,1,1,1,1,0,0,0,0,1,4,1,111669.716,1
0.0,278.8,3,3,122004686.0,1,3,0,0,0,1,0,1,0,0,17,4,12200468.6,0
2306414.0,422906.266667,1,0,2306414.0,0,1,1,1,0,1,1,0,0,1,25,5,10.0,1
0.0,248.2,3,3,237237930.0,1,3,0,0,0,1,0,1,0,0,6,3,23723793.0,0
3804339.0,697462.15,1,0,3804339.0,0,1,0,1,0,0,1,0,0,1,4,3,100.0,1
0.0,687.6,4,4,121996834.0,1,4,0,0,0,1,1,1,0,0,11,3,100.0,0
313039.2,34590068.92,1,1,15566239.0,1,2,0,0,0,0,0,1,1,0,20,3,1556623.9,1
0.0,8810.4,4,4,1529067112.0,1,4,0,0,0,1,1,1,0,0,5,1,50.0,0
104256059.0,19113611.416667,1,0,104256059.0,0,1,0,1,0,1,1,0,0,1,18,2,10.0,1
1259727.0,230950.95,5,1,1259727.0,0,5,0,1,0,1,1,1,0,1,24,7,10.0,1
6196162.0,826156.333333,1,0,6196162.0,0,1,0,0,0,1,1,0,0,0,8,0,1000.0,1
0.0,27.5,1,1,118745078.0,1,1,0,0,0,0,0,0,0,1,1,2,11874507.8,0
3433071.0,529138.102312,1,0,3433071.0,0,1,0,0,0,1,0,0,0,0,18,0,3433071.0,1
0.0,41.7,1,1,300999.0,1,1,0,0,0,1,1,0,0,0,12,1,10.0,0
1841268.0,247226.3,1,0,1841268.0,0,1,0,0,0,1,1,0,0,0,16,2,1000.0,1
0.0,5450691303.200001,4,4,1238793478.0,1,4,0,0,0,0,0,1,0,0,14,3,123879347.8,0
0.0,52.8,1,1,42915.0,1,1,0,0,0,0,1,0,0,0,10,3,100.0,0
8340.0,1532.8,2,0,8340.0,0,2,1,1,0,1,0,1,0,1,7,0,83.4,1
167925048.0,5422345.733333,6,5,167925048.0,0,6,1,1,0,1,1,1,0,1,24,7,100.0,1
0.0,8.4,1,1,523792.0,1,1,0,0,0,1,0,0,0,0,4,4,52379.2,0
0.0,2.4,1,1,12895.0,1,1,0,0,0,1,1,0,0,0,6,2,100.0,0
0.0,77.0,5,5,2144620.0,1,5,0,0,0,0,0,1,0,0,3,2,214462.0,0
525423446.0,57121300.666667,6,2,525423446.0,0,6,0,0,0,1,1,1,0,0,9,2,10.0,1
0.0,2626342.4,1,1,2387584.0,1,1,0,0,0,0,0,0,0,0,18,4,238758.4,0
957.4,63874.14,1,1,57110.0,1,1,0,0,0,0,1,0,1,0,2,3,10.0,0
0.0,160.1,1,1,9379318.0,1,1,0,0,0,1,1,0,0,0,4,3,50.0,0
0.0,4.5,4,4,783463.0,1,4,0,0,0,1,1,1,0,0,19,4,100.0,0
11540511.0,1907437.00787,1,0,11540511.0,0,1,0,0,0,1,0,0,0,0,14,3,1154051.1,1
26509670.0,4860106.166667,3,0,26509670.0,0,3,1,1,0,0,1,1,0,1,13,7,20.0,1
224698108.0,41194653.133333,1,0,224698108.0,0,1,1,1,0,0,0,0,0,1,17,0,2246981.08,1
0.0,4874.1,1,1,93832.0,1,1,0,0,0,0,0,0,0,1,4,3,9383.2,1
3472071.0,462942.9,1,0,3472071.0,0,1,0,0,0,1,1,0,0,0,9,1,100.0,1
126465.8,139175.08,1,1,12366.0,1,1,0,0,0,0,1,0,1,0,10,2,100.0,0
0.0,1.1,1,1,1389.0,1,1,0,0,0,0,1,0,0,0,6,2,1.0,0
0.0,6309.6,1,1,5736.0,1,1,0,0,0,0,1,0,0,0,2,1,1.0,0
35898.0,6586.8,4,3,35898.0,0,4,1,1,0,1,1,1,0,1,8,3,35.898,1
0.0,1.2,1,1,2523882.0,1,1,0,0,0,1,1,0,0,0,5,2,50.0,0
0.0,108548030.8,1,1,98680028.0,1,1,1,1,0,1,1,0,0,1,22,2,10.0,1
0.0,4.8,1,1,180699463.0,1,1,0,0,0,1,1,0,0,0,5,4,50.0,0
0.0,2130.7,1,1,10613.0,1,1,0,0,0,0,0,0,0,1,4,3,1061.3,1
675747443.0,123887031.216667,1,0,675747443.0,0,1,1,1,0,0,0,0,0,1,9,2,675747.443,1
1107965.0,203127.916667,8,4,1107965.0,0,8,1,1,0,1,1,1,0,1,8,1,10.0,1
16676726.0,3057399.966667,1,0,16676726.0,0,1,0,1,0,1,1,0,0,1,20,2,100.0,1
0.0,55.2,2,2,146355486.0,1,2,0,0,0,1,1,1,0,0,15,1,100.0,0
0.0,140.0,5,5,5959403.0,1,5,0,0,0,1,1,1,0,0,20,4,100.0,0
0.0,8.8,2,2,191115606.0,1,2,0,0,0,0,1,1,0,0,10,3,200.0,0
470948537.0,62793138.266667,1,0,470948537.0,0,1,0,0,0,0,0,0,0,0,14,2,47094853.7,1
0.0,845202619.8,6,6,128061003.0,1,6,1,1,0,0,0,1,0,1,16,7,128061.003,1
5853522.0,780483.2,1,0,5853522.0,0,1,0,0,0,1,0,0,0,0,19,5,585352.2,1
4061859.0,541581.2,1,0,4061859.0,0,1,0,0,0,0,1,0,0,0,4,4,10.0,1
2423656.0,444346.933333,6,2,2423656.0,0,6,0,1,0,1,1,1,0,1,7,4,100.0,1
0.0,154793.1,1,1,140721.0,1,1,0,0,0,0,0,0,0,0,14,2,14072.1,0
0.0,2151.0,2,2,150012920.0,1,2,0,0,0,1,1,1,0,0,5,4,200.0,0
0.0,1.1,1,1,485612.0,1,1,0,0,0,0,1,0,0,0,12,1,1.0,0
0.0,52979741.1,3,3,16054467.0,1,3,0,0,0,0,0,1,0,0,16,2,1605446.7,0
0.0,16.1,2,2,408652903.0,1,2,0,0,0,1,0,1,0,0,2,4,40865290.3,0
85605944.0,11219500.033333,4,3,85605944.0,0,4,0,0,0,0,0,1,0,0,10,5,8560594.4,1
0.0,9.6,1,1,16851293.0,1,1,0,0,0,1,1,0,0,0,12,1,10.0,0
21166032.0,3881670.3,1,0,21166032.0,0,1,1,1,0,1,0,0,0,1,20,1,21166.032,1
0.0,52.8,1,1,139973.0,1,1,0,0,0,1,1,0,0,0,3,4,50.0,0
30816.0,5651.5,3,2,30816.0,0,3,1,1,0,1,1,1,0,1,4,3,30.816,1
875591.0,160526.516667,1,0,875591.0,0,1,1,1,1,1,0,0,0,1,25,3,875.591,1
323361546.0,59282950.1,1,0,323361546.0,0,1,0,1,0,0,0,0,0,1,19,4,323361.546,1
0.0,132.0,1,1,97072.0,1,1,0,0,0,0,0,0,0,1,1,3,9707.2,0
1281.0,234.85,3,0,1281.0,0,3,1,1,0,0,1,1,0,1,10,1,1.281,0
265.0,50.983333,1,0,265.0,0,1,1,1,0,1,1,0,0,1,4,3,0.265,0
0.0,31.2,1,1,3557821.0,1,1,0,0,0,1,1,0,0,0,7,1,50.0,0
463217.0,3666.083333,2,1,463217.0,0,2,0,1,0,1,1,1,0,1,20,6,10.0,1
49113350.1,22382484.96,1,0,44248488.0,0,2,1,1,0,0,1,1,1,1,5,0,100.0,1
0.0,1649731.6,1,1,1499756.0,1,1,0,1,0,1,1,0,0,1,25,5,10.0,1
0.0,339.4,1,1,18003.0,1,1,0,0,0,1,1,0,0,0,7,1,50.0,0
0.0,2412.8,4,4,915268958.0,1,4,0,1,0,1,0,1,0,1,14,5,915268.958,0
9798242.0,21459789.766667,1,0,2650096.0,0,1,0,1,0,1,1,0,1,1,6,2,100.0,1
30028250.0,5229036.266667,3,2,30028250.0,0,3,1,1,0,0,0,1,0,1,25,5,30028.25,1
0.0,29675.8,2,2,13489.0,1,2,0,1,0,1,0,1,0,1,9,3,13.489,1
289786541.0,7619558.033333,4,3,289786541.0,0,4,1,1,0,1,1,1,0,1,2,2,1000.0,1
3288586.0,602907.433333,1,0,3288586.0,0,1,0,1,0,0,0,0,0,1,21,4,3288.586,1
0.0,607.2,4,4,26912162.0,1,4,0,0,0,0,1,1,0,0,9,1,100.0,0
0.0,1.1,1,1,22334316.0,1,1,0,0,0,0,0,0,0,0,5,2,2233431.6,0
2739557.0,502254.116667,8,1,2739557.0,0,8,0,1,0,1,1,1,0,1,18,8,20.0,1
5991518.0,1098446.366667,6,2,5991518.0,0,6,1,1,0,1,0,1,0,1,16,8,5991.518,1
0.0,23.1,1,1,30296.0,1,1,0,0,0,0,0,0,0,1,4,2,3029.6,0
1372306.0,254162.733333,1,0,1372306.0,0,1,0,0,0,1,1,0,0,1,9,0,10.0,1
456348226.0,83663842.433333,3,0,456348226.0,0,3,0,1,0,1,1,1,0,1,6,7,10.0,1
0.0,62.1,2,2,365664187.0,1,2,0,0,0,1,0,1,0,0,16,4,36566418.7,0
0.0,5255.8,1,1,12804255.0,1,1,0,0,0,0,0,0,0,1,3,2,1280425.5,1
2957925.0,492524.983333,4,2,2957925.0,0,4,1,1,0,1,1,1,0,1,11,2,1000.0,1
94.0,17.233333,1,0,94.0,0,1,1,1,0,0,1,0,0,1,6,4,0.094,0
0.0,2500565647.8,3,3,757747166.0,1,3,0,0,0,0,1,1,0,0,14,6,10.0,0
345194078.0,38237873.916667,4,3,345194078.0,0,4,0,1,0,1,1,1,0,1,5,6,10.0,1
0.0,229415653.5,5,5,41711937.0,1,5,0,0,0,0,1,1,0,0,14,3,10.0,1
192133749.0,35224522.65,3,0,192133749.0,0,3,0,1,0,1,1,1,0,1,25,2,20.0,1
4585814.0,840732.566667,1,0,4585814.0,0,1,0,1,0,0,1,0,0,1,4,4,1000.0,1
719740.0,95965.333333,1,0,719740.0,0,1,0,0,0,0,0,0,0,0,3,5,71974.0,1
1648.0,302.933333,2,1,1648.0,0,2,0,1,0,1,1,1,0,1,10,4,1.648,1
196017390.0,35936521.5,1,0,196017390.0,0,1,0,1,0,0,0,0,0,1,13,1,196017.39,1
13971725.0,2561483.016667,1,0,13971725.0,0,1,0,1,0,1,1,0,0,1,12,0,1000.0,1
0.0,1071.4,1,1,160613536.0,1,1,0,1,0,0,0,0,0,1,4,1,160613.536,0
1024434.0,45857.9,2,1,1024434.0,0,2,0,0,0,1,1,1,0,0,24,6,100.0,1
17390193.0,3394637.95,1,0,17202524.0,0,2,1,1,0,0,1,1,1,1,18,4,100.0,1
31202631.6,5756520.11,1,0,31189527.0,0,1,1,1,0,0,0,0,1,1,19,4,31189.527,1
2176362.0,290181.6,1,0,2176362.0,0,1,0,0,0,0,0,0,0,0,18,3,217636.2,1
23455559.0,3127407.866667,1,0,23455559.0,0,1,0,0,0,0,0,0,0,0,11,4,2345555.9,1
3801586.5,8495123.75,1,0,965897.0,0,1,0,1,0,1,1,0,1,1,5,2,100.0,1
10431649.5,28939220.2,1,0,603740.0,0,1,0,1,0,0,0,0,1,1,11,3,603.74,1
19272.0,3533.2,3,2,19272.0,0,3,1,1,0,0,1,1,0,1,4,2,19.272,1
695969595.0,130892815.865827,1,0,695969595.0,0,1,0,0,0,1,0,0,0,0,22,3,69596959.5,1
0.0,949.3,1,1,10004785.0,1,1,0,0,0,0,1,0,0,0,11,2,100.0,0
0.0,4.4,1,1,155743943.0,1,1,0,0,0,0,0,0,0,1,3,3,15574394.3,0
2984637.0,444832.3,6,4,2984637.0,0,6,0,1,0,0,1,1,0,1,24,5,100.0,1
2497.0,463.383333,2,1,2497.0,0,2,0,1,1,1,1,1,0,1,12,2,2.497,1
2691352.0,358846.933333,1,0,2691352.0,0,1,0,0,0,0,1,0,0,0,4,1,10.0,1
18282.0,3364.5,4,1,18282.0,0,4,0,1,0,1,0,1,0,1,14,2,18.282,1
1525498.0,32480640.5,1,1,28002357.0,1,1,0,1,0,0,0,0,1,1,4,5,28002.357,1
59275979.0,21683803.066667,1,0,55343494.0,0,1,1,1,0,1,0,0,1,1,14,4,55343.494,1
0.0,9.0,4,4,1412098998.0,1,4,0,1,0,1,1,1,0,1,5,5,200.0,0
0.0,1.1,1,1,1565856.0,1,1,0,0,0,0,1,0,0,0,6,1,1.0,0
0.0,1.1,1,1,75292.0,1,1,0,0,0,0,1,0,0,0,5,2,1.0,0
229351100.0,42047711.666667,8,3,229351100.0,0,8,0,1,0,1,1,1,0,1,7,3,100.0,1
38479559.0,41155678.516667,1,0,7478570.0,0,1,0,1,0,1,1,0,1,1,12,1,100.0,1
401049.0,441155.0,1,1,31900151.0,1,1,0,0,0,0,1,0,1,0,4,2,100.0,0
332486504.0,60955869.066667,4,1,332486504.0,0,4,1,1,0,1,1,1,0,1,29,6,100.0,1
0.0,389284183.2,3,3,117964904.0,1,3,0,1,0,1,1,1,0,1,22,2,1000.0,1
0.0,426.8,1,1,388.0,1,1,0,1,1,0,0,0,0,1,13,3,0.388,0
234146052.0,42926786.2,5,2,234146052.0,0,5,0,1,0,1,1,1,0,1,22,3,100.0,1
1051268.0,192761.966667,1,0,1051268.0,0,1,0,1,0,1,1,0,0,1,11,2,10.0,1
67548011.2,12479539.703333,1,0,67513201.0,0,1,1,1,0,1,1,0,1,1,18,5,100.0,1
604373191.0,110801751.683333,1,0,604373191.0,0,1,0,1,0,0,0,0,0,1,22,2,604373.191,1
21498222.0,3941350.7,6,2,21498222.0,0,6,1,1,0,1,1,1,0,1,17,8,100.0,1
0.0,3.4,3,3,92126433.0,1,3,0,0,0,1,1,1,0,0,3,5,20.0,0
11538.6,27934.06,1,1,13856.0,1,1,0,0,0,0,1,0,1,0,7,1,10.0,0
0.0,4109624524.5,3,3,1245340765.0,1,3,0,0,0,0,0,1,0,0,4,2,124534076.5,0
12234.0,26914.8,2,0,12234.0,0,2,1,1,0,1,1,1,0,1,9,0,10.0,1
0.0,4695.9,1,1,12383.0,1,1,0,0,0,0,0,0,0,1,3,1,1238.3,1
6004.0,1101.633333,3,2,6004.0,0,3,1,1,0,1,1,1,0,1,9,4,6.004,1
24529171.0,4497016.683333,8,4,24529171.0,0,8,0,1,0,1,1,1,0,1,4,5,20.0,1
5536909.0,1015099.983333,1,0,5536909.0,0,1,0,1,0,0,0,0,0,1,8,2,5536.909,1
1069451.0,303062.766667,1,0,923588.0,0,2,1,0,0,1,0,1,1,0,16,3,92358.8,1
24214683.0,4981456.95,1,0,23722136.0,0,2,1,1,0,1,0,1,1,1,13,1,23722.136,1
1000590.0,1823.916667,2,1,1000590.0,0,2,0,1,0,1,0,1,0,1,23,7,1000.59,1
0.0,197.5,1,1,29552316.0,1,1,0,0,0,1,1,0,0,0,11,1,50.0,0
0.0,1.1,1,1,94393.0,1,1,0,0,0,0,1,0,0,0,7,1,1.0,0
1026201.0,136827.0,1,0,1026201.0,0,1,0,0,0,1,0,0,0,0,6,0,1026201.0,1
0.0,155.1,1,1,132546941.0,1,1,0,0,0,0,1,0,0,0,18,6,10.0,0
3281192.0,601551.866667,1,0,3281192.0,0,1,0,1,0,0,1,0,0,1,23,5,10.0,1
0.0,13839.1,1,1,12581.0,1,1,0,1,0,0,0,0,0,1,4,1,12.581,0
1637218.0,303776.533333,1,0,1637218.0,0,1,1,1,0,1,1,0,0,1,20,4,10.0,1
90370327.0,16567893.283333,1,0,90370327.0,0,1,0,1,1,0,1,0,0,1,4,5,100.0,1
380272711.0,69716664.683333,7,3,380272711.0,0,7,1,1,0,1,1,1,0,1,19,7,10.0,1
3751437.0,687814.25,1,0,3751437.0,0,1,1,1,0,1,0,0,0,1,12,4,3751.437,1
0.0,2775.3,3,3,307527972.0,1,3,0,1,0,0,1,1,0,1,11,3,10.0,0
0.0,2.4,1,1,38600004.0,1,1,0,0,0,1,1,0,0,0,2,4,50.0,0
0.0,74.7,1,1,2728415.0,1,1,0,0,0,1,1,0,0,0,7,1,10.0,0
0.0,2924864.8,1,1,2658968.0,1,1,0,1,0,1,0,0,0,1,8,5,2658.968,1
0.0,91815576.6,2,2,41734353.0,1,2,1,1,0,1,1,1,0,1,20,6,100.0,0
316010367.0,57935233.95,1,0,316010367.0,0,1,0,1,0,0,0,0,0,1,17,2,316010.367,1
5877825.0,1816403.65,1,0,5206235.0,0,1,0,1,0,1,1,0,1,1,17,5,100.0,1
13083.2,14420.12,1,1,26812.0,1,1,0,0,0,0,1,0,1,0,2,1,100.0,0
0.0,4.5,4,4,923632670.0,1,4,0,0,0,1,1,1,0,0,6,2,200.0,0
0.0,5877.3,1,1,53013.0,1,1,0,0,0,0,0,0,0,1,4,2,5301.3,1
10345342.0,2821.2,3,2,10345342.0,0,3,0,0,0,1,1,1,0,0,15,5,1000.0,0
149183214.0,19891095.2,1,0,149183214.0,0,1,0,0,0,0,0,0,0,0,32,2,14918321.4,0
0.0,1.2,1,1,303765325.0,1,1,0,1,0,1,1,0,0,1,14,3,10.0,0
33687004.0,6175950.733333,7,1,33687004.0,0,7,0,1,0,0,0,1,0,1,15,8,33687.004,1
211563281.0,38786716.716667,1,0,211563281.0,0,1,0,1,0,1,0,0,0,1,12,4,211563.281,1
31996391.0,5866010.616667,1,0,31996391.0,0,1,1,1,1,1,0,0,0,1,5,5,31996.391,1
8448.0,1561.6,3,0,8448.0,0,3,0,1,0,1,0,1,0,1,14,0,84.48,1
311.4,715.44,1,1,1011055.0,1,1,0,0,0,0,1,0,1,0,7,1,10.0,0
0.0,1.1,1,1,104895.0,1,1,0,0,0,0,0,0,0,0,3,1,10489.5,0
0.0,1494.9,1,1,3796531.0,1,1,0,0,0,0,1,0,0,0,5,2,20.0,1
17191101.0,21272485.85,1,0,717661.0,0,2,0,1,0,0,1,1,1,1,20,1,100.0,1
0.0,13.2,1,1,1496692.0,1,1,0,0,0,0,0,0,0,1,1,3,149669.2,0
0.0,59.4,1,1,602367.0,1,1,0,0,0,0,0,0,0,1,2,1,60236.7,0
0.0,1.2,1,1,186839.0,1,1,0,0,0,1,1,0,0,0,10,3,10.0,0
0.0,4166.616667,4,4,22727.0,1,4,0,1,0,0,1,1,0,1,4,0,10.0,1
0.0,2291528.8,1,1,2083208.0,1,1,0,1,0,0,1,0,0,1,21,3,100.0,1
0.0,1.1,1,1,9453.0,1,1,0,0,0,0,1,0,0,0,9,2,1.0,0
17224192.0,1079210.066667,5,2,17224192.0,0,5,0,0,0,0,1,1,0,0,20,3,100.0,1
50937133.0,9338476.383333,5,2,50937133.0,0,5,0,1,0,1,1,1,0,1,13,7,20.0,1
0.0,1013.1,1,1,918874.0,1,1,0,0,0,0,1,0,0,0,10,3,100.0,0
0.0,2753.3,1,1,84796389.0,1,1,0,0,0,0,0,0,0,0,14,3,8479638.9,0
0.0,88.0,4,4,1023480522.0,1,4,0,0,0,0,1,1,0,0,9,4,10.0,0
0.0,102.3,1,1,2535043.0,1,1,0,0,0,0,0,0,0,1,1,1,253504.3,0
121326.0,16185.4,1,0,121326.0,0,1,0,0,0,1,1,0,0,0,5,1,10.0,1
0.0,522.6,1,1,70755854.0,1,1,0,0,0,1,1,0,0,0,11,3,100.0,0
18921.0,3474.85,2,1,18921.0,0,2,1,1,0,1,1,1,0,1,11,2,10.0,1
592780756.0,79037434.133333,1,0,592780756.0,0,1,0,0,0,0,0,0,0,0,28,0,592780756.0,0
19001036.0,21031240.866667,1,0,2184910.0,0,2,0,0,0,1,0,1,1,0,7,0,2184910.0,1
31675.0,5807.083333,4,2,31675.0,0,4,1,1,0,0,1,1,0,1,5,3,10.0,1
0.0,480.7,1,1,22584.0,1,1,0,0,0,0,0,0,0,1,3,2,2258.4,0
107.3,119.13,1,1,543937.0,1,1,0,0,0,0,1,0,1,0,9,2,10.0,0
0.0,90.2,2,2,683471571.0,1,2,0,0,0,0,1,1,0,0,11,6,50.0,0
0.0,1.1,1,1,216976689.0,1,1,0,0,0,0,0,0,0,0,7,1,21697668.9,0
817632077.0,149899214.916667,1,0,817632077.0,0,1,1,1,0,1,0,0,0,1,18,2,817632.077,1
0.0,738.0,4,4,2190430980.0,1,4,0,0,0,1,0,1,0,0,2,6,219043098.0,0
18131836.0,3324169.933333,1,0,18131836.0,0,1,0,1,0,0,0,0,0,1,9,2,18131.836,1
1769985.0,234716.033333,4,2,1769985.0,0,4,0,0,0,1,1,1,0,0,15,2,10.0,1
0.0,1.1,1,1,223686758.0,1,1,0,0,0,0,1,0,0,0,5,2,1.0,0
395298807.0,52706507.6,1,0,395298807.0,0,1,0,0,0,0,0,0,0,0,28,0,395298807.0,0
0.0,528.0,5,5,88031641.0,1,5,0,0,0,0,0,1,0,0,15,2,8803164.1,0
461186.0,31743.1,2,1,461186.0,0,2,0,0,0,0,1,1,0,0,25,3,100.0,1
661492340.0,121273595.666667,1,0,661492340.0,0,1,1,1,1,0,1,0,0,1,3,4,100.0,1
42828141.0,44857219.8,1,0,7240267.0,0,2,1,0,0,1,0,1,1,0,15,2,724026.7,1
537373825.0,98518534.583333,1,0,537373825.0,0,1,1,1,0,0,1,0,0,1,5,4,100.0,1
312836.0,344245.0,1,1,43805.0,1,1,0,0,0,0,1,0,1,0,10,3,10.0,0
317981.0,58296.616667,1,0,317981.0,0,1,0,1,0,1,1,0,0,1,4,4,10.0,1
563448561.0,75126474.8,1,0,563448561.0,0,1,0,0,0,0,0,0,0,0,10,3,56344856.1,0
821513989.0,150610898.083333,1,0,821513989.0,0,1,0,1,1,1,1,0,0,1,21,2,10.0,1
31273.0,5733.383333,4,2,31273.0,0,4,0,1,0,0,1,1,0,1,8,3,31.273,1
0.0,8008004.4,4,4,1820001.0,1,4,0,0,0,1,1,1,0,0,10,1,100.0,0
37034967.0,6792610.15,5,0,37034967.0,0,5,0,1,0,1,1,1,0,1,3,6,10.0,1
0.0,1942554429.2,7,7,252279796.0,1,7,1,1,0,1,1,1,0,1,21,5,10.0,1
263943935.0,30505354.8,5,3,263943935.0,0,5,0,0,0,0,0,1,0,0,9,3,26394393.5,1
0.0,6530.7,1,1,40129.0,1,1,0,0,0,0,0,0,0,1,1,2,4012.9,1
1408689.0,187825.5,1,0,1408689.0,0,1,0,0,0,1,1,0,0,0,5,2,100.0,1
0.0,236142112.8,8,8,26834331.0,1,8,0,1,0,1,1,1,0,1,15,2,20.0,1
917.0,211.416667,2,1,917.0,0,2,0,1,1,1,1,1,0,1,3,1,0.917,0
6376716.0,850228.8,1,0,6376716.0,0,1,0,0,0,0,0,0,0,0,36,4,637671.6,0
0.0,317510657.2,4,4,72161513.0,1,4,1,1,0,0,0,1,0,1,12,7,72161.513,1
30520230.0,4069364.0,1,0,30520230.0,0,1,0,0,0,0,0,0,0,0,26,4,3052023.0,1
0.0,1.1,1,1,15160187.0,1,1,0,0,0,0,1,0,0,0,3,1,1.0,0
5029.0,5580.3,1,1,9612532.0,1,1,0,0,0,0,1,0,1,0,2,2,10.0,0
487726.0,89419.633333,1,0,487726.0,0,1,0,1,0,1,1,0,0,1,18,2,100.0,1
0.0,12936719.4,3,3,3920218.0,1,3,0,0,0,1,0,1,0,0,12,5,392021.8,0
0.0,1.1,1,1,610984.0,1,1,0,0,0,0,1,0,0,0,5,1,1.0,0
0.0,22268934.6,1,1,20244486.0,1,1,0,0,0,1,0,0,0,0,11,4,2024448.6,1
0.0,36.0,1,1,38307.0,1,1,0,0,0,1,1,0,0,0,11,1,100.0,0
18524077.4,9684909.656667,1,0,16237231.0,0,1,0,1,0,1,0,0,1,1,18,0,162372.31,1
12237790.0,2243644.533333,5,0,12237790.0,0,5,1,1,0,1,0,1,0,1,19,2,12237.79,1
2272288.0,426646.133333,8,3,2272288.0,0,8,1,1,0,1,0,1,0,1,21,6,2272.288,1
0.0,2.2,2,2,15171075.0,1,2,0,0,0,0,1,1,0,0,18,3,100.0,0
3548607.0,651239.35,1,0,3548607.0,0,1,1,1,1,1,1,0,0,1,3,4,100.0,1
0.0,521.2,4,4,9899901.0,1,4,0,0,0,1,1,1,0,0,7,1,20.0,0
127414250.0,23359297.666667,1,0,127414250.0,0,1,1,1,0,1,1,0,0,1,19,0,100.0,1
2890.0,530.033333,4,2,2890.0,0,4,1,1,0,1,0,1,0,1,3,1,2.89,1
16761860.0,3073007.966667,1,0,16761860.0,0,1,0,0,0,1,1,0,0,1,1,1,10.0,1
1063944.0,17233.333333,3,1,1063944.0,0,3,0,1,0,1,0,1,0,1,24,7,1063.944,1
19955785.0,3658561.583333,5,2,19955785.0,0,5,0,1,0,1,1,1,0,1,20,8,10.0,1
0.0,1298967439.0,2,2,590439745.0,1,2,0,1,0,1,1,1,0,1,6,3,10.0,0
0.0,1406.4,1,1,62151419.0,1,1,0,0,0,1,0,0,0,0,7,1,6215141.9,0
2871558.0,385456.5,1,0,2871558.0,0,1,0,0,0,1,0,0,0,0,13,0,2871558.0,1
0.0,50.4,1,1,66155.0,1,1,0,0,0,1,1,0,0,0,4,4,50.0,0
0.0,767.6,2,2,1443384.0,1,2,0,0,0,1,1,1,0,0,3,3,20.0,0
0.0,32.9,1,1,18667015.0,1,1,0,0,0,1,1,0,0,0,5,1,10.0,0
117498.0,2899.35,2,1,117498.0,0,2,1,1,0,1,1,1,0,1,5,3,10.0,1
0.0,13816.0,1,1,388286.0,1,1,0,1,0,0,0,0,0,1,3,2,388.286,1
0.0,494093.6,1,1,449176.0,1,1,0,0,0,1,0,0,0,0,8,3,44917.6,0
0.0,5254.7,1,1,286981.0,1,1,0,0,0,0,1,0,0,0,6,3,50.0,1
18115.0,3321.083333,2,1,18115.0,0,2,0,1,0,0,1,1,0,1,10,0,100.0,1
0.0,3.3,3,3,1137741136.0,1,3,0,0,0,0,1,1,0,0,12,4,200.0,0
0.0,259877322.1,1,1,236252111.0,1,1,0,0,0,0,0,0,0,1,4,3,23625211.1,0
0.0,2.4,1,1,85159.0,1,1,0,0,0,1,1,0,0,0,8,1,50.0,0
0.0,2059.2,1,1,1160503.0,1,1,0,0,0,0,0,0,0,1,1,1,116050.3,1
3718346.0,681696.866667,1,0,3718346.0,0,1,0,1,0,1,1,0,0,1,8,4,10.0,1
0.0,1.1,1,1,147631.0,1,1,0,0,0,0,1,0,0,0,10,1,1.0,0
0.0,1018.5,1,1,155676767.0,1,1,0,0,0,1,1,0,0,0,9,3,10.0,0
337918773.0,61951776.05,8,3,337918773.0,0,8,1,1,0,1,1,1,0,1,16,1,10.0,1
0.0,1.1,1,1,19014994.0,1,1,0,0,0,0,0,0,0,0,2,1,1901499.4,0
9864667.0,3871107.483333,1,0,7990598.0,0,1,0,1,0,1,1,0,1,1,19,0,100.0,1
23118320.0,3444325.266667,1,0,22789337.0,0,1,1,0,0,1,0,0,1,0,20,5,2278933.7,1
0.0,243.6,1,1,431461784.0,1,1,0,0,0,1,1,0,0,0,16,4,200.0,0
0.0,537.0,2,2,2928.0,1,2,0,1,1,1,1,1,0,1,10,0,10.0,0
1346750.0,258436.366667,4,0,1346750.0,0,4,1,1,0,1,0,1,0,1,7,3,1346.75,1
126337338.0,23172700.6,3,0,126337338.0,0,3,1,1,0,1,0,1,0,1,23,3,126337.338,1
0.0,9.2,2,2,301440.0,1,2,0,0,0,1,0,1,0,0,15,1,30144.0,0
558475931.0,74463457.466667,1,0,558475931.0,0,1,0,0,0,0,0,0,0,0,32,1,55847593.1,1
0.0,1580657456.4,6,6,239493554.0,1,6,0,0,0,1,1,1,0,0,17,1,1000.0,0
55505368.6,11261485.693333,1,0,53826773.0,0,1,0,0,0,0,0,0,1,0,6,2,5382677.3,1
87229.0,3788.033333,2,1,87229.0,0,2,1,1,0,0,0,1,0,1,21,2,87.229,0
0.0,1.1,1,1,424254.0,1,1,0,0,0,0,1,0,0,0,1,1,1.0,0
2411510.0,442111.166667,5,1,2411510.0,0,5,0,1,0,1,1,1,0,1,20,6,10.0,1
0.0,15.6,1,1,3640143.0,1,1,0,0,0,1,0,0,0,0,2,2,364014.3,0
0.0,31.5,4,4,1628125254.0,1,4,0,0,0,1,1,1,0,0,12,4,10.0,0
0.0,258.5,1,1,24229622.0,1,1,0,1,0,0,0,0,0,1,2,2,24229.622,0
9278339.0,1701030.516667,1,0,9278339.0,0,1,0,1,0,1,0,0,0,1,23,3,9278.339,1
169750867.0,30769035.766667,5,2,169750867.0,0,5,1,1,0,1,1,1,0,1,14,4,1000.0,1
37680.0,6908.2,3,1,37680.0,0,3,0,1,0,1,0,1,0,1,11,1,37.68,1
0.0,1.1,1,1,10993.0,1,1,0,0,0,0,0,0,0,0,6,4,1099.3,0
0.0,20.8,1,1,42060705.0,1,1,0,0,0,1,1,0,0,0,6,3,10.0,0
57527449.0,2670641.583333,3,2,57527449.0,0,3,1,1,0,1,1,1,0,1,18,4,100.0,1
0.0,46.2,1,1,4261399.0,1,1,0,0,0,0,1,0,0,0,8,2,100.0,0
0.0,13.6,3,3,73436189.0,1,3,0,0,0,1,0,1,0,0,12,4,7343618.9,0
0.0,294.25,2,2,1605.0,1,2,0,1,0,0,0,1,0,1,4,4,1.605,0
0.0,1.1,1,1,1929356.0,1,1,0,0,0,0,0,0,0,0,11,1,192935.6,0
40734741.0,7468037.85,8,2,40734741.0,0,8,1,1,0,1,1,1,0,1,13,4,20.0,1
0.0,290808.1,1,1,264371.0,1,1,0,0,0,1,0,0,0,0,8,1,26437.1,0
0.0,965.6,3,3,700785596.0,1,3,0,0,0,1,0,1,0,0,7,3,70078559.6,0
1470770.0,269651.166667,1,0,1470770.0,0,1,0,0,0,1,0,0,0,1,10,0,1470770.0,1
36358.5,40348.55,1,1,2832298.0,1,1,0,0,0,0,1,0,1,0,8,1,100.0,0
6738.0,1235.6,2,1,6738.0,0,2,0,1,0,1,0,1,0,1,6,1,6.738,1
271842230.0,49839665.866667,1,0,271842230.0,0,1,0,1,0,1,1,0,0,1,4,3,10.0,1
0.0,7662.6,1,1,1854103.0,1,1,0,1,0,0,0,0,0,1,1,3,1854.103,1
345855457.0,63406835.783333,6,2,345855457.0,0,6,0,1,0,1,1,1,0,1,22,1,20.0,1
0.0,1.1,1,1,7444.0,1,1,0,0,0,0,1,0,0,0,4,1,1.0,0
0.0,691986166.3,1,1,629078333.0,1,1,0,0,0,1,1,0,0,0,3,2,10.0,0
0.0,292.6,1,1,180787.0,1,1,0,0,0,0,0,0,0,1,3,2,18078.7,0
34818754.0,1351782.133333,5,1,34818754.0,0,5,0,0,0,0,1,1,0,0,7,7,10.0,1
0.0,180.2,3,3,19462.0,1,3,0,0,0,1,1,1,0,0,7,1,20.0,0
8304191.0,1522437.016667,6,2,8304191.0,0,6,1,1,0,1,1,1,0,1,12,2,20.0,1
0.0,390.5,1,1,55036.0,1,1,0,1,0,0,0,0,0,1,3,2,55.036,0
0.0,2.2,1,1,7294648.0,1,1,0,0,0,0,0,0,0,1,4,3,729464.8,0
0.0,51783080.8,4,4,11768882.0,1,4,0,1,0,0,1,1,0,1,18,3,10.0,1
5473.0,1003.383333,2,0,5473.0,0,2,1,1,0,0,0,1,0,1,14,4,5.473,1
0.0,5.5,5,5,32127719.0,1,5,0,0,0,0,1,1,0,0,18,2,20.0,0
4151999.0,553603.366667,1,0,4151999.0,0,1,0,0,0,1,1,0,0,0,20,5,100.0,1
0.0,206.4,1,1,40711.0,1,1,0,0,0,1,0,0,0,0,12,3,4071.1,0
492916369.0,90368037.083333,1,0,492916369.0,0,1,1,1,0,1,1,0,0,1,19,1,10.0,1
136381675.0,25003309.083333,4,2,136381675.0,0,4,1,1,0,1,1,1,0,1,29,1,20.0,1
278965131.0,26198843.4,6,2,278965131.0,0,6,0,0,0,0,0,1,0,0,4,6,27896513.1,1
570187459.0,104534369.483333,7,0,570187459.0,0,7,1,1,0,1,1,1,0,1,6,5,20.0,1
0.0,1430.0,5,5,40601371.0,1,5,0,0,0,0,1,1,0,0,5,4,100.0,0
30635154.1,4119669.743333,1,0,30620071.0,0,2,1,0,0,1,0,1,1,0,6,5,3062007.1,1
186939678.0,24925290.4,1,0,186939678.0,0,1,0,0,0,0,0,0,0,0,21,1,18693967.8,0
0.0,123812.7,1,1,112557.0,1,1,0,0,0,1,1,0,0,0,1,2,10.0,1
0.0,75468152.1,3,3,22869137.0,1,3,0,0,0,1,0,1,0,0,3,6,2286913.7,1
0.0,26693334.8,1,1,24266668.0,1,1,0,0,0,0,0,0,0,1,2,2,2426666.8,0
40497087.3,12565066.58,1,0,38627778.0,0,1,1,1,0,0,0,0,1,1,10,2,38627.778,1
0.0,1.1,1,1,182216464.0,1,1,0,0,0,0,1,0,0,0,11,1,1.0,0
500976.0,90360.933333,2,1,500976.0,0,2,0,1,0,1,1,1,0,1,20,1,10.0,1
0.0,1.1,1,1,244087.0,1,1,0,0,0,0,1,0,0,0,7,1,1.0,0
0.0,1.1,1,1,6307375.0,1,1,0,0,0,0,1,0,0,0,5,1,1.0,0
0.0,5026.4,3,3,760938291.0,1,3,0,0,0,1,1,1,0,0,17,5,10.0,0
0.0,4.4,1,1,6577678.0,1,1,0,0,0,0,1,0,0,0,3,1,10.0,0
0.0,8.8,2,2,698763116.0,1,2,0,1,0,0,0,1,0,1,12,1,698763.116,0
0.0,14976.5,1,1,4775163.0,1,1,0,1,0,0,0,0,0,1,1,1,4775.163,1
0.0,132490452.6,2,2,60222933.0,1,2,0,1,0,1,0,1,0,1,19,5,60222.933,1
0.0,1.1,1,1,28383698.0,1,1,0,0,0,0,1,0,0,0,12,1,1.0,0
0.0,1.1,1,1,1459364.0,1,1,0,0,0,0,0,0,0,1,4,2,145936.4,0
0.0,27.2,3,3,1061488.0,1,3,0,0,0,1,0,1,0,0,16,5,106148.8,0
0.0,49.5,5,5,34815216.0,1,5,0,0,0,0,1,1,0,0,3,3,20.0,0
22406847.0,3678270.483333,3,1,22406847.0,0,3,0,1,0,1,1,1,0,1,8,7,100.0,1
378912894.0,69467364.1,1,0,378912894.0,0,1,0,1,0,1,0,0,0,1,21,0,3789128.94,1
9994911.0,1332654.8,1,0,9994911.0,0,1,0,0,0,0,0,0,0,0,29,4,999491.1,0
108043730.0,206779.65,5,3,108043730.0,0,5,0,1,0,0,1,1,0,1,2,3,10.0,1
0.0,1564.2,3,3,1899327.0,1,3,0,0,0,0,1,1,0,0,19,2,20.0,0
40186152.0,5814797.433333,6,3,40186152.0,0,6,1,1,0,1,1,1,0,1,8,7,10.0,1
723037.0,132556.783333,1,0,723037.0,0,1,0,1,0,0,0,0,0,1,10,4,723.037,1
0.0,16.5,5,5,12290705.0,1,5,0,0,0,0,0,1,0,0,20,2,1229070.5,0
10656998.0,1953792.966667,7,2,10656998.0,0,7,1,1,0,1,1,1,0,1,28,4,100.0,1
94554150.0,17005201.260311,1,0,94554150.0,0,1,0,0,0,1,0,0,0,0,37,3,9455415.0,1
73850074.0,34654.95,4,2,73850074.0,0,4,1,1,0,0,1,1,0,1,14,7,100.0,0
2758.0,505.733333,1,0,2758.0,0,1,0,1,0,1,1,0,0,1,14,0,10.0,1
47243022.0,8661220.7,3,0,47243022.0,0,3,0,1,0,0,0,1,0,1,23,7,47243.022,1
69323.0,9244.466667,1,0,69323.0,0,1,0,0,0,1,0,0,0,0,20,1,6932.3,1
25821.0,4740.35,4,0,25821.0,0,4,0,1,0,1,0,1,0,1,12,3,25.821,1
0.0,3.4,3,3,12910841.0,1,3,0,0,0,1,0,1,0,0,7,5,1291084.1,0
86839335.0,7204723.35,5,3,86839335.0,0,5,1,1,0,0,0,1,0,1,15,4,86839.335,1
0.0,116.6,1,1,155925.0,1,1,0,0,0,0,1,0,0,0,4,1,20.0,0
3103553.0,569980.416667,6,1,3103553.0,0,6,1,1,0,1,0,1,0,1,7,4,3103.553,1
846457.0,1734.883333,3,2,846457.0,0,3,1,1,0,0,1,1,0,1,20,5,10.0,0
0.0,9966268.4,1,1,9060244.0,1,1,0,0,0,1,1,0,0,0,2,2,50.0,0
47289887.0,8669855.616667,6,1,47289887.0,0,6,0,1,0,1,0,1,0,1,11,8,47289.887,1
0.0,1.1,1,1,29998.0,1,1,0,0,0,0,1,0,0,0,2,1,1.0,0
1920050.0,2112055.0,1,0,1920050.0,0,1,0,0,0,1,1,0,0,1,14,0,10.0,1
803340.0,883674.0,1,0,803340.0,0,1,0,1,0,0,1,0,0,1,1,0,1000.0,1
0.0,255587062.5,3,3,77450625.0,1,3,1,1,0,1,0,1,0,1,18,5,77450.625,1
40500054.0,26147189.2,1,0,23479891.0,0,1,1,1,0,0,0,0,1,1,17,4,23479.891,1
2816218.0,516996.433333,1,0,2816218.0,0,1,0,1,0,1,1,0,0,1,17,0,100.0,1
0.0,18893.6,1,1,17176.0,1,1,0,0,0,0,0,0,0,0,5,1,1717.6,0
259643007.0,34821511.1,1,0,259462158.0,0,1,0,0,0,1,1,0,1,0,10,3,100.0,1
208495553.0,27799407.066667,1,0,208495553.0,0,1,0,0,0,0,0,0,0,0,30,0,208495553.0,1
11202008.0,6427.466667,3,2,11202008.0,0,3,0,0,0,1,1,1,0,0,15,7,100.0,0
0.0,15.4,1,1,141643.0,1,1,0,0,0,0,0,0,0,1,1,2,14164.3,0
9045543.0,10978984.5,1,1,935352.0,1,1,0,1,0,1,0,0,1,1,5,1,935.352,1
0.0,1039.5,1,1,11911.0,1,1,0,0,0,0,1,0,0,0,11,2,20.0,1
0.0,44.9,1,1,15084.0,1,1,0,0,0,1,1,0,0,0,4,4,20.0,0
16433021.0,3012720.516667,5,3,16433021.0,0,5,0,1,0,0,0,1,0,1,10,4,16433.021,1
0.0,378955.5,5,5,68901.0,1,5,0,0,0,0,1,1,0,0,4,3,20.0,1
0.0,2.4,1,1,442075.0,1,1,0,0,0,1,1,0,0,0,2,1,10.0,0
0.0,7.7,1,1,116423.0,1,1,0,0,0,0,1,0,0,0,15,1,100.0,0
17869653.0,5136.766667,3,1,17869653.0,0,3,1,1,0,1,1,1,0,1,3,7,100.0,0
1863.5,2789.05,1,1,25484093.0,1,1,0,0,0,0,0,0,1,0,9,2,2548409.3,0
0.0,943.8,1,1,1199301.0,1,1,0,0,0,0,0,0,0,1,1,2,119930.1,1
6586.0,14489.2,2,0,6586.0,0,2,0,1,0,1,1,1,0,1,12,0,65.86,1
117950.0,21624.166667,1,0,117950.0,0,1,0,0,0,0,1,0,0,1,7,0,10.0,1
4207423.0,771360.883333,1,0,4207423.0,0,1,0,0,0,0,1,0,0,1,14,2,1000.0,1
0.0,1.1,1,1,4609.0,1,1,0,0,0,0,1,0,0,0,1,2,1.0,0
0.0,204.6,1,1,4385006.0,1,1,0,0,0,0,0,0,0,1,3,2,438500.6,0
0.0,126.5,5,5,166112802.0,1,5,0,0,0,0,0,1,0,0,12,5,16611280.2,0
0.0,42.0,1,1,800391.0,1,1,0,0,0,1,1,0,0,0,9,1,50.0,0
3511666.0,65670.433333,3,1,3511666.0,0,3,0,0,0,0,1,1,0,0,14,5,10.0,1
657.0,776.6,1,1,28209.0,1,1,0,0,0,0,1,0,1,0,2,1,10.0,0
1612361.0,295599.616667,1,0,1612361.0,0,1,0,1,0,1,0,0,0,1,4,0,16123.61,1
0.0,1.1,1,1,47561962.0,1,1,0,0,0,0,1,0,0,0,4,1,1.0,0
17227854.0,3158440.9,2,0,17227854.0,0,2,0,1,0,1,1,1,0,1,21,2,1000.0,1
0.0,4.8,1,1,304471.0,1,1,0,0,0,1,1,0,0,0,6,2,50.0,0
578.6,2752.86,1,1,8708833.0,1,1,0,0,0,0,1,0,1,0,9,1,100.0,1
33988434.0,6231941.7,1,0,33988434.0,0,1,0,1,1,1,1,0,0,1,8,2,100.0,1
25584387.0,32218481.55,1,0,559010.0,0,1,0,1,0,1,0,0,1,1,11,3,559.01,1
0.0,2377470.7,1,1,2161337.0,1,1,0,0,0,1,1,0,0,0,8,1,100.0,0
0.0,70.4,1,1,12695294.0,1,1,0,1,0,0,0,0,0,1,3,2,12695.294,0
294232608.0,53942644.8,1,0,294232608.0,0,1,1,1,0,0,0,0,0,1,25,0,2942326.08,1
95556698.6,17650136.976667,1,0,95509721.0,0,2,0,1,0,1,0,1,1,1,17,4,95509.721,1
9966704.0,1827229.066667,1,0,9966704.0,0,1,0,1,0,0,1,0,0,1,22,3,100.0,1
58705.0,7827.333333,1,0,58705.0,0,1,0,0,0,0,1,0,0,0,6,4,100.0,1
0.0,189.0,5,5,166390904.0,1,5,0,0,0,1,1,1,0,0,4,3,20.0,0
0.0,1.1,1,1,2632.0,1,1,0,0,0,0,1,0,0,0,6,2,1.0,0
0.0,37308283.1,1,1,33916621.0,1,1,1,1,0,0,1,0,0,1,5,3,100.0,1
0.0,1.1,1,1,26591930.0,1,1,0,0,0,0,1,0,0,0,8,1,1.0,0
0.0,9.0,4,4,1197878594.0,1,4,0,0,0,1,1,1,0,0,12,5,200.0,0
0.0,126.5,1,1,261824.0,1,1,0,0,0,0,1,0,0,0,6,3,50.0,0
0.0,4531627.1,1,1,4119661.0,1,1,0,1,0,1,1,0,0,1,16,3,100.0,1
0.0,774.4,1,1,352413401.0,1,1,0,0,0,0,0,0,0,1,2,3,35241340.1,0
287.7,414.37,1,1,361529.0,1,1,0,0,0,0,1,0,1,0,4,3,10.0,0
12171561.0,1622874.8,1,0,12171561.0,0,1,0,0,0,0,0,0,0,0,20,1,1217156.1,1
151702573.0,27814935.083333,5,1,151702573.0,0,5,0,1,0,1,0,1,0,1,26,8,151702.573,1
0.0,20.9,1,1,76430.0,1,1,0,0,0,0,0,0,0,1,2,1,7643.0,0
0.0,5075049100.0,4,4,1153420250.0,1,4,0,0,0,1,1,1,0,0,7,2,10.0,0
0.0,1.1,1,1,61369586.0,1,1,0,1,0,0,0,0,0,1,1,2,61369.586,0
0.0,38.5,5,5,11443770.0,1,5,0,0,0,0,0,1,0,0,4,2,1144377.0,0
0.0,3958.9,1,1,20541793.0,1,1,0,1,0,0,0,0,0,1,2,3,20541.793,1
0.0,44.0,1,1,22001.0,1,1,0,0,0,0,0,0,0,1,2,3,2200.1,0
29244.0,5376.2,1,0,29244.0,0,1,1,1,0,1,1,0,0,1,15,4,10.0,1
167.0,183.7,1,0,167.0,0,1,0,1,0,1,1,0,0,1,5,0,1.67,0
2041.9,2250.49,1,1,16606.0,1,1,0,0,0,0,0,0,1,0,2,2,1660.6,0
30991757.0,4132234.266667,1,0,30991757.0,0,1,0,0,0,0,0,0,0,0,37,2,3099175.7,1
0.0,814.9,1,1,37943.0,1,1,0,0,0,1,1,0,0,0,5,2,20.0,1
0.0,2.2,2,2,57869138.0,1,2,0,0,0,0,1,1,0,0,5,3,100.0,0
61019.1,67323.41,1,1,280435.0,1,1,0,0,0,0,1,0,1,0,7,3,10.0,0
10284439.0,1371258.533333,1,0,10284439.0,0,1,0,0,0,0,0,0,0,0,32,2,1028443.9,1
0.0,1.1,1,1,319059.0,1,1,0,0,0,0,1,0,0,0,6,1,1.0,0
0.0,7.7,1,1,2553540.0,1,1,0,0,0,0,1,0,0,0,6,2,10.0,0
0.0,123655781.7,1,1,112414347.0,1,1,0,0,0,1,1,0,0,0,7,3,100.0,0
0.0,1.1,1,1,187744867.0,1,1,0,0,0,0,0,0,0,0,10,1,18774486.7,0
0.0,1.1,1,1,18087564.0,1,1,0,0,0,0,0,0,0,0,12,1,1808756.4,0
27264.0,4998.4,2,1,27264.0,0,2,0,1,1,0,1,1,0,1,12,1,10.0,1
4593.0,844.85,2,1,4593.0,0,2,0,1,0,1,1,1,0,1,12,3,4.593,1
386181319.0,70799908.483333,1,0,386181319.0,0,1,0,1,0,0,1,0,0,1,16,1,10.0,1
410612938.0,75279040.633333,3,1,410612938.0,0,3,0,1,0,1,1,1,0,1,17,7,20.0,1
0.0,1.2,1,1,23034696.0,1,1,0,0,0,1,1,0,0,0,2,3,10.0,0
302775296.0,55508804.266667,1,0,302775296.0,0,1,1,1,1,0,0,0,0,1,20,4,302775.296,1
112752.0,20671.5,1,0,112752.0,0,1,0,1,0,1,1,0,0,1,7,1,112.752,1
1503477.0,154785.666667,4,3,1503477.0,0,4,0,0,0,0,1,1,0,0,8,6,10.0,1
12779.0,15185.5,1,1,396214.0,1,1,0,0,0,0,1,0,1,0,10,2,100.0,1
0.0,3.3,3,3,2173618.0,1,3,0,0,0,0,1,1,0,0,5,2,20.0,0
8032494.0,1472623.9,1,0,8032494.0,0,1,0,1,0,0,0,0,0,1,13,1,8032.494,1
0.0,22.0,1,1,147419.0,1,1,0,0,0,0,1,0,0,0,15,4,50.0,0
70501.3,77564.63,1,1,12188943.0,1,1,0,0,0,0,1,0,1,0,9,1,10.0,0
0.0,49696693.2,1,1,45178812.0,1,1,1,1,0,1,0,0,0,1,5,2,45178.812,1
2419040.0,443490.666667,8,4,2419040.0,0,8,0,1,0,0,0,1,0,1,15,7,2419.04,1
5231.0,998.416667,4,1,5231.0,0,4,0,1,0,1,0,1,0,1,9,1,5.231,1
0.0,26.4,4,4,1456722539.0,1,4,1,0,0,0,0,1,0,0,12,2,145672253.9,0
0.0,267073961.0,5,5,48558902.0,1,5,0,1,0,1,0,1,0,1,25,1,48558.902,1
134.6,322.96,1,1,59614.0,1,1,0,0,0,0,1,0,1,0,2,2,100.0,0
141150.5,155266.65,1,1,16929786.0,1,1,0,0,0,0,1,0,1,0,9,1,100.0,0
26111528.0,4786046.466667,3,1,26111528.0,0,3,1,1,0,0,1,1,0,1,15,6,100.0,1
465.0,85.25,1,0,465.0,0,1,1,1,0,0,1,0,0,1,10,0,4.65,0
97182340.0,17816762.933333,3,1,97182340.0,0,3,0,1,0,1,1,1,0,1,8,1,20.0,1
0.0,8.8,1,1,32877465.0,1,1,0,0,0,0,1,0,0,0,13,3,100.0,0
0.0,1.1,1,1,38049849.0,1,1,0,0,0,0,0,0,0,0,5,1,3804984.9,0
0.0,1117.4,1,1,116446.0,1,1,0,0,0,1,1,0,0,0,3,1,20.0,1
0.0,10.8,1,1,120811.0,1,1,0,0,0,1,1,0,0,0,15,3,20.0,0
0.0,487526.6,2,2,221603.0,1,2,0,0,0,1,1,1,0,0,18,2,20.0,0
61565717.0,11287049.116667,3,1,61565717.0,0,3,0,1,0,1,1,1,0,1,22,4,10.0,1
48826590.0,8946487.183333,6,2,48826590.0,0,6,0,1,0,0,1,1,0,1,6,2,100.0,1
17891645.0,3283668.016667,1,0,17891645.0,0,1,1,1,1,1,1,0,0,1,15,1,100.0,1
0.0,3600.3,3,3,903872182.0,1,3,0,1,0,0,1,1,0,1,7,6,50.0,0
0.0,3541962149.0,5,5,643993118.0,1,5,1,1,0,0,0,1,0,1,4,1,643993.118,1
1864.0,343.033333,3,2,1864.0,0,3,1,1,0,1,1,1,0,1,4,1,1.864,0
147161931.0,26979715.35,1,0,147161931.0,0,1,1,1,0,1,0,0,0,1,17,3,147161.931,1
229485596.0,30560850.5,6,2,229485596.0,0,6,0,0,0,1,1,1,0,0,14,3,1000.0,1
59275.0,10867.083333,1,0,59275.0,0,1,0,0,0,0,1,0,0,1,16,0,100.0,1
0.0,3.3,1,1,1424260.0,1,1,0,0,0,0,0,0,0,1,2,3,142426.0,0
0.0,1831.5,5,5,20027533.0,1,5,0,0,0,0,1,1,0,0,15,2,100.0,0
136022900.0,10008.033333,5,3,136022900.0,0,5,0,0,0,1,1,1,0,0,14,5,1000.0,0
0.0,3160.3,1,1,127670425.0,1,1,0,0,0,0,1,0,0,0,6,2,20.0,0
26579590.0,4872995.533333,3,0,26579590.0,0,3,0,1,0,1,0,1,0,1,5,1,26579.59,1
0.0,46.2,1,1,435338.0,1,1,0,1,0,0,0,0,0,1,2,3,435.338,0
0.0,20588.7,1,1,18717.0,1,1,0,0,0,0,0,0,0,1,1,1,1871.7,0
13384.0,2457.933333,3,0,13384.0,0,3,1,1,0,1,1,1,0,1,9,2,13.384,1
130456617.0,17394215.6,1,0,130456617.0,0,1,0,0,0,0,0,0,0,0,32,4,13045661.7,0
869214.0,159355.9,1,0,869214.0,0,1,0,1,0,0,1,0,0,1,1,1,10.0,1
0.0,15.3,1,1,8100335.0,1,1,0,0,0,1,1,0,0,0,2,3,10.0,0
0.0,50.4,1,1,6146388.0,1,1,0,0,0,1,1,0,0,0,6,4,20.0,0
0.0,1.1,1,1,254740475.0,1,1,0,0,0,0,1,0,0,0,4,1,1.0,0
0.0,1.1,1,1,2191.0,1,1,0,0,0,0,0,0,0,0,4,1,219.1,0
15470235.0,2836392.05,1,0,15470235.0,0,1,0,1,0,1,0,0,0,1,22,0,154702.35,1
184320.0,348.033333,2,1,184320.0,0,2,0,0,0,0,1,1,0,0,7,7,10.0,0
0.0,2.4,1,1,7274074.0,1,1,0,0,0,1,0,0,0,0,8,2,727407.4,0
6358047.0,847769.2,1,0,6358047.0,0,1,0,0,0,1,1,0,0,0,15,4,100.0,1
2931616.0,537464.933333,4,1,2931616.0,0,4,1,1,0,1,1,1,0,1,15,7,20.0,1
0.0,84.7,1,1,12405878.0,1,1,0,0,0,0,1,0,0,0,8,4,20.0,0
17765.0,3257.916667,2,1,17765.0,0,2,0,1,0,1,1,1,0,1,13,2,17.765,1
1268629.0,232583.983333,4,3,1268629.0,0,4,0,1,0,1,1,1,0,1,17,3,20.0,1
0.0,266.75,2,2,1455.0,1,2,1,1,0,0,0,1,0,1,4,4,1.455,0
0.0,13.1,1,1,435509.0,1,1,0,0,0,1,1,0,0,0,15,2,10.0,0
192679099.0,25507634.133333,2,1,192679099.0,0,2,0,0,0,1,1,1,0,0,8,1,10.0,1
0.0,5695.2,4,4,760400023.0,1,4,0,0,0,1,1,1,0,0,17,6,50.0,0
0.0,2897.4,1,1,409532.0,1,1,0,0,0,0,0,0,0,1,4,3,40953.2,1
500440664.0,91747473.366667,1,0,500440664.0,0,1,0,1,0,1,1,0,0,1,10,0,10.0,1
9563178.0,1753249.3,1,0,9563178.0,0,1,0,0,0,0,1,0,0,1,17,4,100.0,1
0.0,1388336.4,1,1,1262124.0,1,1,0,0,0,0,0,0,0,0,11,2,126212.4,0
151771.0,1585.8,2,1,151771.0,0,2,0,0,0,1,1,1,0,0,22,6,1000.0,1
2131667.0,393520.589192,1,0,2131667.0,0,1,0,0,0,1,0,0,0,0,18,0,2131667.0,1
0.0,260.5,5,5,14847869.0,1,5,0,0,0,1,1,1,0,0,18,1,20.0,0
0.0,117.7,1,1,196336913.0,1,1,0,1,0,0,0,0,0,1,3,2,196336.913,0
3352420.2,3703939.12,1,0,2229032.0,0,2,0,1,0,1,1,1,1,1,19,3,100.0,1
0.0,1.1,1,1,605967.0,1,1,0,0,0,0,1,0,0,0,11,1,1.0,0
2619540.0,480250.0,8,3,2619540.0,0,8,0,1,0,1,1,1,0,1,16,8,10.0,1
0.0,307447254.4,8,8,34937188.0,1,8,0,1,0,1,0,1,0,1,30,4,34937.188,1
206074178.4,38323801.09,1,0,205876689.0,0,1,1,1,0,1,0,0,1,1,5,4,205876.689,1
0.0,8.8,4,4,6603416.0,1,4,0,0,0,0,1,1,0,0,8,5,20.0,0
0.0,29.7,3,3,1814533443.0,1,3,0,1,0,0,1,1,0,1,11,2,10.0,0
28180615.0,4690424.85,5,2,28180615.0,0,5,0,1,0,1,1,1,0,1,6,1,1000.0,1
91389460.0,12185261.333333,1,0,91389460.0,0,1,0,0,0,0,0,0,0,0,8,3,9138946.0,1
128620002.0,23584997.0,6,0,128620002.0,0,6,0,1,0,1,0,1,0,1,12,1,128620.002,1
0.0,39.2,5,5,35717118.0,1,5,0,0,0,1,1,1,0,0,15,2,100.0,0
0.0,1473.8,1,1,1766277.0,1,1,0,0,0,1,1,0,0,0,7,2,20.0,0
0.0,574.1,1,1,102701.0,1,1,0,0,0,1,1,0,0,0,2,3,10.0,0
4120078.0,549343.733333,1,0,4120078.0,0,1,0,0,0,0,0,0,0,0,12,2,412007.8,0
0.0,37.2,1,1,133865766.0,1,1,0,1,0,1,1,0,0,1,12,5,50.0,0
0.0,23.8,3,3,15335764.0,1,3,0,0,0,1,0,1,0,0,9,3,1533576.4,0
0.0,27.5,1,1,54760419.0,1,1,0,0,0,0,1,0,0,0,8,2,10.0,0
1050016.3,317516.063333,1,0,1004557.0,0,1,1,1,0,0,0,0,1,1,20,1,1004.557,1
7950567.0,1457605.15,1,0,7950567.0,0,1,0,1,0,1,1,0,0,1,3,1,100.0,1
113261993.0,4600.233333,4,1,113261993.0,0,4,0,0,0,0,1,1,0,0,17,3,100.0,0
6463321.0,1184942.183333,1,0,6463321.0,0,1,0,1,0,0,1,0,0,1,18,4,1000.0,1
0.0,954.8,1,1,450920213.0,1,1,1,0,0,0,1,0,0,0,18,5,200.0,0
19310.0,3540.366667,1,0,19310.0,0,1,0,1,0,1,1,0,0,1,7,4,19.31,1
0.0,188251.8,1,1,171138.0,1,1,0,0,0,1,0,0,0,0,8,1,17113.8,0
0.0,8.8,4,4,919320452.0,1,4,1,0,0,0,1,1,0,0,8,6,200.0,0
0.0,213907729.2,4,4,48615393.0,1,4,1,1,0,1,1,1,0,1,12,3,10.0,1
12646554.0,1686207.2,1,0,12646554.0,0,1,0,0,0,0,0,0,0,0,12,3,1264655.4,0
44010349.0,8068563.983333,3,1,44010349.0,0,3,0,1,0,0,1,1,0,1,11,2,10.0,1
3311604.3,7469189.53,1,1,1739284.0,1,2,1,1,0,0,1,1,1,1,14,4,100.0,1
360.5,397.65,1,1,186607.0,1,1,0,0,0,0,0,0,1,0,10,2,18660.7,0
1341014.0,245908.966667,1,0,1341014.0,0,1,0,1,0,1,1,0,0,1,9,5,10.0,1
31233103.6,12004838.393333,1,0,28949984.0,0,2,0,1,0,1,0,1,1,1,3,0,289499.84,1
20061063.0,2646532.866667,5,2,20061063.0,0,5,0,0,0,0,0,1,0,0,13,6,2006106.3,1
47017964.0,5778680.133333,5,4,47017964.0,0,5,0,0,0,0,1,1,0,0,9,6,10.0,1
0.0,13793488.5,3,3,4179845.0,1,3,1,1,0,1,1,1,0,1,23,2,100.0,1
0.0,4.4,2,2,735751034.0,1,2,1,1,0,0,1,1,0,1,15,4,200.0,0
465585899.0,85357415.916667,1,0,465585899.0,0,1,1,1,0,1,0,0,0,1,10,3,465585.899,1
275.4,309.54,1,1,34174786.0,1,1,0,0,0,0,0,0,1,0,7,2,3417478.6,0
203715898.0,37347914.633333,8,2,203715898.0,0,8,1,1,0,0,1,1,0,1,12,6,100.0,1
747756.0,137089.4,1,0,747756.0,0,1,0,1,0,1,0,0,0,1,2,1,747.756,1
17862652.0,13466234.283333,1,0,14156683.0,0,1,0,1,0,0,0,0,1,1,5,4,14156.683,1
0.0,2.4,1,1,69456002.0,1,1,0,0,0,1,1,0,0,0,8,4,50.0,0
0.0,1.1,1,1,5868696.0,1,1,0,0,0,0,1,0,0,0,9,2,1.0,0
0.0,62.5,1,1,105727738.0,1,1,0,0,0,1,1,0,0,0,10,3,20.0,0
19855543.0,3474215.308625,1,0,19855543.0,0,1,0,0,0,1,0,0,0,0,31,1,1985554.3,1
2039881.9,3164181.423333,1,0,1025285.0,0,1,0,1,0,1,1,0,1,1,9,3,100.0,1
131578562.0,17351512.033333,5,3,131578562.0,0,5,0,0,0,1,0,1,0,0,17,5,13157856.2,1
0.0,1096.8,4,4,5692942.0,1,4,0,0,0,1,1,1,0,0,4,5,100.0,0
0.0,11298379.4,1,1,10271254.0,1,1,0,0,0,1,1,0,0,0,16,4,100.0,1
64402680.0,11807158.0,1,0,64402680.0,0,1,0,1,0,0,0,0,0,1,22,0,644026.8,1
0.0,6331.6,2,2,209231817.0,1,2,0,0,0,0,1,1,0,0,10,6,10.0,0
2670875.0,489660.416667,4,2,2670875.0,0,4,1,1,0,0,1,1,0,1,6,3,20.0,1
539567.0,98920.716667,1,0,539567.0,0,1,0,1,0,1,1,0,0,1,23,0,100.0,1
0.0,22.0,1,1,12970.0,1,1,0,0,0,0,0,0,0,0,11,3,1297.0,0
0.0,1.1,1,1,15565307.0,1,1,0,0,0,0,1,0,0,0,4,1,1.0,0
0.0,580.8,1,1,120782216.0,1,1,0,0,0,1,1,0,0,0,11,5,10.0,0
0.0,1.1,1,1,57795.0,1,1,0,0,0,0,1,0,0,0,5,1,1.0,0
11765852.0,2157072.866667,1,0,11765852.0,0,1,0,1,0,0,1,0,0,1,17,2,10.0,1
5782490.6,6400599.526667,1,0,3334958.0,0,2,1,0,0,1,1,1,1,0,6,4,100.0,1
20949509.0,3840743.316667,3,2,20949509.0,0,3,0,1,0,0,1,1,0,1,28,8,100.0,1
0.0,1575264838.4,8,8,179007368.0,1,8,1,1,0,1,0,1,0,1,18,3,179007.368,1
19668854.0,3605956.566667,1,0,19668854.0,0,1,0,1,0,0,0,0,0,1,3,5,19668.854,1
0.0,504.9,1,1,641185930.0,1,1,0,0,0,0,1,0,0,0,3,4,10.0,0
0.0,1.1,1,1,253867591.0,1,1,0,0,0,0,0,0,0,0,2,1,25386759.1,0
179136890.0,1072140.483333,6,4,179136890.0,0,6,0,1,0,0,1,1,0,1,21,5,1000.0,1
1382.0,297.866667,3,0,1382.0,0,3,0,1,1,1,1,1,0,1,7,4,1.382,0
0.0,453.2,2,2,27640.0,1,2,0,0,0,0,0,1,0,0,14,3,2764.0,0
33184559.0,6083837.816667,7,2,33184559.0,0,7,1,1,0,1,1,1,0,1,15,1,20.0,1
872566.0,159970.433333,1,0,872566.0,0,1,0,1,1,0,1,0,0,1,20,0,10.0,1
162023994.0,21603199.2,1,0,162023994.0,0,1,0,0,0,0,0,0,0,0,35,4,16202399.4,0
0.0,178.2,2,2,396219997.0,1,2,0,0,0,0,1,1,0,0,15,1,50.0,0
0.0,3.3,1,1,52810.0,1,1,0,0,0,0,0,0,0,1,2,1,5281.0,0
2771866.9,5172033.573333,1,0,1075944.0,0,1,1,1,0,1,1,0,1,1,15,1,100.0,1
70868988.4,30233064.023333,1,0,64599859.0,0,2,1,1,0,1,0,1,1,1,9,0,645998.59,1
3071264.0,526483986.6,1,1,237775271.0,1,2,0,1,0,0,0,1,1,1,13,2,237775.271,1
152330.0,20310.666667,1,0,152330.0,0,1,0,0,0,0,1,0,0,0,14,2,10.0,1
2170.0,400.133333,4,1,2170.0,0,4,1,1,0,1,1,1,0,1,11,1,2.17,1
0.0,29.7,1,1,6401594.0,1,1,0,0,0,0,0,0,0,1,1,2,640159.4,0
9322685.0,1709163.316667,1,0,9322685.0,0,1,0,1,0,1,0,0,0,1,20,0,93226.85,1
2422290.0,444086.5,8,0,2422290.0,0,8,0,1,0,0,1,1,0,1,4,7,10.0,1
0.0,1894.2,1,1,1856611.0,1,1,0,0,0,0,0,0,0,1,4,1,185661.1,1
42639551.0,2599109.233333,3,2,42639551.0,0,3,0,1,0,1,1,1,0,1,20,2,1000.0,1
0.0,85495140.5,1,1,77722855.0,1,1,0,0,0,1,1,0,0,0,4,4,50.0,0
0.0,3.4,3,3,949179888.0,1,3,0,0,0,1,1,1,0,0,8,4,200.0,0
0.0,1.1,1,1,174464.0,1,1,0,0,0,0,1,0,0,0,11,1,1.0,0
594069.0,110384.55,1,0,594069.0,0,1,1,1,0,1,0,0,0,1,22,1,594.069,1
0.0,485.2,4,4,114558872.0,1,4,0,0,0,1,1,1,0,0,3,3,100.0,0
0.0,48.4,1,1,103860.0,1,1,0,0,0,0,0,0,0,0,13,4,10386.0,0
0.0,520.2,3,3,783475023.0,1,3,1,0,0,1,1,1,0,0,2,2,50.0,0
9243813.0,1694699.95,5,1,9243813.0,0,5,0,1,0,1,1,1,0,1,10,5,100.0,1
583.7,650.87,1,1,10439.0,1,1,0,0,0,0,0,0,1,0,8,3,1043.9,0
12313342.0,2336408.133333,1,0,12313342.0,0,1,0,0,0,1,1,0,0,1,1,5,100.0,1
0.0,180.5,1,1,37694.0,1,1,0,0,0,1,1,0,0,0,9,1,100.0,0
16873531.0,2308585.933333,1,0,16873531.0,0,1,0,0,0,1,1,0,0,0,4,1,100.0,1
0.0,12.1,1,1,1769804.0,1,1,0,0,0,0,0,0,0,1,1,3,176980.4,0
0.0,998.2,1,1,292425139.0,1,1,0,1,0,1,1,0,0,1,2,5,10.0,0
24539577.0,4498932.45,5,3,24539577.0,0,5,1,1,0,1,1,1,0,1,27,5,100.0,1
0.0,8.8,4,4,13966189.0,1,4,0,0,0,0,1,1,0,0,9,2,100.0,0
2043223.0,374591.283333,1,0,2043223.0,0,1,1,1,1,1,1,0,0,1,18,3,100.0,1
57478.0,10546.033333,1,0,57478.0,0,1,0,1,0,1,1,0,0,1,3,3,57.478,1
0.0,78262222.5,1,1,71147475.0,1,1,0,0,0,0,1,0,0,0,11,2,1.0,0
391715.0,52455.766667,1,0,391715.0,0,1,0,0,0,1,0,0,0,0,4,3,39171.5,1
0.0,17.0,3,3,1233426102.0,1,3,0,0,0,1,1,1,0,0,10,3,200.0,0
184308167.0,33789831.616667,5,1,184308167.0,0,5,0,1,0,1,1,1,0,1,29,3,10.0,1
0.0,795796.1,1,1,723451.0,1,1,0,0,0,0,1,0,0,0,11,1,1.0,0
0.0,3.6,1,1,705057737.0,1,1,0,1,0,1,1,0,0,1,3,6,200.0,0
315569.0,57854.316667,1,0,315569.0,0,1,0,1,0,0,1,0,0,1,10,1,10.0,1
351292186.0,18230546.4,6,5,351292186.0,0,6,0,1,0,0,0,1,0,1,22,5,351292.186,1
33502.0,6150.833333,4,2,33502.0,0,4,0,1,0,1,0,1,0,1,8,4,33.502,1
0.0,1960495.9,1,1,1782269.0,1,1,0,0,0,1,1,0,0,0,9,1,10.0,0
0.0,163208.1,1,1,148371.0,1,1,0,0,0,0,1,0,0,0,1,2,1.0,0
3259351.0,597552.883333,1,0,3259351.0,0,1,0,0,0,1,0,0,0,1,1,2,325935.1,1
72562350.3,14178151.58,1,0,72244190.0,0,2,0,1,0,1,1,1,1,1,14,1,100.0,1
4167483.0,764039.65,7,2,4167483.0,0,7,0,1,0,1,1,1,0,1,13,4,20.0,1
0.0,165898431.6,4,4,37704189.0,1,4,0,0,0,1,1,1,0,0,13,2,20.0,0
23452482.0,4299622.7,7,2,23452482.0,0,7,0,1,0,1,1,1,0,1,30,5,10.0,1
1963233.0,261764.4,1,0,1963233.0,0,1,0,0,0,0,0,0,0,0,3,2,196323.3,1
0.0,17463210.6,1,1,15875646.0,1,1,0,0,0,0,0,0,0,1,2,2,1587564.6,0
481443892.0,44427794.833333,6,3,481443892.0,0,6,0,0,0,1,1,1,0,0,5,5,1000.0,1
0.0,1.1,1,1,48715.0,1,1,0,0,0,0,1,0,0,0,12,2,1.0,0
0.0,1377972.2,1,1,1252702.0,1,1,0,1,0,0,1,0,0,1,11,4,10.0,1
3931493.0,720783.716667,5,3,3931493.0,0,5,1,1,0,1,1,1,0,1,26,3,100.0,1
0.0,1699441.7,1,1,1544947.0,1,1,0,1,0,1,0,0,0,1,19,4,1544.947,1
0.0,1502.8,3,3,1243988397.0,1,3,0,1,0,1,1,1,0,1,5,6,200.0,0
145009975.0,26585162.083333,1,0,145009975.0,0,1,1,1,1,0,1,0,0,1,15,0,10.0,1
44278363.0,8117701.483333,6,2,44278363.0,0,6,0,1,0,1,1,1,0,1,20,6,20.0,1
0.0,2.4,1,1,12308359.0,1,1,0,0,0,1,0,0,0,0,2,4,1230835.9,0
0.0,4.8,1,1,16396933.0,1,1,0,0,0,1,1,0,0,0,4,4,20.0,0
408188.3,449136.93,1,1,23182.0,1,1,0,0,0,0,0,0,1,0,4,2,2318.2,0
0.0,1688848089.5,5,5,307063289.0,1,5,0,0,0,1,1,1,0,0,11,3,100.0,1
4062325.0,546537.0,4,1,4062325.0,0,4,0,0,0,1,1,1,0,0,17,4,1000.0,1
2123.0,389.216667,4,0,2123.0,0,4,1,1,0,0,1,1,0,1,6,0,10.0,1
0.0,56438795.6,1,1,51307996.0,1,1,0,1,0,0,1,0,0,1,6,1,10.0,0
110837389.0,2272123.316667,6,4,110837389.0,0,6,1,1,0,1,1,1,0,1,16,7,10.0,1
7422197.0,989626.266667,1,0,7422197.0,0,1,0,0,0,0,0,0,0,0,26,1,742219.7,0
223218968.0,40924128.466667,1,0,223218968.0,0,1,0,1,0,1,1,0,0,1,20,2,10.0,1
73005563.9,14085785.656667,1,0,72750525.0,0,1,0,1,0,1,0,0,1,1,13,3,72750.525,1
715.0,131.983333,1,0,715.0,0,1,1,1,0,1,0,0,0,1,13,3,0.715,0
17194.0,3165.233333,1,0,17194.0,0,1,0,1,0,1,1,0,0,1,7,4,10.0,1
0.0,4270.8,1,1,18262.0,1,1,0,0,0,1,1,0,0,0,10,1,50.0,1
60972060.0,19010494.5,1,0,53852445.0,0,1,1,1,0,1,0,0,1,1,13,4,53852.445,1
0.0,4.4,1,1,527904.0,1,1,0,1,0,0,0,0,0,1,4,1,527.904,0
29932354.0,3990980.533333,1,0,29932354.0,0,1,0,0,0,0,0,0,0,0,14,1,2993235.4,0
0.0,36.8,2,2,24699149.0,1,2,0,0,0,1,0,1,0,0,12,4,2469914.9,0
17836209.0,3257763.390777,1,0,17836209.0,0,1,0,0,0,1,0,0,0,0,36,3,1783620.9,1
76672955.0,60853842.416667,1,0,34133767.0,0,1,0,1,0,1,1,0,1,1,9,3,100.0,1
9986.0,1830.766667,4,1,9986.0,0,4,0,1,0,0,1,1,0,1,8,2,9.986,1
0.0,2.2,1,1,101274.0,1,1,0,0,0,0,0,0,0,1,4,2,10127.4,0
0.0,1386.0,3,3,1637929383.0,1,3,0,0,0,0,1,1,0,0,5,1,10.0,0
680140.0,3862.4,3,2,680140.0,0,3,0,0,0,1,1,1,0,0,17,4,1000.0,1
254645514.0,46685010.9,1,0,254645514.0,0,1,0,1,0,0,1,0,0,1,12,4,100.0,1
0.0,1.1,1,1,1611.0,1,1,0,0,0,0,0,0,0,0,3,1,161.1,0
0.0,765.9,2,2,175291623.0,1,2,0,0,0,1,0,1,0,0,18,3,17529162.3,0
0.0,1.1,1,1,130191032.0,1,1,0,0,0,0,1,0,0,0,1,1,1.0,0
0.0,1.2,1,1,2264510.0,1,1,0,0,0,1,0,0,0,0,8,4,226451.0,0
0.0,4812.5,1,1,443583.0,1,1,0,0,0,0,0,0,0,1,1,2,44358.3,1
0.0,15.4,2,2,35630865.0,1,2,0,0,0,0,1,1,0,0,14,4,20.0,0
133579658.0,17810621.066667,1,0,133579658.0,0,1,0,0,0,0,0,0,0,0,11,2,13357965.8,1
91768704.0,16824262.4,1,0,91768704.0,0,1,0,1,0,0,0,0,0,1,4,5,91768.704,1
12976.0,2379.033333,3,2,12976.0,0,3,0,1,0,1,0,1,0,1,13,2,12.976,1
0.0,1.1,1,1,386954711.0,1,1,0,0,0,0,1,0,0,0,9,2,1.0,0
0.0,1.1,1,1,106919312.0,1,1,0,0,0,0,1,0,0,0,3,1,1.0,0
276294.0,50808.9,1,0,276294.0,0,1,0,0,0,1,0,0,0,1,11,1,27629.4,1
18415411.8,3595567.38,1,0,18335628.0,0,2,1,1,0,1,1,1,1,1,7,5,100.0,1
0.0,1.1,1,1,4224299.0,1,1,0,0,0,0,0,0,0,0,7,2,422429.9,0
108176423.0,34112.1,6,5,108176423.0,0,6,0,1,0,0,1,1,0,1,23,7,100.0,0
0.0,368992.8,1,1,335448.0,1,1,0,0,0,0,1,0,0,0,2,4,50.0,1
290821961.0,66001657.466667,1,0,286209496.0,0,1,1,1,0,1,0,0,1,1,6,3,286209.496,1
0.0,7144719128.8,4,4,1623799802.0,1,4,0,0,0,1,0,1,0,0,16,5,162379980.2,0
0.0,691555.7,1,1,628687.0,1,1,0,1,0,1,1,0,0,1,12,4,100.0,1
0.0,6225686.5,5,5,1131943.0,1,5,0,1,0,1,0,1,0,1,12,6,1131.943,1
0.0,36.0,4,4,649786102.0,1,4,0,0,0,1,1,1,0,0,14,3,200.0,0
3662.0,671.366667,2,1,3662.0,0,2,1,1,0,0,1,1,0,1,15,1,3.662,1
270570658.0,3989346.1,6,2,270570658.0,0,6,0,0,0,1,1,1,0,0,7,5,10.0,1
0.0,62.7,3,3,9341206.0,1,3,0,0,0,0,1,1,0,0,12,1,20.0,0
32840.5,36236.75,1,1,30841802.0,1,1,0,0,0,0,0,0,1,0,5,3,3084180.2,0
7776222.7,14110092.37,1,1,2525567.0,1,2,0,1,0,1,1,1,1,1,11,1,100.0,1
1995.0,366.95,1,0,1995.0,0,1,0,1,0,1,1,0,0,1,9,1,1.995,0
0.0,559.8,1,1,49433.0,1,1,0,0,0,1,1,0,0,0,9,3,10.0,0
0.0,28.8,1,1,3780425.0,1,1,0,0,0,1,1,0,0,0,15,2,100.0,0
0.0,56608136.2,1,1,51461942.0,1,1,0,0,0,0,1,0,0,0,11,1,1.0,0
0.0,108.9,1,1,21071.0,1,1,0,0,0,0,1,0,0,0,11,1,50.0,0
10620.0,1947.0,4,3,10620.0,0,4,0,1,0,0,1,1,0,1,8,4,10.62,1
0.0,1547.5,5,5,1055554.0,1,5,0,0,0,1,1,1,0,0,16,4,20.0,0
0.0,1.1,1,1,58466373.0,1,1,0,0,0,0,1,0,0,0,8,1,1.0,0
14833921.0,1979754.933333,1,0,14833921.0,0,1,0,0,0,1,1,0,0,0,4,0,10.0,1
5349690.0,713292.0,1,0,5349690.0,0,1,0,0,0,0,1,0,0,0,4,3,100.0,1
3028.7,3332.67,1,1,2824077.0,1,1,0,0,0,0,1,0,1,0,10,1,10.0,0
0.0,4161.8,2,2,840123699.0,1,2,0,0,0,1,0,1,0,0,5,3,84012369.9,0
12361064.0,13620279.966667,1,0,2039359.0,0,2,0,1,0,1,0,1,1,1,12,1,2039.359,1
0.0,9798.2,3,3,782285564.0,1,3,0,0,0,1,1,1,0,0,15,5,10.0,0
98584.0,18092.833333,1,0,98584.0,0,1,0,1,0,1,0,0,0,1,8,3,98.584,1
0.0,5196.016667,2,2,28331.0,1,2,1,1,1,1,0,1,0,1,14,1,28.331,1
3153.2,3471.82,1,1,913238.0,1,1,0,0,0,0,1,0,1,0,3,1,10.0,0
521437675.0,95596912.583333,1,0,521437675.0,0,1,0,1,0,1,1,0,0,1,16,0,10.0,1
0.0,58.1,1,1,602397.0,1,1,0,0,0,1,1,0,0,0,2,2,20.0,0
104382.5,26034333.05,1,1,23563193.0,1,1,0,1,0,1,0,0,1,1,19,4,23563.193,1
0.0,405.0,4,4,35497297.0,1,4,0,0,0,1,0,1,0,0,20,3,3549729.7,0
0.0,194286738.8,1,1,176624308.0,1,1,0,0,0,1,1,0,0,0,11,3,20.0,0
0.0,35017293.3,1,1,31833903.0,1,1,0,0,0,0,0,0,0,0,4,2,3183390.3,0
3453147.0,427524.733333,4,3,3453147.0,0,4,0,0,0,0,1,1,0,0,9,1,10.0,1
31909.0,5850.083333,4,3,31909.0,0,4,0,1,0,1,0,1,0,1,13,4,31.909,1
0.0,32394436.8,1,1,29449488.0,1,1,0,0,0,0,1,0,0,0,15,2,10.0,0
0.0,1.1,1,1,74584.0,1,1,0,0,0,0,1,0,0,0,7,1,1.0,0
8913.0,1634.05,2,0,8913.0,0,2,1,1,0,0,0,1,0,1,9,2,8.913,1
0.0,26.4,3,3,630374852.0,1,3,0,0,0,0,1,1,0,0,3,5,200.0,0
27890366.4,10041071.59,1,0,26098429.0,0,2,0,1,0,1,1,1,1,1,5,1,100.0,1
0.0,1320.0,1,1,15480322.0,1,1,0,0,0,0,1,0,0,0,9,1,20.0,0
0.0,4732.3,1,1,116075.0,1,1,0,0,0,1,1,0,0,0,5,1,100.0,1
2100497.0,10492.9,3,2,2100497.0,0,3,1,1,0,0,1,1,0,1,4,2,100.0,1
0.0,998047066.5,5,5,181463103.0,1,5,1,1,0,1,0,1,0,1,20,7,181463.103,0
736.0,135.833333,1,0,736.0,0,1,0,1,0,1,1,0,0,1,3,1,0.736,0
26722451.0,9573035.816667,1,0,22473433.0,0,2,0,1,0,0,0,1,1,1,16,5,22473.433,1
0.0,603951.7,1,1,549047.0,1,1,0,0,0,1,1,0,0,0,9,3,10.0,0
0.0,2899499.9,1,1,2635909.0,1,1,0,1,0,1,1,0,0,1,9,5,10.0,1
379733086.0,50631078.133333,1,0,379733086.0,0,1,0,0,0,0,0,0,0,0,21,3,37973308.6,0
0.0,2.2,1,1,3976042.0,1,1,0,0,0,0,0,0,0,1,3,1,397604.2,0
0.0,558.9,2,2,563504321.0,1,2,0,0,0,1,1,1,0,0,17,6,10.0,0
54062203.0,9911405.883333,7,4,54062203.0,0,7,1,1,0,1,1,1,0,1,25,1,20.0,1
0.0,67705.0,1,1,61550.0,1,1,0,1,0,0,1,0,0,1,11,2,61.55,1
0.0,3.3,3,3,779729040.0,1,3,0,0,0,0,1,1,0,0,4,3,200.0,0
0.0,138.6,1,1,2859809.0,1,1,0,0,0,0,0,0,0,0,4,2,285980.9,0
182982084.5,33614985.616667,1,0,182957259.0,0,2,1,1,0,0,0,1,1,1,6,2,182957.259,1
0.0,418.0,2,2,434014.0,1,2,0,0,0,0,0,1,0,0,3,3,43401.4,0
0.0,12219115.7,1,1,11108287.0,1,1,0,1,0,0,0,0,0,1,3,2,11108.287,0
0.0,1.2,1,1,70196323.0,1,1,0,0,0,1,1,0,0,0,2,4,50.0,0
620.0,113.766667,1,0,620.0,0,1,0,1,0,1,1,0,0,1,4,1,0.62,0
0.0,9.9,3,3,1303033733.0,1,3,0,0,0,0,1,1,0,0,14,2,200.0,0
922345.0,169104.683333,1,0,922345.0,0,1,0,1,0,1,0,0,0,1,14,4,922.345,1
6592332.0,1208605.2,8,2,6592332.0,0,8,0,1,0,1,0,1,0,1,19,6,6592.332,1
841083.0,69503.766667,3,2,841083.0,0,3,0,1,0,1,1,1,0,1,25,6,10.0,1
0.0,16.8,1,1,613006813.0,1,1,0,0,0,1,1,0,0,0,18,1,50.0,0
0.0,28050924.0,2,2,12750420.0,1,2,0,1,0,1,1,1,0,1,16,7,100.0,1
1314.0,251.0,2,1,1314.0,0,2,1,1,0,1,1,1,0,1,14,2,1.314,0
0.0,1.1,1,1,57776.0,1,1,0,0,0,0,1,0,0,0,5,2,1.0,0
0.0,760.5,4,4,1675256367.0,1,4,0,1,0,1,1,1,0,1,12,5,200.0,0
0.0,1.1,1,1,8502.0,1,1,0,0,0,0,0,0,0,0,1,1,850.2,0
0.0,1033212.4,1,1,939284.0,1,1,0,0,0,1,1,0,0,0,12,3,10.0,0
0.0,2580614401.2,4,4,586503273.0,1,4,0,0,0,0,1,1,0,0,8,6,200.0,0
0.0,3.3,3,3,214377546.0,1,3,0,0,0,0,1,1,0,0,16,5,100.0,0
84990.0,15686.8,1,0,84990.0,0,1,0,1,0,1,1,0,0,1,4,1,84.99,1
0.0,924.8,3,3,435399946.0,1,3,1,0,0,1,1,1,0,0,2,4,200.0,0
655.0,120.083333,3,2,655.0,0,3,0,1,0,0,1,1,0,1,14,4,0.655,0
0.0,5567210.0,2,2,2530550.0,1,2,0,0,0,1,0,1,0,0,10,4,253055.0,0
223853599.0,4504.466667,6,5,223853599.0,0,6,0,0,0,1,1,1,0,0,7,2,1000.0,0
0.0,286.0,4,4,2194240644.0,1,4,0,0,0,0,1,1,0,0,14,4,10.0,0
8698.9,9579.79,1,1,34261.0,1,1,0,0,0,0,0,0,1,0,10,3,3426.1,0
0.0,1.1,1,1,539426.0,1,1,0,0,0,0,1,0,0,0,5,1,1.0,0
78430.7,86893.07,1,1,478710.0,1,1,0,0,0,0,1,0,1,0,3,3,100.0,0
73715641.0,90832775.383333,1,0,3426334.0,0,1,0,1,0,1,0,0,1,1,18,0,34263.34,1
0.0,22145.2,1,1,20132.0,1,1,0,0,0,1,1,0,0,0,2,4,20.0,0
1698372.0,311370.2,7,2,1698372.0,0,7,1,1,0,1,1,1,0,1,17,6,20.0,1
11882986.0,2178548.433333,5,1,11882986.0,0,5,0,1,0,1,1,1,0,1,14,8,10.0,1
0.0,215065466.0,1,1,195514060.0,1,1,0,0,0,1,1,0,0,0,13,4,10.0,0
0.0,238.7,1,1,605512771.0,1,1,0,1,0,0,1,0,0,1,2,4,50.0,0
0.0,233.2,1,1,106374564.0,1,1,0,0,0,0,0,0,0,1,1,2,10637456.4,0
0.0,119.8,1,1,647356.0,1,1,0,0,0,1,1,0,0,0,7,4,10.0,0
0.0,4.4,1,1,72064.0,1,1,0,0,0,0,0,0,0,1,4,3,7206.4,0
0.0,1.1,1,1,5528410.0,1,1,0,0,0,0,0,0,0,0,9,2,552841.0,0
2508268.0,459849.133333,1,0,2508268.0,0,1,0,1,0,0,1,0,0,1,15,0,100.0,1
0.0,1170.5,5,5,147427070.0,1,5,0,0,0,1,1,1,0,0,7,3,100.0,0
15397373.0,2052983.066667,1,0,15397373.0,0,1,0,0,0,0,0,0,0,0,20,3,1539737.3,1
4583.0,848.916667,3,1,4583.0,0,3,1,1,0,1,1,1,0,1,5,2,4.583,1
501301711.0,91905315.683333,3,1,501301711.0,0,3,0,1,0,1,1,1,0,1,28,4,20.0,1
0.0,39.6,1,1,2737740.0,1,1,0,1,0,0,0,0,0,1,2,1,2737.74,0
7583.7,29746188.67,1,1,27034406.0,1,1,0,0,0,0,1,0,1,0,3,3,10.0,0
0.0,114688725.8,1,1,104262478.0,1,1,0,0,0,0,1,0,0,0,1,1,1.0,0
0.0,301119.5,1,1,273745.0,1,1,0,0,0,1,1,0,0,0,13,3,50.0,1
0.0,1.1,1,1,3318.0,1,1,0,0,0,0,1,0,0,0,10,1,1.0,0
0.0,2224.8,1,1,866852.0,1,1,0,0,0,1,0,0,0,0,5,1,86685.2,1
3219241.0,345827.8,6,3,3219241.0,0,6,1,1,0,1,1,1,0,1,7,5,100.0,1
0.0,1.1,1,1,140123.0,1,1,0,0,0,0,0,0,0,0,3,2,14012.3,0
66986787.0,12280911.65,1,0,66986787.0,0,1,1,1,0,1,0,0,0,1,12,1,66986.787,1
0.0,1516.9,1,1,65939.0,1,1,0,0,0,0,0,0,0,1,1,3,6593.9,1
575457343.0,105500519.683333,4,2,575457343.0,0,4,0,1,0,1,1,1,0,1,11,7,100.0,1
0.0,1696.6,3,3,356629965.0,1,3,0,0,0,1,1,1,0,0,9,1,50.0,0
0.0,435.6,2,2,12590409.0,1,2,0,0,0,0,1,1,0,0,5,5,100.0,0
8844.0,1622.4,4,3,8844.0,0,4,0,1,0,1,1,1,0,1,11,3,8.844,1
15551523.0,2914903.75,1,0,15551523.0,0,1,0,1,0,1,1,0,0,1,3,0,100.0,1
135578556.0,1146659.066667,5,4,135578556.0,0,5,0,0,0,0,1,1,0,0,16,4,10.0,1
0.0,1.1,1,1,42052.0,1,1,0,0,0,0,0,0,0,0,9,1,4205.2,0
0.0,45.1,1,1,133509.0,1,1,0,0,0,0,0,0,0,1,1,3,13350.9,0
96290877.0,17611778.966667,4,2,96290877.0,0,4,1,1,0,1,1,1,0,1,21,2,10.0,1
9424.0,1757.933333,3,0,9424.0,0,3,0,1,0,1,1,1,0,1,6,4,9.424,1
2952.0,541.3,4,2,2952.0,0,4,0,1,0,1,1,1,0,1,13,4,2.952,1
807.3,900.13,1,1,588553.0,1,1,0,0,0,0,1,0,1,0,6,1,100.0,0
0.0,1.1,1,1,81715.0,1,1,0,0,0,0,1,0,0,0,9,1,1.0,0
0.0,223.2,1,1,225117907.0,1,1,0,0,0,1,1,0,0,0,3,6,200.0,0
172101793.0,23143125.333333,1,0,171928417.0,0,1,0,0,0,1,0,0,1,0,20,2,17192841.7,1
4114322.0,754696.266667,1,0,4114322.0,0,1,1,1,0,1,0,0,0,1,23,2,4114.322,1
22386305.0,11342079.416667,1,0,15806653.0,0,1,0,1,0,1,0,0,1,1,20,2,15806.653,1
0.0,619416128.1,3,3,187701857.0,1,3,0,0,0,1,1,1,0,0,13,3,20.0,0
0.0,94.5,4,4,781512935.0,1,4,0,1,0,1,1,1,0,1,3,5,200.0,0
0.0,211.2,1,1,220246153.0,1,1,0,0,0,0,0,0,0,0,9,6,22024615.3,0
1705.1,1877.81,1,1,13087.0,1,1,0,0,0,0,1,0,1,0,9,3,10.0,0
3215820.0,428786.2,1,0,3215820.0,0,1,0,0,0,1,1,0,0,0,16,4,1000.0,1
0.0,1.1,1,1,36593.0,1,1,0,0,0,0,1,0,0,0,6,2,1.0,0
19663048.0,2621748.433333,1,0,19663048.0,0,1,0,0,0,1,1,0,0,0,17,0,100.0,1
0.0,39.6,1,1,1571548.0,1,1,0,0,0,1,1,0,0,0,12,3,50.0,0
0.0,2.4,1,1,721493.0,1,1,0,0,0,1,1,0,0,0,2,1,100.0,0
0.0,2793.0,1,1,140220502.0,1,1,0,0,0,1,1,0,0,0,12,1,100.0,0
3256547.0,597129.516667,1,0,3256547.0,0,1,1,1,0,1,1,0,0,1,19,4,10.0,1
181536764.0,33281746.166667,1,0,181536764.0,0,1,0,1,0,1,1,0,0,1,20,5,100.0,1
97175287.0,2613371.233333,6,2,97175287.0,0,6,0,0,0,1,1,1,0,0,16,7,100.0,1
126190811.0,1238515.6,4,2,126190811.0,0,4,0,0,0,0,1,1,0,0,10,2,1000.0,1
42837829.0,5711710.533333,1,0,42837829.0,0,1,0,0,0,0,0,0,0,0,16,3,4283782.9,0
7551318.0,1385698.7,1,0,7551318.0,0,1,0,1,0,1,0,0,0,1,19,3,7551.318,1
644151.0,85886.8,1,0,644151.0,0,1,0,0,0,0,0,0,0,0,19,0,644151.0,1
1109587.0,192262181.1,1,1,173674214.0,1,1,1,0,0,1,1,0,1,0,7,4,100.0,1
170344118.0,16361378.916667,5,4,170344118.0,0,5,1,1,0,0,1,1,0,1,16,4,10.0,1
0.0,1.1,1,1,21500.0,1,1,0,0,0,0,1,0,0,0,6,1,1.0,0
56183996.0,33979.0,4,3,56183996.0,0,4,0,0,0,0,1,1,0,0,15,4,100.0,0
0.0,15.6,1,1,27101320.0,1,1,0,0,0,1,0,0,0,0,6,1,2710132.0,0
264107635.0,48419751.583333,1,0,264107635.0,0,1,0,1,0,1,0,0,0,1,7,2,264107.635,1
18110785.4,2510343.306667,1,0,18069235.0,0,1,0,0,0,1,1,0,1,0,9,1,100.0,1
27685.0,5075.683333,4,2,27685.0,0,4,0,1,0,1,1,1,0,1,6,4,10.0,1
1446750.5,2565163.966667,1,0,611406.0,0,1,0,1,0,1,0,0,1,1,17,1,611.406,1
1262537.0,536744.816667,1,0,985010.0,0,1,0,1,0,0,1,0,1,1,19,5,100.0,1
25486305.5,25720280.366667,1,0,17832568.0,0,2,0,1,0,1,1,1,1,1,10,3,100.0,1
11024388.0,1749810.469551,1,0,11024388.0,0,1,0,0,0,1,0,0,0,0,15,1,1102438.8,1
0.0,493.9,1,1,2246596.0,1,1,0,0,0,0,1,0,0,0,6,1,50.0,0
0.0,2.4,1,1,114789757.0,1,1,0,0,0,1,1,0,0,0,17,1,200.0,0
655648.0,87419.733333,1,0,655648.0,0,1,0,0,0,0,0,0,0,0,10,3,65564.8,1
4644744.0,889191.410132,1,0,4644744.0,0,1,0,0,0,1,0,0,0,0,10,2,464474.4,1
127194959.0,25021271.916667,1,0,125647508.0,0,2,0,1,0,0,1,1,1,1,11,4,100.0,1
299563989.0,177889.616667,4,2,299563989.0,0,4,1,1,0,0,1,1,0,1,22,6,1000.0,0
0.0,1.1,1,1,10616375.0,1,1,0,1,0,0,0,0,0,1,4,2,10616.375,0
0.0,63.8,2,2,265181.0,1,2,0,0,0,0,1,1,0,0,11,5,100.0,0
4182.0,767.0,1,0,4182.0,0,1,0,1,0,1,0,0,0,1,13,3,4.182,1
0.0,9.0,4,4,2667428.0,1,4,0,0,0,1,1,1,0,0,5,5,100.0,0
1013228.0,135097.066667,1,0,1013228.0,0,1,0,0,0,0,1,0,0,0,3,0,1000.0,1
559361938.0,102549688.633333,1,0,559361938.0,0,1,0,1,0,0,0,0,0,1,5,2,559361.938,1
0.0,373.0,2,2,4446929.0,1,2,0,0,0,1,1,1,0,0,17,1,100.0,0
2636222.0,352141.166667,1,0,2636222.0,0,1,0,0,0,1,1,0,0,0,7,4,100.0,1
0.0,3.3,3,3,16457766.0,1,3,0,0,0,0,0,1,0,0,20,5,1645776.6,0
71171931.9,9528390.49,1,0,71155063.0,0,1,1,0,0,1,0,0,1,0,6,2,7115506.3,1
0.0,32.2,2,2,6422364.0,1,2,0,0,0,1,1,1,0,0,10,2,100.0,0
35430977.0,6495681.116667,7,1,35430977.0,0,7,1,1,0,1,1,1,0,1,19,3,20.0,1
54072596.0,16689.95,4,3,54072596.0,0,4,0,1,0,1,1,1,0,1,25,5,10.0,0
186946874.0,34273751.866667,1,0,186946874.0,0,1,1,1,0,1,1,0,0,1,3,1,100.0,1
0.0,9804.3,1,1,357036.0,1,1,0,1,0,0,0,0,0,1,4,3,357.036,1
0.0,95698003.5,1,1,86998185.0,1,1,0,1,1,1,1,0,0,1,25,2,10.0,1
0.0,476.3,1,1,206555830.0,1,1,0,0,0,0,0,0,0,1,4,1,20655583.0,0
71114672.0,13037689.866667,1,0,71114672.0,0,1,1,1,0,0,1,0,0,1,21,3,100.0,1
0.0,2646466035.4,2,2,1202939107.0,1,2,0,1,0,0,1,1,0,1,16,3,50.0,0
241013.0,7062454.3,1,1,6179400.0,1,1,0,1,0,1,0,0,1,1,3,2,6179.4,1
211125958.0,9105.3,2,1,211125958.0,0,2,0,1,0,1,1,1,0,1,17,5,1000.0,0
44124788.0,8079283.716667,4,2,44124788.0,0,4,0,1,0,1,1,1,0,1,15,6,10.0,1
0.0,1.1,1,1,1525241.0,1,1,0,0,0,0,1,0,0,0,8,1,1.0,0
0.0,1.1,1,1,374972617.0,1,1,0,0,0,0,1,0,0,0,4,1,1.0,0
263852615.0,48372981.416667,7,2,263852615.0,0,7,0,1,0,1,1,1,0,1,15,7,20.0,1
19543.6,21518.86,1,1,730730.0,1,1,0,0,0,0,0,0,1,0,10,1,73073.0,0
147640349.0,27067397.316667,1,0,147640349.0,0,1,0,1,1,0,1,0,0,1,23,2,100.0,1
20722135.0,3799722.683333,4,0,20722135.0,0,4,1,1,0,1,0,1,0,1,12,3,20722.135,1
0.0,471253.2,1,1,428412.0,1,1,0,1,0,0,1,0,0,1,9,1,10.0,1
0.0,1.1,1,1,13046813.0,1,1,0,0,0,0,1,0,0,0,5,1,1.0,0
0.0,66.0,1,1,1001177.0,1,1,0,0,0,0,0,0,0,1,3,3,100117.7,0
0.0,1.1,1,1,1416998.0,1,1,0,0,0,0,1,0,0,0,1,1,1.0,0
10609553.0,1945631.916667,4,0,10609553.0,0,4,0,1,0,1,0,1,0,1,26,2,10609.553,1
0.0,2700.5,1,1,1101052.0,1,1,0,0,0,0,1,0,0,0,4,1,20.0,1
233713135.0,31161751.333333,1,0,233713135.0,0,1,0,0,0,0,0,0,0,0,26,2,23371313.5,1
6553004.0,1201394.066667,6,5,6553004.0,0,6,0,1,0,1,1,1,0,1,20,1,100.0,1
16404730.8,4013499.73,1,0,16038953.0,0,1,1,1,0,1,0,0,1,1,16,2,16038.953,1
101923931.0,13589857.466667,1,0,101923931.0,0,1,0,0,0,0,0,0,0,0,22,3,10192393.1,0
13597.6,15243.36,1,1,314850.0,1,1,0,0,0,0,1,0,1,0,10,2,100.0,0
0.0,1.1,1,1,815456.0,1,1,0,0,0,0,0,0,0,1,1,3,81545.6,0
0.0,1.2,1,1,146245038.0,1,1,0,0,0,1,1,0,0,0,8,2,10.0,0
582.7,1072.17,1,1,3419863.0,1,1,0,0,0,0,1,0,1,0,2,2,10.0,0
0.0,952542125.7,3,3,288649129.0,1,3,0,0,0,1,1,1,0,0,14,4,20.0,0
166502997.7,46359396.653333,1,0,160745242.0,0,1,0,1,0,1,0,0,1,1,18,0,1607452.42,1
0.0,56.1,1,1,84206178.0,1,1,0,0,0,0,0,0,0,1,1,2,8420617.8,0
0.0,158.4,4,4,1731108529.0,1,4,0,0,0,0,1,1,0,0,8,3,200.0,0
0.0,300.1,1,1,66361583.0,1,1,0,0,0,1,1,0,0,0,6,1,20.0,0
0.0,670.9,1,1,450477.0,1,1,0,0,0,1,1,0,0,0,15,2,10.0,0
30330493.0,5560590.383333,5,1,30330493.0,0,5,0,1,0,0,0,1,0,1,14,7,30330.493,1
0.0,315.1,2,2,544122996.0,1,2,0,0,0,1,1,1,0,0,18,4,50.0,0
213029508.0,21192710.333333,6,4,213029508.0,0,6,0,0,0,1,1,1,0,0,17,6,100.0,1
0.0,1.1,1,1,22664.0,1,1,0,0,0,0,1,0,0,0,10,2,1.0,0
353749510.0,64813555.95,6,2,353749510.0,0,6,0,1,0,1,1,1,0,1,18,1,1000.0,1
857332.0,157177.533333,1,0,857332.0,0,1,0,1,0,0,1,0,0,1,21,1,100.0,1
0.0,28.6,2,2,105563151.0,1,2,0,0,0,0,1,1,0,0,12,4,20.0,0
7746938.0,1420271.966667,1,0,7746938.0,0,1,0,1,0,0,1,0,0,1,21,5,100.0,1
0.0,1.1,1,1,201215723.0,1,1,0,0,0,0,1,0,0,0,5,1,1.0,0
0.0,1012.6,1,1,145120701.0,1,1,0,0,0,1,1,0,0,0,15,4,50.0,0
0.0,1.1,1,1,56600.0,1,1,0,0,0,0,0,0,0,0,8,1,5660.0,0
0.0,4236469.6,1,1,3851336.0,1,1,0,0,0,0,0,0,0,0,13,3,385133.6,0
8361001.0,1575015.433333,1,0,8345672.0,0,2,1,1,0,1,0,1,1,1,5,1,8345.672,1
0.0,69773652.3,1,1,63430593.0,1,1,0,1,0,0,0,0,0,1,12,1,63430.593,1
670026366.0,122838167.1,1,0,670026366.0,0,1,0,1,1,0,1,0,0,1,17,1,100.0,1
5303594.5,898819.883333,1,0,5220258.0,0,1,0,0,0,0,0,0,1,0,3,2,522025.8,1
0.0,1.1,1,1,474715.0,1,1,0,0,0,0,0,0,0,0,11,1,47471.5,0
0.0,1.1,1,1,4095.0,1,1,0,0,0,0,1,0,0,0,8,1,1.0,0
0.0,42.0,1,1,35927.0,1,1,0,0,0,1,0,0,0,0,8,2,3592.7,0
0.0,66.0,5,5,94571744.0,1,5,0,0,0,0,0,1,0,0,9,4,9457174.4,0
187692558.7,46180244.703333,1,0,183412585.0,0,2,0,1,0,1,0,1,1,1,19,3,183412.585,1
0.0,1.1,1,1,14425100.0,1,1,0,0,0,0,1,0,0,0,12,1,1.0,0
12056582.2,1653896.053333,1,0,12039581.0,0,1,0,0,0,1,0,0,1,0,16,2,1203958.1,1
265795098.0,48729115.8,1,0,265795098.0,0,1,0,1,1,1,0,0,0,1,15,4,265795.098,1
0.0,1.2,1,1,161059.0,1,1,0,0,0,1,0,0,0,0,2,1,16105.9,0
0.0,37.4,3,3,1281975912.0,1,3,0,0,0,1,1,1,0,0,15,1,200.0,0
0.0,299.2,4,4,78711851.0,1,4,0,0,0,0,0,1,0,0,14,4,7871185.1,0
293964332.0,53893460.866667,1,0,293964332.0,0,1,0,1,1,0,0,0,0,1,7,2,293964.332,1
241079713.6,69012667.243333,1,0,232056569.0,0,1,1,1,0,1,0,0,1,1,11,5,232056.569,1
0.0,1612.0,2,2,373195202.0,1,2,0,1,0,1,1,1,0,1,14,3,200.0,0
55191829.0,7027914.533333,4,2,55191829.0,0,4,0,0,0,0,0,1,0,0,7,5,5519182.9,1
0.0,16.5,5,5,17548602.0,1,5,0,0,0,0,0,1,0,0,14,4,1754860.2,0
0.0,1.1,1,1,3403151.0,1,1,0,0,0,0,0,0,0,0,2,1,340315.1,0
0.0,27.5,5,5,154479338.0,1,5,0,0,0,0,1,1,0,0,6,5,20.0,0
287801689.2,52902461.57,1,0,287751283.0,0,1,1,1,0,1,0,0,1,1,13,1,287751.283,1
0.0,9874276.5,1,1,8976615.0,1,1,0,0,0,0,0,0,0,0,17,1,897661.5,1
5642797.0,1034512.783333,6,4,5642797.0,0,6,1,1,0,0,1,1,0,1,16,5,10.0,1
0.0,2215.5,5,5,115126726.0,1,5,0,0,0,1,1,1,0,0,4,2,100.0,0
0.0,7071781.2,6,6,1071482.0,1,6,0,0,0,0,1,1,0,0,15,6,1000.0,1
0.0,1.1,1,1,1118039.0,1,1,0,0,0,0,1,0,0,0,11,1,1.0,0
0.0,1000221.2,1,1,909292.0,1,1,0,0,0,1,1,0,0,0,8,1,10.0,0
27444.0,5032.7,2,1,27444.0,0,2,1,1,0,1,1,1,0,1,15,0,10.0,1
150409583.0,27575090.216667,5,1,150409583.0,0,5,0,1,0,0,1,1,0,1,28,3,10.0,1
0.0,33.0,1,1,81972015.0,1,1,0,0,0,0,1,0,0,0,5,2,100.0,0
0.0,325.6,2,2,148.0,1,2,1,1,0,1,1,1,0,1,14,1,0.148,0
0.0,1.1,1,1,166488.0,1,1,0,0,0,0,0,0,0,0,9,2,16648.8,0
37397964.0,26937853.8,1,0,19142000.0,0,2,1,1,0,0,1,1,1,1,11,2,100.0,1
0.0,1388.0,5,5,56528406.0,1,5,0,0,0,1,1,1,0,0,4,1,20.0,0
0.0,6973996.7,1,1,6339997.0,1,1,0,0,0,0,1,0,0,0,7,1,1.0,0
0.0,13.2,1,1,265900295.0,1,1,0,0,0,1,1,0,0,0,18,5,10.0,0
0.0,1.1,1,1,22439.0,1,1,0,0,0,0,1,0,0,0,3,1,1.0,0
340076905.0,62347436.983333,6,2,340076905.0,0,6,1,1,0,1,0,1,0,1,4,2,340076.905,1
0.0,17.6,4,4,2477604810.0,1,4,0,0,0,0,1,1,0,0,6,1,200.0,0
53166.7,78315.27,1,1,18029.0,1,1,0,0,0,0,0,0,1,0,5,3,1802.9,0
1525763.0,203711.666667,1,0,1525763.0,0,1,0,0,0,1,1,0,0,0,3,0,100.0,1
36384844.8,6910776.48,1,0,36298510.0,0,1,1,1,0,1,0,0,1,1,12,5,36298.51,1
1297049.0,238671.816667,1,0,1297049.0,0,1,0,1,0,1,0,0,0,1,15,5,1297.049,1
0.0,1.1,1,1,1049.0,1,1,0,0,0,0,1,0,0,0,7,2,1.0,0
0.0,1.1,1,1,3505966.0,1,1,0,0,0,0,0,0,0,0,6,1,350596.6,0
67719123.0,12594656.25,1,0,67555956.0,0,2,0,1,0,0,1,1,1,1,16,5,100.0,1
408698.6,450125.06,1,1,94259.0,1,1,0,0,0,0,0,0,1,0,6,1,9425.9,0
883575.0,117810.1,1,0,883575.0,0,1,0,0,0,1,1,0,0,0,10,5,10.0,1
11506286.0,16680.35,2,1,11506286.0,0,2,0,1,0,1,1,1,0,1,18,4,10.0,1
0.0,723.8,2,2,147913969.0,1,2,0,0,0,0,1,1,0,0,10,6,200.0,0
0.0,321145248.6,6,6,48658371.0,1,6,0,1,0,1,0,1,0,1,7,7,48658.371,1
380.0,96.066667,1,0,380.0,0,1,0,1,0,1,0,0,0,1,5,0,3.8,0
23541611.0,3646569.148718,1,0,23541611.0,0,1,0,0,0,1,0,0,0,0,8,2,2354161.1,1
5864561.0,855647.690414,1,0,5864561.0,0,1,0,0,0,1,0,0,0,0,33,0,5864561.0,1
0.0,1403.6,2,2,235106984.0,1,2,0,1,0,0,1,1,0,1,3,4,10.0,0
378.2,419.32,1,1,5379482.0,1,1,0,0,0,0,0,0,1,0,6,1,537948.2,0
8071895.0,1479847.416667,1,0,8071895.0,0,1,1,1,0,0,0,0,0,1,14,4,8071.895,1
347900023.0,37909.85,5,4,347900023.0,0,5,1,1,0,0,1,1,0,1,23,2,10.0,0
5624519.0,1031208.816667,1,0,5624519.0,0,1,0,1,0,1,1,0,0,1,8,5,10.0,1
0.0,710572.5,3,3,215325.0,1,3,1,1,0,0,0,1,0,1,16,1,215.325,1
0.0,1.1,1,1,59563.0,1,1,0,0,0,0,1,0,0,0,2,1,1.0,0
0.0,2.4,1,1,90430.0,1,1,0,0,0,1,1,0,0,0,6,4,20.0,0
0.0,55.0,5,5,30910945.0,1,5,0,0,0,0,1,1,0,0,11,5,20.0,0
0.0,957.6,5,5,146315453.0,1,5,0,0,0,1,0,1,0,0,16,4,14631545.3,0
7868448.0,1442548.8,1,0,7868448.0,0,1,0,1,0,0,1,0,0,1,19,5,100.0,1
972.8,35859528.98,1,1,32598599.0,1,1,0,0,0,0,1,0,1,0,10,2,10.0,0
105571213.0,19354732.383333,6,2,105571213.0,0,6,0,1,0,1,1,1,0,1,4,2,100.0,1
2412.2,4325.42,1,1,692186.0,1,1,0,0,0,0,1,0,1,0,6,3,10.0,1
0.0,663.3,1,1,469955893.0,1,1,1,0,0,0,1,0,0,0,3,2,10.0,0
58818761.0,6595.0,5,4,58818761.0,0,5,0,0,0,1,1,1,0,0,9,6,1000.0,0
0.0,542670829.8,6,6,82222853.0,1,6,0,0,0,1,0,1,0,0,9,3,8222285.3,1
7238.0,1332.566667,1,0,7238.0,0,1,1,1,1,1,1,0,0,1,7,3,7.238,1
41164176.0,7492831.866667,4,3,41164176.0,0,4,0,1,0,0,1,1,0,1,18,6,1000.0,1
0.0,379503029.4,6,6,57500459.0,1,6,0,0,0,1,1,1,0,0,15,1,10.0,1
2430.0,467.7,2,1,2430.0,0,2,0,1,0,1,1,1,0,1,10,0,10.0,1
0.0,45.0,4,4,1327919821.0,1,4,1,0,0,1,1,1,0,0,9,5,50.0,0
15738440.0,695.016667,2,1,15738440.0,0,2,0,1,0,0,1,1,0,1,3,1,100.0,0
773988228.0,141897930.2,1,0,773988228.0,0,1,0,1,0,1,1,0,0,1,13,3,100.0,1
321385204.0,42851386.433333,3,0,321385204.0,0,3,0,0,0,1,0,1,0,0,5,5,32138520.4,1
36659746.0,6703880.333333,3,1,36659746.0,0,3,1,1,0,1,1,1,0,1,25,2,1000.0,1
16063843.0,18804963.833333,1,0,915602.0,0,1,0,0,0,1,1,0,1,0,11,2,100.0,1
177186524.0,4885.416667,6,5,177186524.0,0,6,1,1,0,1,0,1,0,1,24,6,177186.524,0
18664.0,3427.933333,3,2,18664.0,0,3,0,1,0,1,1,1,0,1,11,1,10.0,1
5575.0,1022.583333,4,0,5575.0,0,4,0,1,0,1,1,1,0,1,15,1,5.575,1
999420412.0,1099362453.2,1,0,999420412.0,0,1,1,1,1,0,1,0,0,1,12,0,10.0,1
0.0,510772895.6,4,4,116084749.0,1,4,0,0,0,1,1,1,0,0,9,4,20.0,0
131867981.0,24175798.516667,3,0,131867981.0,0,3,1,1,0,1,1,1,0,1,28,5,20.0,1
0.0,4.4,1,1,787234378.0,1,1,0,0,0,0,1,0,0,0,16,1,50.0,0
0.0,2.4,1,1,1294063.0,1,1,0,0,0,1,1,0,0,0,8,3,20.0,0
0.0,31.5,4,4,1651438914.0,1,4,0,1,0,1,1,1,0,1,7,5,200.0,0
0.0,1.1,1,1,70307.0,1,1,0,0,0,0,0,0,0,0,9,1,7030.7,0
171106818.0,34419383.6,1,0,168334274.0,0,2,0,1,0,1,0,1,1,1,12,5,168334.274,1
0.0,245323670.9,1,1,223021519.0,1,1,0,0,0,0,0,0,0,0,29,1,22302151.9,0
0.0,6.6,1,1,152313090.0,1,1,0,0,0,0,1,0,0,0,13,4,20.0,0
389019393.0,5374103.733333,5,2,389019393.0,0,5,0,0,0,0,1,1,0,0,10,7,100.0,1
287128862.7,52715952.62,1,0,287101368.0,0,1,0,1,0,1,0,0,1,1,6,1,287101.368,1
